[0.157s] DEBUG:colcon:Command line arguments: ['/usr/bin/colcon', 'build', '--symlink-install']
[0.157s] DEBUG:colcon:Parsed command line arguments: Namespace(log_base=None, log_level=None, verb_name='build', build_base='build', install_base='install', merge_install=False, symlink_install=True, test_result_base=None, continue_on_error=False, executor='parallel', parallel_workers=8, event_handlers=None, ignore_user_meta=False, metas=['./colcon.meta'], base_paths=['.'], packages_ignore=None, packages_ignore_regex=None, paths=None, packages_up_to=None, packages_up_to_regex=None, packages_above=None, packages_above_and_dependencies=None, packages_above_depth=None, packages_select_by_dep=None, packages_skip_by_dep=None, packages_skip_up_to=None, packages_select_build_failed=False, packages_skip_build_finished=False, packages_select_test_failures=False, packages_skip_test_passed=False, packages_select=None, packages_skip=None, packages_select_regex=None, packages_skip_regex=None, packages_start=None, packages_end=None, allow_overriding=[], cmake_args=None, cmake_target=None, cmake_target_skip_unavailable=False, cmake_clean_cache=False, cmake_clean_first=False, cmake_force_configure=False, ament_cmake_args=None, catkin_cmake_args=None, catkin_skip_building_tests=False, mixin_files=None, mixin=None, verb_parser=<colcon_mixin.mixin.mixin_argument.MixinArgumentDecorator object at 0xffff82b48380>, verb_extension=<colcon_core.verb.build.BuildVerb object at 0xffff82d00b30>, main=<bound method BuildVerb.main of <colcon_core.verb.build.BuildVerb object at 0xffff82d00b30>>, mixin_verb=('build',))
[0.211s] Level 1:colcon.colcon_core.package_discovery:discover_packages(colcon_meta) check parameters
[0.211s] Level 1:colcon.colcon_core.package_discovery:discover_packages(recursive) check parameters
[0.211s] Level 1:colcon.colcon_core.package_discovery:discover_packages(ignore) check parameters
[0.211s] Level 1:colcon.colcon_core.package_discovery:discover_packages(path) check parameters
[0.212s] Level 1:colcon.colcon_core.package_discovery:discover_packages(colcon_meta) discover
[0.212s] Level 1:colcon.colcon_core.package_discovery:discover_packages(recursive) discover
[0.212s] INFO:colcon.colcon_core.package_discovery:Crawling recursively for packages in '/home/ubuntu/rb3302_final_proj_code/robot_ws'
[0.212s] Level 1:colcon.colcon_core.package_identification:_identify(.) by extensions ['ignore', 'ignore_ament_install']
[0.212s] Level 1:colcon.colcon_core.package_identification:_identify(.) by extension 'ignore'
[0.212s] Level 1:colcon.colcon_core.package_identification:_identify(.) by extension 'ignore_ament_install'
[0.212s] Level 1:colcon.colcon_core.package_identification:_identify(.) by extensions ['colcon_pkg']
[0.212s] Level 1:colcon.colcon_core.package_identification:_identify(.) by extension 'colcon_pkg'
[0.212s] Level 1:colcon.colcon_core.package_identification:_identify(.) by extensions ['colcon_meta']
[0.212s] Level 1:colcon.colcon_core.package_identification:_identify(.) by extension 'colcon_meta'
[0.212s] Level 1:colcon.colcon_core.package_identification:_identify(.) by extensions ['ros']
[0.212s] Level 1:colcon.colcon_core.package_identification:_identify(.) by extension 'ros'
[0.248s] Level 1:colcon.colcon_core.package_identification:_identify(.) by extensions ['cmake', 'python']
[0.248s] Level 1:colcon.colcon_core.package_identification:_identify(.) by extension 'cmake'
[0.248s] Level 1:colcon.colcon_core.package_identification:_identify(.) by extension 'python'
[0.248s] Level 1:colcon.colcon_core.package_identification:_identify(.) by extensions ['python_setup_py']
[0.248s] Level 1:colcon.colcon_core.package_identification:_identify(.) by extension 'python_setup_py'
[0.248s] Level 1:colcon.colcon_core.package_identification:_identify(build) by extensions ['ignore', 'ignore_ament_install']
[0.248s] Level 1:colcon.colcon_core.package_identification:_identify(build) by extension 'ignore'
[0.248s] Level 1:colcon.colcon_core.package_identification:_identify(build) ignored
[0.249s] Level 1:colcon.colcon_core.package_identification:_identify(install) by extensions ['ignore', 'ignore_ament_install']
[0.249s] Level 1:colcon.colcon_core.package_identification:_identify(install) by extension 'ignore'
[0.249s] Level 1:colcon.colcon_core.package_identification:_identify(install) ignored
[0.249s] Level 1:colcon.colcon_core.package_identification:_identify(log) by extensions ['ignore', 'ignore_ament_install']
[0.249s] Level 1:colcon.colcon_core.package_identification:_identify(log) by extension 'ignore'
[0.249s] Level 1:colcon.colcon_core.package_identification:_identify(log) ignored
[0.249s] Level 1:colcon.colcon_core.package_identification:_identify(src) by extensions ['ignore', 'ignore_ament_install']
[0.249s] Level 1:colcon.colcon_core.package_identification:_identify(src) by extension 'ignore'
[0.249s] Level 1:colcon.colcon_core.package_identification:_identify(src) by extension 'ignore_ament_install'
[0.250s] Level 1:colcon.colcon_core.package_identification:_identify(src) by extensions ['colcon_pkg']
[0.250s] Level 1:colcon.colcon_core.package_identification:_identify(src) by extension 'colcon_pkg'
[0.250s] Level 1:colcon.colcon_core.package_identification:_identify(src) by extensions ['colcon_meta']
[0.250s] Level 1:colcon.colcon_core.package_identification:_identify(src) by extension 'colcon_meta'
[0.250s] Level 1:colcon.colcon_core.package_identification:_identify(src) by extensions ['ros']
[0.250s] Level 1:colcon.colcon_core.package_identification:_identify(src) by extension 'ros'
[0.250s] Level 1:colcon.colcon_core.package_identification:_identify(src) by extensions ['cmake', 'python']
[0.250s] Level 1:colcon.colcon_core.package_identification:_identify(src) by extension 'cmake'
[0.250s] Level 1:colcon.colcon_core.package_identification:_identify(src) by extension 'python'
[0.250s] Level 1:colcon.colcon_core.package_identification:_identify(src) by extensions ['python_setup_py']
[0.250s] Level 1:colcon.colcon_core.package_identification:_identify(src) by extension 'python_setup_py'
[0.250s] Level 1:colcon.colcon_core.package_identification:_identify(src/robot_init) by extensions ['ignore', 'ignore_ament_install']
[0.250s] Level 1:colcon.colcon_core.package_identification:_identify(src/robot_init) by extension 'ignore'
[0.250s] Level 1:colcon.colcon_core.package_identification:_identify(src/robot_init) by extension 'ignore_ament_install'
[0.251s] Level 1:colcon.colcon_core.package_identification:_identify(src/robot_init) by extensions ['colcon_pkg']
[0.251s] Level 1:colcon.colcon_core.package_identification:_identify(src/robot_init) by extension 'colcon_pkg'
[0.251s] Level 1:colcon.colcon_core.package_identification:_identify(src/robot_init) by extensions ['colcon_meta']
[0.251s] Level 1:colcon.colcon_core.package_identification:_identify(src/robot_init) by extension 'colcon_meta'
[0.251s] Level 1:colcon.colcon_core.package_identification:_identify(src/robot_init) by extensions ['ros']
[0.251s] Level 1:colcon.colcon_core.package_identification:_identify(src/robot_init) by extension 'ros'
[0.254s] DEBUG:colcon.colcon_core.package_identification:Package 'src/robot_init' with type 'ros.ament_cmake' and name 'robot_init'
[0.254s] Level 1:colcon.colcon_core.package_identification:_identify(src/robot_model) by extensions ['ignore', 'ignore_ament_install']
[0.254s] Level 1:colcon.colcon_core.package_identification:_identify(src/robot_model) by extension 'ignore'
[0.254s] Level 1:colcon.colcon_core.package_identification:_identify(src/robot_model) by extension 'ignore_ament_install'
[0.254s] Level 1:colcon.colcon_core.package_identification:_identify(src/robot_model) by extensions ['colcon_pkg']
[0.254s] Level 1:colcon.colcon_core.package_identification:_identify(src/robot_model) by extension 'colcon_pkg'
[0.254s] Level 1:colcon.colcon_core.package_identification:_identify(src/robot_model) by extensions ['colcon_meta']
[0.255s] Level 1:colcon.colcon_core.package_identification:_identify(src/robot_model) by extension 'colcon_meta'
[0.255s] Level 1:colcon.colcon_core.package_identification:_identify(src/robot_model) by extensions ['ros']
[0.255s] Level 1:colcon.colcon_core.package_identification:_identify(src/robot_model) by extension 'ros'
[0.255s] DEBUG:colcon.colcon_core.package_identification:Package 'src/robot_model' with type 'ros.ament_cmake' and name 'robot_model'
[0.255s] Level 1:colcon.colcon_core.package_identification:_identify(src/rplidar_ros) by extensions ['ignore', 'ignore_ament_install']
[0.255s] Level 1:colcon.colcon_core.package_identification:_identify(src/rplidar_ros) by extension 'ignore'
[0.256s] Level 1:colcon.colcon_core.package_identification:_identify(src/rplidar_ros) by extension 'ignore_ament_install'
[0.256s] Level 1:colcon.colcon_core.package_identification:_identify(src/rplidar_ros) by extensions ['colcon_pkg']
[0.256s] Level 1:colcon.colcon_core.package_identification:_identify(src/rplidar_ros) by extension 'colcon_pkg'
[0.256s] Level 1:colcon.colcon_core.package_identification:_identify(src/rplidar_ros) by extensions ['colcon_meta']
[0.256s] Level 1:colcon.colcon_core.package_identification:_identify(src/rplidar_ros) by extension 'colcon_meta'
[0.256s] Level 1:colcon.colcon_core.package_identification:_identify(src/rplidar_ros) by extensions ['ros']
[0.256s] Level 1:colcon.colcon_core.package_identification:_identify(src/rplidar_ros) by extension 'ros'
[0.256s] DEBUG:colcon.colcon_core.package_identification:Package 'src/rplidar_ros' with type 'ros.ament_cmake' and name 'rplidar_ros'
[0.257s] Level 1:colcon.colcon_core.package_identification:_identify(src/serial) by extensions ['ignore', 'ignore_ament_install']
[0.257s] Level 1:colcon.colcon_core.package_identification:_identify(src/serial) by extension 'ignore'
[0.257s] Level 1:colcon.colcon_core.package_identification:_identify(src/serial) by extension 'ignore_ament_install'
[0.257s] Level 1:colcon.colcon_core.package_identification:_identify(src/serial) by extensions ['colcon_pkg']
[0.257s] Level 1:colcon.colcon_core.package_identification:_identify(src/serial) by extension 'colcon_pkg'
[0.257s] Level 1:colcon.colcon_core.package_identification:_identify(src/serial) by extensions ['colcon_meta']
[0.257s] Level 1:colcon.colcon_core.package_identification:_identify(src/serial) by extension 'colcon_meta'
[0.257s] Level 1:colcon.colcon_core.package_identification:_identify(src/serial) by extensions ['ros']
[0.257s] Level 1:colcon.colcon_core.package_identification:_identify(src/serial) by extension 'ros'
[0.258s] DEBUG:colcon.colcon_core.package_identification:Package 'src/serial' with type 'ros.ament_cmake' and name 'serial'
[0.258s] Level 1:colcon.colcon_core.package_identification:_identify(src/waverover_base) by extensions ['ignore', 'ignore_ament_install']
[0.258s] Level 1:colcon.colcon_core.package_identification:_identify(src/waverover_base) by extension 'ignore'
[0.258s] Level 1:colcon.colcon_core.package_identification:_identify(src/waverover_base) by extension 'ignore_ament_install'
[0.258s] Level 1:colcon.colcon_core.package_identification:_identify(src/waverover_base) by extensions ['colcon_pkg']
[0.258s] Level 1:colcon.colcon_core.package_identification:_identify(src/waverover_base) by extension 'colcon_pkg'
[0.258s] Level 1:colcon.colcon_core.package_identification:_identify(src/waverover_base) by extensions ['colcon_meta']
[0.258s] Level 1:colcon.colcon_core.package_identification:_identify(src/waverover_base) by extension 'colcon_meta'
[0.258s] Level 1:colcon.colcon_core.package_identification:_identify(src/waverover_base) by extensions ['ros']
[0.259s] Level 1:colcon.colcon_core.package_identification:_identify(src/waverover_base) by extension 'ros'
[0.259s] DEBUG:colcon.colcon_core.package_identification:Package 'src/waverover_base' with type 'ros.ament_python' and name 'waverover_base'
[0.260s] Level 1:colcon.colcon_core.package_identification:_identify(src/yesense_interface) by extensions ['ignore', 'ignore_ament_install']
[0.260s] Level 1:colcon.colcon_core.package_identification:_identify(src/yesense_interface) by extension 'ignore'
[0.260s] Level 1:colcon.colcon_core.package_identification:_identify(src/yesense_interface) by extension 'ignore_ament_install'
[0.260s] Level 1:colcon.colcon_core.package_identification:_identify(src/yesense_interface) by extensions ['colcon_pkg']
[0.260s] Level 1:colcon.colcon_core.package_identification:_identify(src/yesense_interface) by extension 'colcon_pkg'
[0.260s] Level 1:colcon.colcon_core.package_identification:_identify(src/yesense_interface) by extensions ['colcon_meta']
[0.260s] Level 1:colcon.colcon_core.package_identification:_identify(src/yesense_interface) by extension 'colcon_meta'
[0.260s] Level 1:colcon.colcon_core.package_identification:_identify(src/yesense_interface) by extensions ['ros']
[0.260s] Level 1:colcon.colcon_core.package_identification:_identify(src/yesense_interface) by extension 'ros'
[0.261s] DEBUG:colcon.colcon_core.package_identification:Package 'src/yesense_interface' with type 'ros.ament_cmake' and name 'yesense_interface'
[0.261s] Level 1:colcon.colcon_core.package_identification:_identify(src/yesense_std_ros2) by extensions ['ignore', 'ignore_ament_install']
[0.261s] Level 1:colcon.colcon_core.package_identification:_identify(src/yesense_std_ros2) by extension 'ignore'
[0.261s] Level 1:colcon.colcon_core.package_identification:_identify(src/yesense_std_ros2) by extension 'ignore_ament_install'
[0.261s] Level 1:colcon.colcon_core.package_identification:_identify(src/yesense_std_ros2) by extensions ['colcon_pkg']
[0.261s] Level 1:colcon.colcon_core.package_identification:_identify(src/yesense_std_ros2) by extension 'colcon_pkg'
[0.261s] Level 1:colcon.colcon_core.package_identification:_identify(src/yesense_std_ros2) by extensions ['colcon_meta']
[0.261s] Level 1:colcon.colcon_core.package_identification:_identify(src/yesense_std_ros2) by extension 'colcon_meta'
[0.261s] Level 1:colcon.colcon_core.package_identification:_identify(src/yesense_std_ros2) by extensions ['ros']
[0.261s] Level 1:colcon.colcon_core.package_identification:_identify(src/yesense_std_ros2) by extension 'ros'
[0.262s] DEBUG:colcon.colcon_core.package_identification:Package 'src/yesense_std_ros2' with type 'ros.ament_cmake' and name 'yesense_std_ros2'
[0.262s] Level 1:colcon.colcon_core.package_discovery:discover_packages(recursive) using defaults
[0.262s] Level 1:colcon.colcon_core.package_discovery:discover_packages(ignore) discover
[0.262s] Level 1:colcon.colcon_core.package_discovery:discover_packages(ignore) using defaults
[0.262s] Level 1:colcon.colcon_core.package_discovery:discover_packages(path) discover
[0.262s] Level 1:colcon.colcon_core.package_discovery:discover_packages(path) using defaults
[0.288s] Level 1:colcon.colcon_core.package_discovery:discover_packages(prefix_path) check parameters
[0.288s] Level 1:colcon.colcon_core.package_discovery:discover_packages(prefix_path) discover
[0.291s] DEBUG:colcon.colcon_installed_package_information.package_discovery:Found 7 installed packages in /home/ubuntu/rb3302_final_proj_code/robot_ws/install
[0.293s] DEBUG:colcon.colcon_installed_package_information.package_discovery:Found 386 installed packages in /opt/ros/jazzy
[0.295s] Level 1:colcon.colcon_core.package_discovery:discover_packages(prefix_path) using defaults
[0.369s] Level 5:colcon.colcon_core.verb:set package 'robot_model' build argument 'cmake_args' from command line to 'None'
[0.369s] Level 5:colcon.colcon_core.verb:set package 'robot_model' build argument 'cmake_target' from command line to 'None'
[0.369s] Level 5:colcon.colcon_core.verb:set package 'robot_model' build argument 'cmake_target_skip_unavailable' from command line to 'False'
[0.369s] Level 5:colcon.colcon_core.verb:set package 'robot_model' build argument 'cmake_clean_cache' from command line to 'False'
[0.369s] Level 5:colcon.colcon_core.verb:set package 'robot_model' build argument 'cmake_clean_first' from command line to 'False'
[0.369s] Level 5:colcon.colcon_core.verb:set package 'robot_model' build argument 'cmake_force_configure' from command line to 'False'
[0.369s] Level 5:colcon.colcon_core.verb:set package 'robot_model' build argument 'ament_cmake_args' from command line to 'None'
[0.369s] Level 5:colcon.colcon_core.verb:set package 'robot_model' build argument 'catkin_cmake_args' from command line to 'None'
[0.369s] Level 5:colcon.colcon_core.verb:set package 'robot_model' build argument 'catkin_skip_building_tests' from command line to 'False'
[0.369s] DEBUG:colcon.colcon_core.verb:Building package 'robot_model' with the following arguments: {'ament_cmake_args': None, 'build_base': '/home/ubuntu/rb3302_final_proj_code/robot_ws/build/robot_model', 'catkin_cmake_args': None, 'catkin_skip_building_tests': False, 'cmake_args': None, 'cmake_clean_cache': False, 'cmake_clean_first': False, 'cmake_force_configure': False, 'cmake_target': None, 'cmake_target_skip_unavailable': False, 'install_base': '/home/ubuntu/rb3302_final_proj_code/robot_ws/install/robot_model', 'merge_install': False, 'path': '/home/ubuntu/rb3302_final_proj_code/robot_ws/src/robot_model', 'symlink_install': True, 'test_result_base': None}
[0.369s] Level 5:colcon.colcon_core.verb:set package 'rplidar_ros' build argument 'cmake_args' from command line to 'None'
[0.369s] Level 5:colcon.colcon_core.verb:set package 'rplidar_ros' build argument 'cmake_target' from command line to 'None'
[0.370s] Level 5:colcon.colcon_core.verb:set package 'rplidar_ros' build argument 'cmake_target_skip_unavailable' from command line to 'False'
[0.370s] Level 5:colcon.colcon_core.verb:set package 'rplidar_ros' build argument 'cmake_clean_cache' from command line to 'False'
[0.370s] Level 5:colcon.colcon_core.verb:set package 'rplidar_ros' build argument 'cmake_clean_first' from command line to 'False'
[0.370s] Level 5:colcon.colcon_core.verb:set package 'rplidar_ros' build argument 'cmake_force_configure' from command line to 'False'
[0.370s] Level 5:colcon.colcon_core.verb:set package 'rplidar_ros' build argument 'ament_cmake_args' from command line to 'None'
[0.370s] Level 5:colcon.colcon_core.verb:set package 'rplidar_ros' build argument 'catkin_cmake_args' from command line to 'None'
[0.370s] Level 5:colcon.colcon_core.verb:set package 'rplidar_ros' build argument 'catkin_skip_building_tests' from command line to 'False'
[0.370s] DEBUG:colcon.colcon_core.verb:Building package 'rplidar_ros' with the following arguments: {'ament_cmake_args': None, 'build_base': '/home/ubuntu/rb3302_final_proj_code/robot_ws/build/rplidar_ros', 'catkin_cmake_args': None, 'catkin_skip_building_tests': False, 'cmake_args': None, 'cmake_clean_cache': False, 'cmake_clean_first': False, 'cmake_force_configure': False, 'cmake_target': None, 'cmake_target_skip_unavailable': False, 'install_base': '/home/ubuntu/rb3302_final_proj_code/robot_ws/install/rplidar_ros', 'merge_install': False, 'path': '/home/ubuntu/rb3302_final_proj_code/robot_ws/src/rplidar_ros', 'symlink_install': True, 'test_result_base': None}
[0.370s] Level 5:colcon.colcon_core.verb:set package 'serial' build argument 'cmake_args' from command line to 'None'
[0.370s] Level 5:colcon.colcon_core.verb:set package 'serial' build argument 'cmake_target' from command line to 'None'
[0.370s] Level 5:colcon.colcon_core.verb:set package 'serial' build argument 'cmake_target_skip_unavailable' from command line to 'False'
[0.370s] Level 5:colcon.colcon_core.verb:set package 'serial' build argument 'cmake_clean_cache' from command line to 'False'
[0.370s] Level 5:colcon.colcon_core.verb:set package 'serial' build argument 'cmake_clean_first' from command line to 'False'
[0.370s] Level 5:colcon.colcon_core.verb:set package 'serial' build argument 'cmake_force_configure' from command line to 'False'
[0.370s] Level 5:colcon.colcon_core.verb:set package 'serial' build argument 'ament_cmake_args' from command line to 'None'
[0.370s] Level 5:colcon.colcon_core.verb:set package 'serial' build argument 'catkin_cmake_args' from command line to 'None'
[0.370s] Level 5:colcon.colcon_core.verb:set package 'serial' build argument 'catkin_skip_building_tests' from command line to 'False'
[0.370s] DEBUG:colcon.colcon_core.verb:Building package 'serial' with the following arguments: {'ament_cmake_args': None, 'build_base': '/home/ubuntu/rb3302_final_proj_code/robot_ws/build/serial', 'catkin_cmake_args': None, 'catkin_skip_building_tests': False, 'cmake_args': None, 'cmake_clean_cache': False, 'cmake_clean_first': False, 'cmake_force_configure': False, 'cmake_target': None, 'cmake_target_skip_unavailable': False, 'install_base': '/home/ubuntu/rb3302_final_proj_code/robot_ws/install/serial', 'merge_install': False, 'path': '/home/ubuntu/rb3302_final_proj_code/robot_ws/src/serial', 'symlink_install': True, 'test_result_base': None}
[0.371s] Level 5:colcon.colcon_core.verb:set package 'waverover_base' build argument 'cmake_args' from command line to 'None'
[0.371s] Level 5:colcon.colcon_core.verb:set package 'waverover_base' build argument 'cmake_target' from command line to 'None'
[0.371s] Level 5:colcon.colcon_core.verb:set package 'waverover_base' build argument 'cmake_target_skip_unavailable' from command line to 'False'
[0.371s] Level 5:colcon.colcon_core.verb:set package 'waverover_base' build argument 'cmake_clean_cache' from command line to 'False'
[0.371s] Level 5:colcon.colcon_core.verb:set package 'waverover_base' build argument 'cmake_clean_first' from command line to 'False'
[0.371s] Level 5:colcon.colcon_core.verb:set package 'waverover_base' build argument 'cmake_force_configure' from command line to 'False'
[0.371s] Level 5:colcon.colcon_core.verb:set package 'waverover_base' build argument 'ament_cmake_args' from command line to 'None'
[0.371s] Level 5:colcon.colcon_core.verb:set package 'waverover_base' build argument 'catkin_cmake_args' from command line to 'None'
[0.371s] Level 5:colcon.colcon_core.verb:set package 'waverover_base' build argument 'catkin_skip_building_tests' from command line to 'False'
[0.371s] DEBUG:colcon.colcon_core.verb:Building package 'waverover_base' with the following arguments: {'ament_cmake_args': None, 'build_base': '/home/ubuntu/rb3302_final_proj_code/robot_ws/build/waverover_base', 'catkin_cmake_args': None, 'catkin_skip_building_tests': False, 'cmake_args': None, 'cmake_clean_cache': False, 'cmake_clean_first': False, 'cmake_force_configure': False, 'cmake_target': None, 'cmake_target_skip_unavailable': False, 'install_base': '/home/ubuntu/rb3302_final_proj_code/robot_ws/install/waverover_base', 'merge_install': False, 'path': '/home/ubuntu/rb3302_final_proj_code/robot_ws/src/waverover_base', 'symlink_install': True, 'test_result_base': None}
[0.371s] Level 5:colcon.colcon_core.verb:set package 'yesense_interface' build argument 'cmake_args' from command line to 'None'
[0.371s] Level 5:colcon.colcon_core.verb:set package 'yesense_interface' build argument 'cmake_target' from command line to 'None'
[0.371s] Level 5:colcon.colcon_core.verb:set package 'yesense_interface' build argument 'cmake_target_skip_unavailable' from command line to 'False'
[0.371s] Level 5:colcon.colcon_core.verb:set package 'yesense_interface' build argument 'cmake_clean_cache' from command line to 'False'
[0.371s] Level 5:colcon.colcon_core.verb:set package 'yesense_interface' build argument 'cmake_clean_first' from command line to 'False'
[0.371s] Level 5:colcon.colcon_core.verb:set package 'yesense_interface' build argument 'cmake_force_configure' from command line to 'False'
[0.371s] Level 5:colcon.colcon_core.verb:set package 'yesense_interface' build argument 'ament_cmake_args' from command line to 'None'
[0.371s] Level 5:colcon.colcon_core.verb:set package 'yesense_interface' build argument 'catkin_cmake_args' from command line to 'None'
[0.371s] Level 5:colcon.colcon_core.verb:set package 'yesense_interface' build argument 'catkin_skip_building_tests' from command line to 'False'
[0.371s] DEBUG:colcon.colcon_core.verb:Building package 'yesense_interface' with the following arguments: {'ament_cmake_args': None, 'build_base': '/home/ubuntu/rb3302_final_proj_code/robot_ws/build/yesense_interface', 'catkin_cmake_args': None, 'catkin_skip_building_tests': False, 'cmake_args': None, 'cmake_clean_cache': False, 'cmake_clean_first': False, 'cmake_force_configure': False, 'cmake_target': None, 'cmake_target_skip_unavailable': False, 'install_base': '/home/ubuntu/rb3302_final_proj_code/robot_ws/install/yesense_interface', 'merge_install': False, 'path': '/home/ubuntu/rb3302_final_proj_code/robot_ws/src/yesense_interface', 'symlink_install': True, 'test_result_base': None}
[0.372s] Level 5:colcon.colcon_core.verb:set package 'yesense_std_ros2' build argument 'cmake_args' from command line to 'None'
[0.372s] Level 5:colcon.colcon_core.verb:set package 'yesense_std_ros2' build argument 'cmake_target' from command line to 'None'
[0.372s] Level 5:colcon.colcon_core.verb:set package 'yesense_std_ros2' build argument 'cmake_target_skip_unavailable' from command line to 'False'
[0.372s] Level 5:colcon.colcon_core.verb:set package 'yesense_std_ros2' build argument 'cmake_clean_cache' from command line to 'False'
[0.372s] Level 5:colcon.colcon_core.verb:set package 'yesense_std_ros2' build argument 'cmake_clean_first' from command line to 'False'
[0.372s] Level 5:colcon.colcon_core.verb:set package 'yesense_std_ros2' build argument 'cmake_force_configure' from command line to 'False'
[0.372s] Level 5:colcon.colcon_core.verb:set package 'yesense_std_ros2' build argument 'ament_cmake_args' from command line to 'None'
[0.372s] Level 5:colcon.colcon_core.verb:set package 'yesense_std_ros2' build argument 'catkin_cmake_args' from command line to 'None'
[0.372s] Level 5:colcon.colcon_core.verb:set package 'yesense_std_ros2' build argument 'catkin_skip_building_tests' from command line to 'False'
[0.372s] DEBUG:colcon.colcon_core.verb:Building package 'yesense_std_ros2' with the following arguments: {'ament_cmake_args': None, 'build_base': '/home/ubuntu/rb3302_final_proj_code/robot_ws/build/yesense_std_ros2', 'catkin_cmake_args': None, 'catkin_skip_building_tests': False, 'cmake_args': None, 'cmake_clean_cache': False, 'cmake_clean_first': False, 'cmake_force_configure': False, 'cmake_target': None, 'cmake_target_skip_unavailable': False, 'install_base': '/home/ubuntu/rb3302_final_proj_code/robot_ws/install/yesense_std_ros2', 'merge_install': False, 'path': '/home/ubuntu/rb3302_final_proj_code/robot_ws/src/yesense_std_ros2', 'symlink_install': True, 'test_result_base': None}
[0.372s] Level 5:colcon.colcon_core.verb:set package 'robot_init' build argument 'cmake_args' from command line to 'None'
[0.372s] Level 5:colcon.colcon_core.verb:set package 'robot_init' build argument 'cmake_target' from command line to 'None'
[0.372s] Level 5:colcon.colcon_core.verb:set package 'robot_init' build argument 'cmake_target_skip_unavailable' from command line to 'False'
[0.372s] Level 5:colcon.colcon_core.verb:set package 'robot_init' build argument 'cmake_clean_cache' from command line to 'False'
[0.372s] Level 5:colcon.colcon_core.verb:set package 'robot_init' build argument 'cmake_clean_first' from command line to 'False'
[0.373s] Level 5:colcon.colcon_core.verb:set package 'robot_init' build argument 'cmake_force_configure' from command line to 'False'
[0.373s] Level 5:colcon.colcon_core.verb:set package 'robot_init' build argument 'ament_cmake_args' from command line to 'None'
[0.373s] Level 5:colcon.colcon_core.verb:set package 'robot_init' build argument 'catkin_cmake_args' from command line to 'None'
[0.373s] Level 5:colcon.colcon_core.verb:set package 'robot_init' build argument 'catkin_skip_building_tests' from command line to 'False'
[0.373s] DEBUG:colcon.colcon_core.verb:Building package 'robot_init' with the following arguments: {'ament_cmake_args': None, 'build_base': '/home/ubuntu/rb3302_final_proj_code/robot_ws/build/robot_init', 'catkin_cmake_args': None, 'catkin_skip_building_tests': False, 'cmake_args': None, 'cmake_clean_cache': False, 'cmake_clean_first': False, 'cmake_force_configure': False, 'cmake_target': None, 'cmake_target_skip_unavailable': False, 'install_base': '/home/ubuntu/rb3302_final_proj_code/robot_ws/install/robot_init', 'merge_install': False, 'path': '/home/ubuntu/rb3302_final_proj_code/robot_ws/src/robot_init', 'symlink_install': True, 'test_result_base': None}
[0.373s] INFO:colcon.colcon_core.executor:Executing jobs using 'parallel' executor
[0.374s] DEBUG:colcon.colcon_parallel_executor.executor.parallel:run_until_complete
[0.375s] INFO:colcon.colcon_ros.task.ament_cmake.build:Building ROS package in '/home/ubuntu/rb3302_final_proj_code/robot_ws/src/serial' with build type 'ament_cmake'
[0.375s] INFO:colcon.colcon_cmake.task.cmake.build:Building CMake package in '/home/ubuntu/rb3302_final_proj_code/robot_ws/src/serial'
[0.379s] INFO:colcon.colcon_core.plugin_system:Skipping extension 'colcon_core.shell.bat': Not used on non-Windows systems
[0.380s] INFO:colcon.colcon_core.shell:Skip shell extension 'powershell' for command environment: Not usable outside of PowerShell
[0.380s] DEBUG:colcon.colcon_core.shell:Skip shell extension 'dsv' for command environment
[0.395s] INFO:colcon.colcon_ros.task.ament_cmake.build:Building ROS package in '/home/ubuntu/rb3302_final_proj_code/robot_ws/src/yesense_interface' with build type 'ament_cmake'
[0.395s] INFO:colcon.colcon_cmake.task.cmake.build:Building CMake package in '/home/ubuntu/rb3302_final_proj_code/robot_ws/src/yesense_interface'
[0.395s] INFO:colcon.colcon_core.shell:Skip shell extension 'powershell' for command environment: Not usable outside of PowerShell
[0.395s] DEBUG:colcon.colcon_core.shell:Skip shell extension 'dsv' for command environment
[0.402s] INFO:colcon.colcon_ros.task.ament_cmake.build:Building ROS package in '/home/ubuntu/rb3302_final_proj_code/robot_ws/src/robot_model' with build type 'ament_cmake'
[0.402s] INFO:colcon.colcon_cmake.task.cmake.build:Building CMake package in '/home/ubuntu/rb3302_final_proj_code/robot_ws/src/robot_model'
[0.402s] INFO:colcon.colcon_core.shell:Skip shell extension 'powershell' for command environment: Not usable outside of PowerShell
[0.402s] DEBUG:colcon.colcon_core.shell:Skip shell extension 'dsv' for command environment
[0.408s] INFO:colcon.colcon_ros.task.ament_cmake.build:Building ROS package in '/home/ubuntu/rb3302_final_proj_code/robot_ws/src/rplidar_ros' with build type 'ament_cmake'
[0.408s] INFO:colcon.colcon_cmake.task.cmake.build:Building CMake package in '/home/ubuntu/rb3302_final_proj_code/robot_ws/src/rplidar_ros'
[0.409s] INFO:colcon.colcon_core.shell:Skip shell extension 'powershell' for command environment: Not usable outside of PowerShell
[0.409s] DEBUG:colcon.colcon_core.shell:Skip shell extension 'dsv' for command environment
[0.414s] INFO:colcon.colcon_ros.task.ament_python.build:Building ROS package in '/home/ubuntu/rb3302_final_proj_code/robot_ws/src/waverover_base' with build type 'ament_python'
[0.415s] Level 1:colcon.colcon_core.shell:create_environment_hook('waverover_base', 'ament_prefix_path')
[0.415s] INFO:colcon.colcon_core.shell:Creating environment hook '/home/ubuntu/rb3302_final_proj_code/robot_ws/install/waverover_base/share/waverover_base/hook/ament_prefix_path.ps1'
[0.416s] INFO:colcon.colcon_core.shell:Creating environment descriptor '/home/ubuntu/rb3302_final_proj_code/robot_ws/install/waverover_base/share/waverover_base/hook/ament_prefix_path.dsv'
[0.416s] INFO:colcon.colcon_core.shell:Creating environment hook '/home/ubuntu/rb3302_final_proj_code/robot_ws/install/waverover_base/share/waverover_base/hook/ament_prefix_path.sh'
[0.417s] INFO:colcon.colcon_core.shell:Skip shell extension 'powershell' for command environment: Not usable outside of PowerShell
[0.417s] DEBUG:colcon.colcon_core.shell:Skip shell extension 'dsv' for command environment
[0.437s] DEBUG:colcon.colcon_core.event_handler.log_command:Invoking command in '/home/ubuntu/rb3302_final_proj_code/robot_ws/build/serial': CMAKE_PREFIX_PATH=${CMAKE_PREFIX_PATH}:/opt/ros/jazzy:/home/ubuntu/rb3302_final_proj_code/robot_ws/install/waverover_base /usr/bin/cmake --build /home/ubuntu/rb3302_final_proj_code/robot_ws/build/serial -- -j8 -l8
[0.443s] DEBUG:colcon.colcon_core.event_handler.log_command:Invoking command in '/home/ubuntu/rb3302_final_proj_code/robot_ws/build/yesense_interface': CMAKE_PREFIX_PATH=${CMAKE_PREFIX_PATH}:/opt/ros/jazzy:/home/ubuntu/rb3302_final_proj_code/robot_ws/install/waverover_base /usr/bin/cmake --build /home/ubuntu/rb3302_final_proj_code/robot_ws/build/yesense_interface -- -j8 -l8
[0.448s] DEBUG:colcon.colcon_core.event_handler.log_command:Invoking command in '/home/ubuntu/rb3302_final_proj_code/robot_ws/build/robot_model': CMAKE_PREFIX_PATH=${CMAKE_PREFIX_PATH}:/opt/ros/jazzy:/home/ubuntu/rb3302_final_proj_code/robot_ws/install/waverover_base /usr/bin/cmake --build /home/ubuntu/rb3302_final_proj_code/robot_ws/build/robot_model -- -j8 -l8
[0.458s] DEBUG:colcon.colcon_core.event_handler.log_command:Invoking command in '/home/ubuntu/rb3302_final_proj_code/robot_ws/build/rplidar_ros': CMAKE_PREFIX_PATH=${CMAKE_PREFIX_PATH}:/opt/ros/jazzy:/home/ubuntu/rb3302_final_proj_code/robot_ws/install/waverover_base /usr/bin/cmake --build /home/ubuntu/rb3302_final_proj_code/robot_ws/build/rplidar_ros -- -j8 -l8
[0.882s] INFO:colcon.colcon_core.task.python.build:Building Python package in '/home/ubuntu/rb3302_final_proj_code/robot_ws/src/waverover_base'
[0.883s] INFO:colcon.colcon_core.shell:Skip shell extension 'powershell' for command environment: Not usable outside of PowerShell
[0.883s] DEBUG:colcon.colcon_core.shell:Skip shell extension 'dsv' for command environment
[0.896s] DEBUG:colcon.colcon_core.event_handler.log_command:Invoked command in '/home/ubuntu/rb3302_final_proj_code/robot_ws/build/robot_model' returned '0': CMAKE_PREFIX_PATH=${CMAKE_PREFIX_PATH}:/opt/ros/jazzy:/home/ubuntu/rb3302_final_proj_code/robot_ws/install/waverover_base /usr/bin/cmake --build /home/ubuntu/rb3302_final_proj_code/robot_ws/build/robot_model -- -j8 -l8
[0.926s] DEBUG:colcon.colcon_core.event_handler.log_command:Invoking command in '/home/ubuntu/rb3302_final_proj_code/robot_ws/build/robot_model': CMAKE_PREFIX_PATH=${CMAKE_PREFIX_PATH}:/opt/ros/jazzy:/home/ubuntu/rb3302_final_proj_code/robot_ws/install/waverover_base /usr/bin/cmake --install /home/ubuntu/rb3302_final_proj_code/robot_ws/build/robot_model
[0.927s] DEBUG:colcon.colcon_core.event_handler.log_command:Invoked command in '/home/ubuntu/rb3302_final_proj_code/robot_ws/build/rplidar_ros' returned '0': CMAKE_PREFIX_PATH=${CMAKE_PREFIX_PATH}:/opt/ros/jazzy:/home/ubuntu/rb3302_final_proj_code/robot_ws/install/waverover_base /usr/bin/cmake --build /home/ubuntu/rb3302_final_proj_code/robot_ws/build/rplidar_ros -- -j8 -l8
[0.928s] DEBUG:colcon.colcon_core.event_handler.log_command:Invoking command in '/home/ubuntu/rb3302_final_proj_code/robot_ws/build/rplidar_ros': CMAKE_PREFIX_PATH=${CMAKE_PREFIX_PATH}:/opt/ros/jazzy:/home/ubuntu/rb3302_final_proj_code/robot_ws/install/waverover_base /usr/bin/cmake --install /home/ubuntu/rb3302_final_proj_code/robot_ws/build/rplidar_ros
[0.930s] DEBUG:colcon.colcon_core.event_handler.log_command:Invoked command in '/home/ubuntu/rb3302_final_proj_code/robot_ws/build/serial' returned '0': CMAKE_PREFIX_PATH=${CMAKE_PREFIX_PATH}:/opt/ros/jazzy:/home/ubuntu/rb3302_final_proj_code/robot_ws/install/waverover_base /usr/bin/cmake --build /home/ubuntu/rb3302_final_proj_code/robot_ws/build/serial -- -j8 -l8
[0.931s] DEBUG:colcon.colcon_core.event_handler.log_command:Invoking command in '/home/ubuntu/rb3302_final_proj_code/robot_ws/build/serial': CMAKE_PREFIX_PATH=${CMAKE_PREFIX_PATH}:/opt/ros/jazzy:/home/ubuntu/rb3302_final_proj_code/robot_ws/install/waverover_base /usr/bin/cmake --install /home/ubuntu/rb3302_final_proj_code/robot_ws/build/serial
[0.982s] Level 1:colcon.colcon_core.environment:create_environment_scripts_only(serial)
[0.986s] DEBUG:colcon.colcon_core.event_handler.log_command:Invoked command in '/home/ubuntu/rb3302_final_proj_code/robot_ws/build/serial' returned '0': CMAKE_PREFIX_PATH=${CMAKE_PREFIX_PATH}:/opt/ros/jazzy:/home/ubuntu/rb3302_final_proj_code/robot_ws/install/waverover_base /usr/bin/cmake --install /home/ubuntu/rb3302_final_proj_code/robot_ws/build/serial
[0.999s] Level 1:colcon.colcon_core.environment:checking '/home/ubuntu/rb3302_final_proj_code/robot_ws/install/serial' for CMake module files
[1.003s] Level 1:colcon.colcon_core.environment:checking '/home/ubuntu/rb3302_final_proj_code/robot_ws/install/serial' for CMake config files
[1.005s] Level 1:colcon.colcon_core.shell:create_environment_hook('serial', 'cmake_prefix_path')
[1.006s] INFO:colcon.colcon_core.shell:Creating environment hook '/home/ubuntu/rb3302_final_proj_code/robot_ws/install/serial/share/serial/hook/cmake_prefix_path.ps1'
[1.008s] INFO:colcon.colcon_core.shell:Creating environment descriptor '/home/ubuntu/rb3302_final_proj_code/robot_ws/install/serial/share/serial/hook/cmake_prefix_path.dsv'
[1.010s] INFO:colcon.colcon_core.shell:Creating environment hook '/home/ubuntu/rb3302_final_proj_code/robot_ws/install/serial/share/serial/hook/cmake_prefix_path.sh'
[1.014s] Level 1:colcon.colcon_core.environment:checking '/home/ubuntu/rb3302_final_proj_code/robot_ws/install/serial/lib'
[1.015s] Level 1:colcon.colcon_core.environment:checking '/home/ubuntu/rb3302_final_proj_code/robot_ws/install/serial/bin'
[1.015s] Level 1:colcon.colcon_core.environment:checking '/home/ubuntu/rb3302_final_proj_code/robot_ws/install/serial/lib/pkgconfig/serial.pc'
[1.016s] Level 1:colcon.colcon_core.environment:checking '/home/ubuntu/rb3302_final_proj_code/robot_ws/install/serial/lib/python3.12/site-packages'
[1.018s] Level 1:colcon.colcon_core.environment:checking '/home/ubuntu/rb3302_final_proj_code/robot_ws/install/serial/bin'
[1.020s] INFO:colcon.colcon_core.shell:Creating package script '/home/ubuntu/rb3302_final_proj_code/robot_ws/install/serial/share/serial/package.ps1'
[1.026s] INFO:colcon.colcon_core.shell:Creating package descriptor '/home/ubuntu/rb3302_final_proj_code/robot_ws/install/serial/share/serial/package.dsv'
[1.030s] INFO:colcon.colcon_core.shell:Creating package script '/home/ubuntu/rb3302_final_proj_code/robot_ws/install/serial/share/serial/package.sh'
[1.035s] INFO:colcon.colcon_core.shell:Creating package script '/home/ubuntu/rb3302_final_proj_code/robot_ws/install/serial/share/serial/package.bash'
[1.039s] INFO:colcon.colcon_core.shell:Creating package script '/home/ubuntu/rb3302_final_proj_code/robot_ws/install/serial/share/serial/package.zsh'
[1.042s] Level 1:colcon.colcon_core.environment:create_file_with_runtime_dependencies(/home/ubuntu/rb3302_final_proj_code/robot_ws/install/serial/share/colcon-core/packages/serial)
[1.045s] Level 1:colcon.colcon_core.environment:create_environment_scripts_only(serial)
[1.046s] Level 1:colcon.colcon_core.environment:checking '/home/ubuntu/rb3302_final_proj_code/robot_ws/install/serial' for CMake module files
[1.050s] Level 1:colcon.colcon_core.environment:checking '/home/ubuntu/rb3302_final_proj_code/robot_ws/install/serial' for CMake config files
[1.052s] Level 1:colcon.colcon_core.shell:create_environment_hook('serial', 'cmake_prefix_path')
[1.053s] INFO:colcon.colcon_core.shell:Creating environment hook '/home/ubuntu/rb3302_final_proj_code/robot_ws/install/serial/share/serial/hook/cmake_prefix_path.ps1'
[1.055s] INFO:colcon.colcon_core.shell:Creating environment descriptor '/home/ubuntu/rb3302_final_proj_code/robot_ws/install/serial/share/serial/hook/cmake_prefix_path.dsv'
[1.057s] INFO:colcon.colcon_core.shell:Creating environment hook '/home/ubuntu/rb3302_final_proj_code/robot_ws/install/serial/share/serial/hook/cmake_prefix_path.sh'
[1.060s] Level 1:colcon.colcon_core.environment:checking '/home/ubuntu/rb3302_final_proj_code/robot_ws/install/serial/lib'
[1.061s] Level 1:colcon.colcon_core.environment:checking '/home/ubuntu/rb3302_final_proj_code/robot_ws/install/serial/bin'
[1.061s] Level 1:colcon.colcon_core.environment:checking '/home/ubuntu/rb3302_final_proj_code/robot_ws/install/serial/lib/pkgconfig/serial.pc'
[1.061s] Level 1:colcon.colcon_core.environment:checking '/home/ubuntu/rb3302_final_proj_code/robot_ws/install/serial/lib/python3.12/site-packages'
[1.062s] Level 1:colcon.colcon_core.environment:checking '/home/ubuntu/rb3302_final_proj_code/robot_ws/install/serial/bin'
[1.062s] INFO:colcon.colcon_core.shell:Creating package script '/home/ubuntu/rb3302_final_proj_code/robot_ws/install/serial/share/serial/package.ps1'
[1.063s] INFO:colcon.colcon_core.shell:Creating package descriptor '/home/ubuntu/rb3302_final_proj_code/robot_ws/install/serial/share/serial/package.dsv'
[1.064s] INFO:colcon.colcon_core.shell:Creating package script '/home/ubuntu/rb3302_final_proj_code/robot_ws/install/serial/share/serial/package.sh'
[1.065s] INFO:colcon.colcon_core.shell:Creating package script '/home/ubuntu/rb3302_final_proj_code/robot_ws/install/serial/share/serial/package.bash'
[1.066s] INFO:colcon.colcon_core.shell:Creating package script '/home/ubuntu/rb3302_final_proj_code/robot_ws/install/serial/share/serial/package.zsh'
[1.066s] Level 1:colcon.colcon_core.environment:create_file_with_runtime_dependencies(/home/ubuntu/rb3302_final_proj_code/robot_ws/install/serial/share/colcon-core/packages/serial)
[1.070s] Level 1:colcon.colcon_core.environment:create_environment_scripts_only(rplidar_ros)
[1.070s] Level 1:colcon.colcon_core.environment:checking '/home/ubuntu/rb3302_final_proj_code/robot_ws/install/rplidar_ros' for CMake module files
[1.073s] Level 1:colcon.colcon_core.environment:checking '/home/ubuntu/rb3302_final_proj_code/robot_ws/install/rplidar_ros' for CMake config files
[1.074s] DEBUG:colcon.colcon_core.event_handler.log_command:Invoked command in '/home/ubuntu/rb3302_final_proj_code/robot_ws/build/rplidar_ros' returned '0': CMAKE_PREFIX_PATH=${CMAKE_PREFIX_PATH}:/opt/ros/jazzy:/home/ubuntu/rb3302_final_proj_code/robot_ws/install/waverover_base /usr/bin/cmake --install /home/ubuntu/rb3302_final_proj_code/robot_ws/build/rplidar_ros
[1.075s] Level 1:colcon.colcon_core.shell:create_environment_hook('rplidar_ros', 'cmake_prefix_path')
[1.075s] INFO:colcon.colcon_core.shell:Creating environment hook '/home/ubuntu/rb3302_final_proj_code/robot_ws/install/rplidar_ros/share/rplidar_ros/hook/cmake_prefix_path.ps1'
[1.076s] INFO:colcon.colcon_core.shell:Creating environment descriptor '/home/ubuntu/rb3302_final_proj_code/robot_ws/install/rplidar_ros/share/rplidar_ros/hook/cmake_prefix_path.dsv'
[1.077s] INFO:colcon.colcon_core.shell:Creating environment hook '/home/ubuntu/rb3302_final_proj_code/robot_ws/install/rplidar_ros/share/rplidar_ros/hook/cmake_prefix_path.sh'
[1.078s] Level 1:colcon.colcon_core.environment:checking '/home/ubuntu/rb3302_final_proj_code/robot_ws/install/rplidar_ros/lib'
[1.078s] Level 1:colcon.colcon_core.environment:checking '/home/ubuntu/rb3302_final_proj_code/robot_ws/install/rplidar_ros/bin'
[1.078s] Level 1:colcon.colcon_core.environment:checking '/home/ubuntu/rb3302_final_proj_code/robot_ws/install/rplidar_ros/lib/pkgconfig/rplidar_ros.pc'
[1.078s] Level 1:colcon.colcon_core.environment:checking '/home/ubuntu/rb3302_final_proj_code/robot_ws/install/rplidar_ros/lib/python3.12/site-packages'
[1.079s] Level 1:colcon.colcon_core.environment:checking '/home/ubuntu/rb3302_final_proj_code/robot_ws/install/rplidar_ros/bin'
[1.079s] INFO:colcon.colcon_core.shell:Creating package script '/home/ubuntu/rb3302_final_proj_code/robot_ws/install/rplidar_ros/share/rplidar_ros/package.ps1'
[1.080s] INFO:colcon.colcon_core.shell:Creating package descriptor '/home/ubuntu/rb3302_final_proj_code/robot_ws/install/rplidar_ros/share/rplidar_ros/package.dsv'
[1.081s] INFO:colcon.colcon_core.shell:Creating package script '/home/ubuntu/rb3302_final_proj_code/robot_ws/install/rplidar_ros/share/rplidar_ros/package.sh'
[1.082s] INFO:colcon.colcon_core.shell:Creating package script '/home/ubuntu/rb3302_final_proj_code/robot_ws/install/rplidar_ros/share/rplidar_ros/package.bash'
[1.083s] INFO:colcon.colcon_core.shell:Creating package script '/home/ubuntu/rb3302_final_proj_code/robot_ws/install/rplidar_ros/share/rplidar_ros/package.zsh'
[1.083s] Level 1:colcon.colcon_core.environment:create_file_with_runtime_dependencies(/home/ubuntu/rb3302_final_proj_code/robot_ws/install/rplidar_ros/share/colcon-core/packages/rplidar_ros)
[1.084s] Level 1:colcon.colcon_core.environment:create_environment_scripts_only(rplidar_ros)
[1.085s] Level 1:colcon.colcon_core.environment:checking '/home/ubuntu/rb3302_final_proj_code/robot_ws/install/rplidar_ros' for CMake module files
[1.086s] Level 1:colcon.colcon_core.environment:checking '/home/ubuntu/rb3302_final_proj_code/robot_ws/install/rplidar_ros' for CMake config files
[1.086s] Level 1:colcon.colcon_core.shell:create_environment_hook('rplidar_ros', 'cmake_prefix_path')
[1.086s] INFO:colcon.colcon_core.shell:Creating environment hook '/home/ubuntu/rb3302_final_proj_code/robot_ws/install/rplidar_ros/share/rplidar_ros/hook/cmake_prefix_path.ps1'
[1.087s] INFO:colcon.colcon_core.shell:Creating environment descriptor '/home/ubuntu/rb3302_final_proj_code/robot_ws/install/rplidar_ros/share/rplidar_ros/hook/cmake_prefix_path.dsv'
[1.088s] INFO:colcon.colcon_core.shell:Creating environment hook '/home/ubuntu/rb3302_final_proj_code/robot_ws/install/rplidar_ros/share/rplidar_ros/hook/cmake_prefix_path.sh'
[1.089s] Level 1:colcon.colcon_core.environment:checking '/home/ubuntu/rb3302_final_proj_code/robot_ws/install/rplidar_ros/lib'
[1.089s] Level 1:colcon.colcon_core.environment:checking '/home/ubuntu/rb3302_final_proj_code/robot_ws/install/rplidar_ros/bin'
[1.089s] Level 1:colcon.colcon_core.environment:checking '/home/ubuntu/rb3302_final_proj_code/robot_ws/install/rplidar_ros/lib/pkgconfig/rplidar_ros.pc'
[1.089s] Level 1:colcon.colcon_core.environment:checking '/home/ubuntu/rb3302_final_proj_code/robot_ws/install/rplidar_ros/lib/python3.12/site-packages'
[1.090s] Level 1:colcon.colcon_core.environment:checking '/home/ubuntu/rb3302_final_proj_code/robot_ws/install/rplidar_ros/bin'
[1.090s] INFO:colcon.colcon_core.shell:Creating package script '/home/ubuntu/rb3302_final_proj_code/robot_ws/install/rplidar_ros/share/rplidar_ros/package.ps1'
[1.091s] INFO:colcon.colcon_core.shell:Creating package descriptor '/home/ubuntu/rb3302_final_proj_code/robot_ws/install/rplidar_ros/share/rplidar_ros/package.dsv'
[1.092s] INFO:colcon.colcon_core.shell:Creating package script '/home/ubuntu/rb3302_final_proj_code/robot_ws/install/rplidar_ros/share/rplidar_ros/package.sh'
[1.093s] INFO:colcon.colcon_core.shell:Creating package script '/home/ubuntu/rb3302_final_proj_code/robot_ws/install/rplidar_ros/share/rplidar_ros/package.bash'
[1.095s] INFO:colcon.colcon_core.shell:Creating package script '/home/ubuntu/rb3302_final_proj_code/robot_ws/install/rplidar_ros/share/rplidar_ros/package.zsh'
[1.096s] Level 1:colcon.colcon_core.environment:create_file_with_runtime_dependencies(/home/ubuntu/rb3302_final_proj_code/robot_ws/install/rplidar_ros/share/colcon-core/packages/rplidar_ros)
[1.097s] Level 1:colcon.colcon_core.environment:create_environment_scripts_only(robot_model)
[1.098s] Level 1:colcon.colcon_core.environment:checking '/home/ubuntu/rb3302_final_proj_code/robot_ws/install/robot_model' for CMake module files
[1.101s] Level 1:colcon.colcon_core.environment:checking '/home/ubuntu/rb3302_final_proj_code/robot_ws/install/robot_model' for CMake config files
[1.102s] Level 1:colcon.colcon_core.shell:create_environment_hook('robot_model', 'cmake_prefix_path')
[1.102s] INFO:colcon.colcon_core.shell:Creating environment hook '/home/ubuntu/rb3302_final_proj_code/robot_ws/install/robot_model/share/robot_model/hook/cmake_prefix_path.ps1'
[1.103s] INFO:colcon.colcon_core.shell:Creating environment descriptor '/home/ubuntu/rb3302_final_proj_code/robot_ws/install/robot_model/share/robot_model/hook/cmake_prefix_path.dsv'
[1.104s] INFO:colcon.colcon_core.shell:Creating environment hook '/home/ubuntu/rb3302_final_proj_code/robot_ws/install/robot_model/share/robot_model/hook/cmake_prefix_path.sh'
[1.106s] DEBUG:colcon.colcon_core.event_handler.log_command:Invoked command in '/home/ubuntu/rb3302_final_proj_code/robot_ws/build/robot_model' returned '0': CMAKE_PREFIX_PATH=${CMAKE_PREFIX_PATH}:/opt/ros/jazzy:/home/ubuntu/rb3302_final_proj_code/robot_ws/install/waverover_base /usr/bin/cmake --install /home/ubuntu/rb3302_final_proj_code/robot_ws/build/robot_model
[1.108s] Level 1:colcon.colcon_core.environment:checking '/home/ubuntu/rb3302_final_proj_code/robot_ws/install/robot_model/bin'
[1.108s] Level 1:colcon.colcon_core.environment:checking '/home/ubuntu/rb3302_final_proj_code/robot_ws/install/robot_model/lib/pkgconfig/robot_model.pc'
[1.108s] Level 1:colcon.colcon_core.environment:checking '/home/ubuntu/rb3302_final_proj_code/robot_ws/install/robot_model/lib/python3.12/site-packages'
[1.109s] Level 1:colcon.colcon_core.environment:checking '/home/ubuntu/rb3302_final_proj_code/robot_ws/install/robot_model/bin'
[1.109s] INFO:colcon.colcon_core.shell:Creating package script '/home/ubuntu/rb3302_final_proj_code/robot_ws/install/robot_model/share/robot_model/package.ps1'
[1.110s] INFO:colcon.colcon_core.shell:Creating package descriptor '/home/ubuntu/rb3302_final_proj_code/robot_ws/install/robot_model/share/robot_model/package.dsv'
[1.111s] INFO:colcon.colcon_core.shell:Creating package script '/home/ubuntu/rb3302_final_proj_code/robot_ws/install/robot_model/share/robot_model/package.sh'
[1.112s] INFO:colcon.colcon_core.shell:Creating package script '/home/ubuntu/rb3302_final_proj_code/robot_ws/install/robot_model/share/robot_model/package.bash'
[1.112s] INFO:colcon.colcon_core.shell:Creating package script '/home/ubuntu/rb3302_final_proj_code/robot_ws/install/robot_model/share/robot_model/package.zsh'
[1.113s] Level 1:colcon.colcon_core.environment:create_file_with_runtime_dependencies(/home/ubuntu/rb3302_final_proj_code/robot_ws/install/robot_model/share/colcon-core/packages/robot_model)
[1.114s] Level 1:colcon.colcon_core.environment:create_environment_scripts_only(robot_model)
[1.114s] Level 1:colcon.colcon_core.environment:checking '/home/ubuntu/rb3302_final_proj_code/robot_ws/install/robot_model' for CMake module files
[1.115s] Level 1:colcon.colcon_core.environment:checking '/home/ubuntu/rb3302_final_proj_code/robot_ws/install/robot_model' for CMake config files
[1.115s] Level 1:colcon.colcon_core.shell:create_environment_hook('robot_model', 'cmake_prefix_path')
[1.116s] INFO:colcon.colcon_core.shell:Creating environment hook '/home/ubuntu/rb3302_final_proj_code/robot_ws/install/robot_model/share/robot_model/hook/cmake_prefix_path.ps1'
[1.116s] INFO:colcon.colcon_core.shell:Creating environment descriptor '/home/ubuntu/rb3302_final_proj_code/robot_ws/install/robot_model/share/robot_model/hook/cmake_prefix_path.dsv'
[1.117s] INFO:colcon.colcon_core.shell:Creating environment hook '/home/ubuntu/rb3302_final_proj_code/robot_ws/install/robot_model/share/robot_model/hook/cmake_prefix_path.sh'
[1.118s] Level 1:colcon.colcon_core.environment:checking '/home/ubuntu/rb3302_final_proj_code/robot_ws/install/robot_model/bin'
[1.118s] Level 1:colcon.colcon_core.environment:checking '/home/ubuntu/rb3302_final_proj_code/robot_ws/install/robot_model/lib/pkgconfig/robot_model.pc'
[1.119s] Level 1:colcon.colcon_core.environment:checking '/home/ubuntu/rb3302_final_proj_code/robot_ws/install/robot_model/lib/python3.12/site-packages'
[1.119s] Level 1:colcon.colcon_core.environment:checking '/home/ubuntu/rb3302_final_proj_code/robot_ws/install/robot_model/bin'
[1.120s] INFO:colcon.colcon_core.shell:Creating package script '/home/ubuntu/rb3302_final_proj_code/robot_ws/install/robot_model/share/robot_model/package.ps1'
[1.121s] INFO:colcon.colcon_core.shell:Creating package descriptor '/home/ubuntu/rb3302_final_proj_code/robot_ws/install/robot_model/share/robot_model/package.dsv'
[1.122s] INFO:colcon.colcon_core.shell:Creating package script '/home/ubuntu/rb3302_final_proj_code/robot_ws/install/robot_model/share/robot_model/package.sh'
[1.122s] INFO:colcon.colcon_core.shell:Creating package script '/home/ubuntu/rb3302_final_proj_code/robot_ws/install/robot_model/share/robot_model/package.bash'
[1.123s] INFO:colcon.colcon_core.shell:Creating package script '/home/ubuntu/rb3302_final_proj_code/robot_ws/install/robot_model/share/robot_model/package.zsh'
[1.124s] Level 1:colcon.colcon_core.environment:create_file_with_runtime_dependencies(/home/ubuntu/rb3302_final_proj_code/robot_ws/install/robot_model/share/colcon-core/packages/robot_model)
[1.321s] DEBUG:colcon.colcon_core.event_handler.log_command:Invoked command in '/home/ubuntu/rb3302_final_proj_code/robot_ws/build/yesense_interface' returned '0': CMAKE_PREFIX_PATH=${CMAKE_PREFIX_PATH}:/opt/ros/jazzy:/home/ubuntu/rb3302_final_proj_code/robot_ws/install/waverover_base /usr/bin/cmake --build /home/ubuntu/rb3302_final_proj_code/robot_ws/build/yesense_interface -- -j8 -l8
[1.323s] DEBUG:colcon.colcon_core.event_handler.log_command:Invoking command in '/home/ubuntu/rb3302_final_proj_code/robot_ws/build/yesense_interface': CMAKE_PREFIX_PATH=${CMAKE_PREFIX_PATH}:/opt/ros/jazzy:/home/ubuntu/rb3302_final_proj_code/robot_ws/install/waverover_base /usr/bin/cmake --install /home/ubuntu/rb3302_final_proj_code/robot_ws/build/yesense_interface
[1.551s] Level 1:colcon.colcon_core.environment:create_environment_scripts_only(yesense_interface)
[1.552s] Level 1:colcon.colcon_core.environment:checking '/home/ubuntu/rb3302_final_proj_code/robot_ws/install/yesense_interface' for CMake module files
[1.554s] DEBUG:colcon.colcon_core.event_handler.log_command:Invoked command in '/home/ubuntu/rb3302_final_proj_code/robot_ws/build/yesense_interface' returned '0': CMAKE_PREFIX_PATH=${CMAKE_PREFIX_PATH}:/opt/ros/jazzy:/home/ubuntu/rb3302_final_proj_code/robot_ws/install/waverover_base /usr/bin/cmake --install /home/ubuntu/rb3302_final_proj_code/robot_ws/build/yesense_interface
[1.554s] Level 1:colcon.colcon_core.environment:checking '/home/ubuntu/rb3302_final_proj_code/robot_ws/install/yesense_interface' for CMake config files
[1.558s] Level 1:colcon.colcon_core.shell:create_environment_hook('yesense_interface', 'cmake_prefix_path')
[1.558s] INFO:colcon.colcon_core.shell:Creating environment hook '/home/ubuntu/rb3302_final_proj_code/robot_ws/install/yesense_interface/share/yesense_interface/hook/cmake_prefix_path.ps1'
[1.559s] INFO:colcon.colcon_core.shell:Creating environment descriptor '/home/ubuntu/rb3302_final_proj_code/robot_ws/install/yesense_interface/share/yesense_interface/hook/cmake_prefix_path.dsv'
[1.560s] INFO:colcon.colcon_core.shell:Creating environment hook '/home/ubuntu/rb3302_final_proj_code/robot_ws/install/yesense_interface/share/yesense_interface/hook/cmake_prefix_path.sh'
[1.560s] Level 1:colcon.colcon_core.environment:checking '/home/ubuntu/rb3302_final_proj_code/robot_ws/install/yesense_interface/lib'
[1.561s] Level 1:colcon.colcon_core.shell:create_environment_hook('yesense_interface', 'ld_library_path_lib')
[1.561s] INFO:colcon.colcon_core.shell:Creating environment hook '/home/ubuntu/rb3302_final_proj_code/robot_ws/install/yesense_interface/share/yesense_interface/hook/ld_library_path_lib.ps1'
[1.561s] INFO:colcon.colcon_core.shell:Creating environment descriptor '/home/ubuntu/rb3302_final_proj_code/robot_ws/install/yesense_interface/share/yesense_interface/hook/ld_library_path_lib.dsv'
[1.562s] INFO:colcon.colcon_core.shell:Creating environment hook '/home/ubuntu/rb3302_final_proj_code/robot_ws/install/yesense_interface/share/yesense_interface/hook/ld_library_path_lib.sh'
[1.562s] Level 1:colcon.colcon_core.environment:checking '/home/ubuntu/rb3302_final_proj_code/robot_ws/install/yesense_interface/bin'
[1.563s] Level 1:colcon.colcon_core.environment:checking '/home/ubuntu/rb3302_final_proj_code/robot_ws/install/yesense_interface/lib/pkgconfig/yesense_interface.pc'
[1.563s] Level 1:colcon.colcon_core.environment:checking '/home/ubuntu/rb3302_final_proj_code/robot_ws/install/yesense_interface/lib/python3.12/site-packages'
[1.563s] Level 1:colcon.colcon_core.shell:create_environment_hook('yesense_interface', 'pythonpath')
[1.563s] INFO:colcon.colcon_core.shell:Creating environment hook '/home/ubuntu/rb3302_final_proj_code/robot_ws/install/yesense_interface/share/yesense_interface/hook/pythonpath.ps1'
[1.564s] INFO:colcon.colcon_core.shell:Creating environment descriptor '/home/ubuntu/rb3302_final_proj_code/robot_ws/install/yesense_interface/share/yesense_interface/hook/pythonpath.dsv'
[1.564s] INFO:colcon.colcon_core.shell:Creating environment hook '/home/ubuntu/rb3302_final_proj_code/robot_ws/install/yesense_interface/share/yesense_interface/hook/pythonpath.sh'
[1.565s] Level 1:colcon.colcon_core.environment:checking '/home/ubuntu/rb3302_final_proj_code/robot_ws/install/yesense_interface/bin'
[1.566s] INFO:colcon.colcon_core.shell:Creating package script '/home/ubuntu/rb3302_final_proj_code/robot_ws/install/yesense_interface/share/yesense_interface/package.ps1'
[1.567s] INFO:colcon.colcon_core.shell:Creating package descriptor '/home/ubuntu/rb3302_final_proj_code/robot_ws/install/yesense_interface/share/yesense_interface/package.dsv'
[1.568s] INFO:colcon.colcon_core.shell:Creating package script '/home/ubuntu/rb3302_final_proj_code/robot_ws/install/yesense_interface/share/yesense_interface/package.sh'
[1.568s] INFO:colcon.colcon_core.shell:Creating package script '/home/ubuntu/rb3302_final_proj_code/robot_ws/install/yesense_interface/share/yesense_interface/package.bash'
[1.569s] INFO:colcon.colcon_core.shell:Creating package script '/home/ubuntu/rb3302_final_proj_code/robot_ws/install/yesense_interface/share/yesense_interface/package.zsh'
[1.569s] Level 1:colcon.colcon_core.environment:create_file_with_runtime_dependencies(/home/ubuntu/rb3302_final_proj_code/robot_ws/install/yesense_interface/share/colcon-core/packages/yesense_interface)
[1.570s] Level 1:colcon.colcon_core.environment:create_environment_scripts_only(yesense_interface)
[1.570s] Level 1:colcon.colcon_core.environment:checking '/home/ubuntu/rb3302_final_proj_code/robot_ws/install/yesense_interface' for CMake module files
[1.572s] Level 1:colcon.colcon_core.environment:checking '/home/ubuntu/rb3302_final_proj_code/robot_ws/install/yesense_interface' for CMake config files
[1.575s] Level 1:colcon.colcon_core.shell:create_environment_hook('yesense_interface', 'cmake_prefix_path')
[1.576s] INFO:colcon.colcon_core.shell:Creating environment hook '/home/ubuntu/rb3302_final_proj_code/robot_ws/install/yesense_interface/share/yesense_interface/hook/cmake_prefix_path.ps1'
[1.576s] INFO:colcon.colcon_core.shell:Creating environment descriptor '/home/ubuntu/rb3302_final_proj_code/robot_ws/install/yesense_interface/share/yesense_interface/hook/cmake_prefix_path.dsv'
[1.577s] INFO:colcon.colcon_core.shell:Creating environment hook '/home/ubuntu/rb3302_final_proj_code/robot_ws/install/yesense_interface/share/yesense_interface/hook/cmake_prefix_path.sh'
[1.578s] Level 1:colcon.colcon_core.environment:checking '/home/ubuntu/rb3302_final_proj_code/robot_ws/install/yesense_interface/lib'
[1.578s] Level 1:colcon.colcon_core.shell:create_environment_hook('yesense_interface', 'ld_library_path_lib')
[1.578s] INFO:colcon.colcon_core.shell:Creating environment hook '/home/ubuntu/rb3302_final_proj_code/robot_ws/install/yesense_interface/share/yesense_interface/hook/ld_library_path_lib.ps1'
[1.579s] INFO:colcon.colcon_core.shell:Creating environment descriptor '/home/ubuntu/rb3302_final_proj_code/robot_ws/install/yesense_interface/share/yesense_interface/hook/ld_library_path_lib.dsv'
[1.579s] INFO:colcon.colcon_core.shell:Creating environment hook '/home/ubuntu/rb3302_final_proj_code/robot_ws/install/yesense_interface/share/yesense_interface/hook/ld_library_path_lib.sh'
[1.580s] Level 1:colcon.colcon_core.environment:checking '/home/ubuntu/rb3302_final_proj_code/robot_ws/install/yesense_interface/bin'
[1.580s] Level 1:colcon.colcon_core.environment:checking '/home/ubuntu/rb3302_final_proj_code/robot_ws/install/yesense_interface/lib/pkgconfig/yesense_interface.pc'
[1.580s] Level 1:colcon.colcon_core.environment:checking '/home/ubuntu/rb3302_final_proj_code/robot_ws/install/yesense_interface/lib/python3.12/site-packages'
[1.580s] Level 1:colcon.colcon_core.shell:create_environment_hook('yesense_interface', 'pythonpath')
[1.581s] INFO:colcon.colcon_core.shell:Creating environment hook '/home/ubuntu/rb3302_final_proj_code/robot_ws/install/yesense_interface/share/yesense_interface/hook/pythonpath.ps1'
[1.581s] INFO:colcon.colcon_core.shell:Creating environment descriptor '/home/ubuntu/rb3302_final_proj_code/robot_ws/install/yesense_interface/share/yesense_interface/hook/pythonpath.dsv'
[1.582s] INFO:colcon.colcon_core.shell:Creating environment hook '/home/ubuntu/rb3302_final_proj_code/robot_ws/install/yesense_interface/share/yesense_interface/hook/pythonpath.sh'
[1.583s] Level 1:colcon.colcon_core.environment:checking '/home/ubuntu/rb3302_final_proj_code/robot_ws/install/yesense_interface/bin'
[1.583s] INFO:colcon.colcon_core.shell:Creating package script '/home/ubuntu/rb3302_final_proj_code/robot_ws/install/yesense_interface/share/yesense_interface/package.ps1'
[1.585s] INFO:colcon.colcon_core.shell:Creating package descriptor '/home/ubuntu/rb3302_final_proj_code/robot_ws/install/yesense_interface/share/yesense_interface/package.dsv'
[1.586s] INFO:colcon.colcon_core.shell:Creating package script '/home/ubuntu/rb3302_final_proj_code/robot_ws/install/yesense_interface/share/yesense_interface/package.sh'
[1.587s] INFO:colcon.colcon_core.shell:Creating package script '/home/ubuntu/rb3302_final_proj_code/robot_ws/install/yesense_interface/share/yesense_interface/package.bash'
[1.588s] INFO:colcon.colcon_core.shell:Creating package script '/home/ubuntu/rb3302_final_proj_code/robot_ws/install/yesense_interface/share/yesense_interface/package.zsh'
[1.589s] Level 1:colcon.colcon_core.environment:create_file_with_runtime_dependencies(/home/ubuntu/rb3302_final_proj_code/robot_ws/install/yesense_interface/share/colcon-core/packages/yesense_interface)
[1.589s] INFO:colcon.colcon_ros.task.ament_cmake.build:Building ROS package in '/home/ubuntu/rb3302_final_proj_code/robot_ws/src/yesense_std_ros2' with build type 'ament_cmake'
[1.589s] INFO:colcon.colcon_cmake.task.cmake.build:Building CMake package in '/home/ubuntu/rb3302_final_proj_code/robot_ws/src/yesense_std_ros2'
[1.590s] INFO:colcon.colcon_core.shell:Skip shell extension 'powershell' for command environment: Not usable outside of PowerShell
[1.590s] DEBUG:colcon.colcon_core.shell:Skip shell extension 'dsv' for command environment
[1.621s] DEBUG:colcon.colcon_core.event_handler.log_command:Invoking command in '/home/ubuntu/rb3302_final_proj_code/robot_ws/build/yesense_std_ros2': CMAKE_PREFIX_PATH=/home/ubuntu/rb3302_final_proj_code/robot_ws/install/yesense_interface:/home/ubuntu/rb3302_final_proj_code/robot_ws/install/serial:/opt/ros/jazzy/opt/gz_sim_vendor:/opt/ros/jazzy/opt/gz_sensors_vendor:/opt/ros/jazzy/opt/gz_physics_vendor:/opt/ros/jazzy/opt/sdformat_vendor:/opt/ros/jazzy/opt/gz_gui_vendor:/opt/ros/jazzy/opt/gz_transport_vendor:/opt/ros/jazzy/opt/gz_rendering_vendor:/opt/ros/jazzy/opt/gz_plugin_vendor:/opt/ros/jazzy/opt/gz_fuel_tools_vendor:/opt/ros/jazzy/opt/gz_msgs_vendor:/opt/ros/jazzy/opt/gz_common_vendor:/opt/ros/jazzy/opt/gz_math_vendor:/opt/ros/jazzy/opt/gz_utils_vendor:/opt/ros/jazzy/opt/gz_tools_vendor:/opt/ros/jazzy/opt/gz_ogre_next_vendor:/opt/ros/jazzy/opt/gz_dartsim_vendor:/opt/ros/jazzy/opt/gz_cmake_vendor:/home/ubuntu/rb3302_final_proj_code/robot_ws/install/robot_init:/home/ubuntu/rb3302_final_proj_code/robot_ws/install/yesense_std_ros2:/home/ubuntu/rb3302_final_proj_code/robot_ws/install/rplidar_ros:/home/ubuntu/rb3302_final_proj_code/robot_ws/install/robot_model:/opt/ros/jazzy:/home/ubuntu/rb3302_final_proj_code/robot_ws/install/waverover_base LD_LIBRARY_PATH=/home/ubuntu/rb3302_final_proj_code/robot_ws/install/yesense_interface/lib:/opt/ros/jazzy/opt/gz_sim_vendor/lib:/opt/ros/jazzy/opt/gz_sensors_vendor/lib:/opt/ros/jazzy/opt/gz_physics_vendor/lib:/opt/ros/jazzy/opt/sdformat_vendor/lib:/opt/ros/jazzy/opt/rviz_ogre_vendor/lib:/opt/ros/jazzy/lib/aarch64-linux-gnu:/opt/ros/jazzy/opt/gz_gui_vendor/lib:/opt/ros/jazzy/opt/gz_transport_vendor/lib:/opt/ros/jazzy/opt/gz_rendering_vendor/lib:/opt/ros/jazzy/opt/gz_plugin_vendor/lib:/opt/ros/jazzy/opt/gz_fuel_tools_vendor/lib:/opt/ros/jazzy/opt/gz_msgs_vendor/lib:/opt/ros/jazzy/opt/gz_common_vendor/lib:/opt/ros/jazzy/opt/gz_math_vendor/lib:/opt/ros/jazzy/opt/gz_utils_vendor/lib:/opt/ros/jazzy/opt/gz_tools_vendor/lib:/opt/ros/jazzy/opt/gz_ogre_next_vendor/lib:/opt/ros/jazzy/opt/gz_dartsim_vendor/lib:/opt/ros/jazzy/opt/gz_cmake_vendor/lib:/opt/ros/jazzy/lib:/home/ubuntu/rb3302_final_proj_code/robot_ws/install/serial/lib PYTHONPATH=/home/ubuntu/rb3302_final_proj_code/robot_ws/install/yesense_interface/lib/python3.12/site-packages:/opt/ros/jazzy/lib/python3.12/site-packages:/home/ubuntu/rb3302_final_proj_code/robot_ws/build/waverover_base:/home/ubuntu/rb3302_final_proj_code/robot_ws/install/waverover_base/lib/python3.12/site-packages /usr/bin/cmake --build /home/ubuntu/rb3302_final_proj_code/robot_ws/build/yesense_std_ros2 -- -j8 -l8
[1.851s] DEBUG:colcon.colcon_core.event_handler.log_command:Invoked command in '/home/ubuntu/rb3302_final_proj_code/robot_ws/build/yesense_std_ros2' returned '0': CMAKE_PREFIX_PATH=/home/ubuntu/rb3302_final_proj_code/robot_ws/install/yesense_interface:/home/ubuntu/rb3302_final_proj_code/robot_ws/install/serial:/opt/ros/jazzy/opt/gz_sim_vendor:/opt/ros/jazzy/opt/gz_sensors_vendor:/opt/ros/jazzy/opt/gz_physics_vendor:/opt/ros/jazzy/opt/sdformat_vendor:/opt/ros/jazzy/opt/gz_gui_vendor:/opt/ros/jazzy/opt/gz_transport_vendor:/opt/ros/jazzy/opt/gz_rendering_vendor:/opt/ros/jazzy/opt/gz_plugin_vendor:/opt/ros/jazzy/opt/gz_fuel_tools_vendor:/opt/ros/jazzy/opt/gz_msgs_vendor:/opt/ros/jazzy/opt/gz_common_vendor:/opt/ros/jazzy/opt/gz_math_vendor:/opt/ros/jazzy/opt/gz_utils_vendor:/opt/ros/jazzy/opt/gz_tools_vendor:/opt/ros/jazzy/opt/gz_ogre_next_vendor:/opt/ros/jazzy/opt/gz_dartsim_vendor:/opt/ros/jazzy/opt/gz_cmake_vendor:/home/ubuntu/rb3302_final_proj_code/robot_ws/install/robot_init:/home/ubuntu/rb3302_final_proj_code/robot_ws/install/yesense_std_ros2:/home/ubuntu/rb3302_final_proj_code/robot_ws/install/rplidar_ros:/home/ubuntu/rb3302_final_proj_code/robot_ws/install/robot_model:/opt/ros/jazzy:/home/ubuntu/rb3302_final_proj_code/robot_ws/install/waverover_base LD_LIBRARY_PATH=/home/ubuntu/rb3302_final_proj_code/robot_ws/install/yesense_interface/lib:/opt/ros/jazzy/opt/gz_sim_vendor/lib:/opt/ros/jazzy/opt/gz_sensors_vendor/lib:/opt/ros/jazzy/opt/gz_physics_vendor/lib:/opt/ros/jazzy/opt/sdformat_vendor/lib:/opt/ros/jazzy/opt/rviz_ogre_vendor/lib:/opt/ros/jazzy/lib/aarch64-linux-gnu:/opt/ros/jazzy/opt/gz_gui_vendor/lib:/opt/ros/jazzy/opt/gz_transport_vendor/lib:/opt/ros/jazzy/opt/gz_rendering_vendor/lib:/opt/ros/jazzy/opt/gz_plugin_vendor/lib:/opt/ros/jazzy/opt/gz_fuel_tools_vendor/lib:/opt/ros/jazzy/opt/gz_msgs_vendor/lib:/opt/ros/jazzy/opt/gz_common_vendor/lib:/opt/ros/jazzy/opt/gz_math_vendor/lib:/opt/ros/jazzy/opt/gz_utils_vendor/lib:/opt/ros/jazzy/opt/gz_tools_vendor/lib:/opt/ros/jazzy/opt/gz_ogre_next_vendor/lib:/opt/ros/jazzy/opt/gz_dartsim_vendor/lib:/opt/ros/jazzy/opt/gz_cmake_vendor/lib:/opt/ros/jazzy/lib:/home/ubuntu/rb3302_final_proj_code/robot_ws/install/serial/lib PYTHONPATH=/home/ubuntu/rb3302_final_proj_code/robot_ws/install/yesense_interface/lib/python3.12/site-packages:/opt/ros/jazzy/lib/python3.12/site-packages:/home/ubuntu/rb3302_final_proj_code/robot_ws/build/waverover_base:/home/ubuntu/rb3302_final_proj_code/robot_ws/install/waverover_base/lib/python3.12/site-packages /usr/bin/cmake --build /home/ubuntu/rb3302_final_proj_code/robot_ws/build/yesense_std_ros2 -- -j8 -l8
[1.852s] DEBUG:colcon.colcon_core.event_handler.log_command:Invoking command in '/home/ubuntu/rb3302_final_proj_code/robot_ws/build/yesense_std_ros2': CMAKE_PREFIX_PATH=/home/ubuntu/rb3302_final_proj_code/robot_ws/install/yesense_interface:/home/ubuntu/rb3302_final_proj_code/robot_ws/install/serial:/opt/ros/jazzy/opt/gz_sim_vendor:/opt/ros/jazzy/opt/gz_sensors_vendor:/opt/ros/jazzy/opt/gz_physics_vendor:/opt/ros/jazzy/opt/sdformat_vendor:/opt/ros/jazzy/opt/gz_gui_vendor:/opt/ros/jazzy/opt/gz_transport_vendor:/opt/ros/jazzy/opt/gz_rendering_vendor:/opt/ros/jazzy/opt/gz_plugin_vendor:/opt/ros/jazzy/opt/gz_fuel_tools_vendor:/opt/ros/jazzy/opt/gz_msgs_vendor:/opt/ros/jazzy/opt/gz_common_vendor:/opt/ros/jazzy/opt/gz_math_vendor:/opt/ros/jazzy/opt/gz_utils_vendor:/opt/ros/jazzy/opt/gz_tools_vendor:/opt/ros/jazzy/opt/gz_ogre_next_vendor:/opt/ros/jazzy/opt/gz_dartsim_vendor:/opt/ros/jazzy/opt/gz_cmake_vendor:/home/ubuntu/rb3302_final_proj_code/robot_ws/install/robot_init:/home/ubuntu/rb3302_final_proj_code/robot_ws/install/yesense_std_ros2:/home/ubuntu/rb3302_final_proj_code/robot_ws/install/rplidar_ros:/home/ubuntu/rb3302_final_proj_code/robot_ws/install/robot_model:/opt/ros/jazzy:/home/ubuntu/rb3302_final_proj_code/robot_ws/install/waverover_base LD_LIBRARY_PATH=/home/ubuntu/rb3302_final_proj_code/robot_ws/install/yesense_interface/lib:/opt/ros/jazzy/opt/gz_sim_vendor/lib:/opt/ros/jazzy/opt/gz_sensors_vendor/lib:/opt/ros/jazzy/opt/gz_physics_vendor/lib:/opt/ros/jazzy/opt/sdformat_vendor/lib:/opt/ros/jazzy/opt/rviz_ogre_vendor/lib:/opt/ros/jazzy/lib/aarch64-linux-gnu:/opt/ros/jazzy/opt/gz_gui_vendor/lib:/opt/ros/jazzy/opt/gz_transport_vendor/lib:/opt/ros/jazzy/opt/gz_rendering_vendor/lib:/opt/ros/jazzy/opt/gz_plugin_vendor/lib:/opt/ros/jazzy/opt/gz_fuel_tools_vendor/lib:/opt/ros/jazzy/opt/gz_msgs_vendor/lib:/opt/ros/jazzy/opt/gz_common_vendor/lib:/opt/ros/jazzy/opt/gz_math_vendor/lib:/opt/ros/jazzy/opt/gz_utils_vendor/lib:/opt/ros/jazzy/opt/gz_tools_vendor/lib:/opt/ros/jazzy/opt/gz_ogre_next_vendor/lib:/opt/ros/jazzy/opt/gz_dartsim_vendor/lib:/opt/ros/jazzy/opt/gz_cmake_vendor/lib:/opt/ros/jazzy/lib:/home/ubuntu/rb3302_final_proj_code/robot_ws/install/serial/lib PYTHONPATH=/home/ubuntu/rb3302_final_proj_code/robot_ws/install/yesense_interface/lib/python3.12/site-packages:/opt/ros/jazzy/lib/python3.12/site-packages:/home/ubuntu/rb3302_final_proj_code/robot_ws/build/waverover_base:/home/ubuntu/rb3302_final_proj_code/robot_ws/install/waverover_base/lib/python3.12/site-packages /usr/bin/cmake --install /home/ubuntu/rb3302_final_proj_code/robot_ws/build/yesense_std_ros2
[1.919s] DEBUG:colcon.colcon_core.task.python.build:Available setuptools commands: upload_docs, bdist, register, extract_messages, sdist, install_egg_info, install_lib, update_catalog, install, build_ext, clean, bdist_dumb, init_catalog, develop, dist_info, egg_info, setopt, bdist_wheel, rotate, check, easy_install, saveopts, compile_catalog, alias, bdist_egg, editable_wheel, build, bdist_rpm, build_py, build_clib, install_scripts, symlink_data, upload, install_headers, test, install_data, build_scripts
[1.934s] Level 1:colcon.colcon_core.environment:create_environment_scripts_only(yesense_std_ros2)
[1.935s] Level 1:colcon.colcon_core.environment:checking '/home/ubuntu/rb3302_final_proj_code/robot_ws/install/yesense_std_ros2' for CMake module files
[1.937s] DEBUG:colcon.colcon_core.event_handler.log_command:Invoked command in '/home/ubuntu/rb3302_final_proj_code/robot_ws/build/yesense_std_ros2' returned '0': CMAKE_PREFIX_PATH=/home/ubuntu/rb3302_final_proj_code/robot_ws/install/yesense_interface:/home/ubuntu/rb3302_final_proj_code/robot_ws/install/serial:/opt/ros/jazzy/opt/gz_sim_vendor:/opt/ros/jazzy/opt/gz_sensors_vendor:/opt/ros/jazzy/opt/gz_physics_vendor:/opt/ros/jazzy/opt/sdformat_vendor:/opt/ros/jazzy/opt/gz_gui_vendor:/opt/ros/jazzy/opt/gz_transport_vendor:/opt/ros/jazzy/opt/gz_rendering_vendor:/opt/ros/jazzy/opt/gz_plugin_vendor:/opt/ros/jazzy/opt/gz_fuel_tools_vendor:/opt/ros/jazzy/opt/gz_msgs_vendor:/opt/ros/jazzy/opt/gz_common_vendor:/opt/ros/jazzy/opt/gz_math_vendor:/opt/ros/jazzy/opt/gz_utils_vendor:/opt/ros/jazzy/opt/gz_tools_vendor:/opt/ros/jazzy/opt/gz_ogre_next_vendor:/opt/ros/jazzy/opt/gz_dartsim_vendor:/opt/ros/jazzy/opt/gz_cmake_vendor:/home/ubuntu/rb3302_final_proj_code/robot_ws/install/robot_init:/home/ubuntu/rb3302_final_proj_code/robot_ws/install/yesense_std_ros2:/home/ubuntu/rb3302_final_proj_code/robot_ws/install/rplidar_ros:/home/ubuntu/rb3302_final_proj_code/robot_ws/install/robot_model:/opt/ros/jazzy:/home/ubuntu/rb3302_final_proj_code/robot_ws/install/waverover_base LD_LIBRARY_PATH=/home/ubuntu/rb3302_final_proj_code/robot_ws/install/yesense_interface/lib:/opt/ros/jazzy/opt/gz_sim_vendor/lib:/opt/ros/jazzy/opt/gz_sensors_vendor/lib:/opt/ros/jazzy/opt/gz_physics_vendor/lib:/opt/ros/jazzy/opt/sdformat_vendor/lib:/opt/ros/jazzy/opt/rviz_ogre_vendor/lib:/opt/ros/jazzy/lib/aarch64-linux-gnu:/opt/ros/jazzy/opt/gz_gui_vendor/lib:/opt/ros/jazzy/opt/gz_transport_vendor/lib:/opt/ros/jazzy/opt/gz_rendering_vendor/lib:/opt/ros/jazzy/opt/gz_plugin_vendor/lib:/opt/ros/jazzy/opt/gz_fuel_tools_vendor/lib:/opt/ros/jazzy/opt/gz_msgs_vendor/lib:/opt/ros/jazzy/opt/gz_common_vendor/lib:/opt/ros/jazzy/opt/gz_math_vendor/lib:/opt/ros/jazzy/opt/gz_utils_vendor/lib:/opt/ros/jazzy/opt/gz_tools_vendor/lib:/opt/ros/jazzy/opt/gz_ogre_next_vendor/lib:/opt/ros/jazzy/opt/gz_dartsim_vendor/lib:/opt/ros/jazzy/opt/gz_cmake_vendor/lib:/opt/ros/jazzy/lib:/home/ubuntu/rb3302_final_proj_code/robot_ws/install/serial/lib PYTHONPATH=/home/ubuntu/rb3302_final_proj_code/robot_ws/install/yesense_interface/lib/python3.12/site-packages:/opt/ros/jazzy/lib/python3.12/site-packages:/home/ubuntu/rb3302_final_proj_code/robot_ws/build/waverover_base:/home/ubuntu/rb3302_final_proj_code/robot_ws/install/waverover_base/lib/python3.12/site-packages /usr/bin/cmake --install /home/ubuntu/rb3302_final_proj_code/robot_ws/build/yesense_std_ros2
[1.940s] Level 1:colcon.colcon_core.environment:checking '/home/ubuntu/rb3302_final_proj_code/robot_ws/install/yesense_std_ros2' for CMake config files
[1.941s] Level 1:colcon.colcon_core.shell:create_environment_hook('yesense_std_ros2', 'cmake_prefix_path')
[1.942s] INFO:colcon.colcon_core.shell:Creating environment hook '/home/ubuntu/rb3302_final_proj_code/robot_ws/install/yesense_std_ros2/share/yesense_std_ros2/hook/cmake_prefix_path.ps1'
[1.946s] INFO:colcon.colcon_core.shell:Creating environment descriptor '/home/ubuntu/rb3302_final_proj_code/robot_ws/install/yesense_std_ros2/share/yesense_std_ros2/hook/cmake_prefix_path.dsv'
[1.950s] INFO:colcon.colcon_core.shell:Creating environment hook '/home/ubuntu/rb3302_final_proj_code/robot_ws/install/yesense_std_ros2/share/yesense_std_ros2/hook/cmake_prefix_path.sh'
[1.953s] Level 1:colcon.colcon_core.environment:checking '/home/ubuntu/rb3302_final_proj_code/robot_ws/install/yesense_std_ros2/lib'
[1.954s] Level 1:colcon.colcon_core.environment:checking '/home/ubuntu/rb3302_final_proj_code/robot_ws/install/yesense_std_ros2/bin'
[1.954s] Level 1:colcon.colcon_core.environment:checking '/home/ubuntu/rb3302_final_proj_code/robot_ws/install/yesense_std_ros2/lib/pkgconfig/yesense_std_ros2.pc'
[1.956s] Level 1:colcon.colcon_core.environment:checking '/home/ubuntu/rb3302_final_proj_code/robot_ws/install/yesense_std_ros2/lib/python3.12/site-packages'
[1.960s] Level 1:colcon.colcon_core.environment:checking '/home/ubuntu/rb3302_final_proj_code/robot_ws/install/yesense_std_ros2/bin'
[1.961s] INFO:colcon.colcon_core.shell:Creating package script '/home/ubuntu/rb3302_final_proj_code/robot_ws/install/yesense_std_ros2/share/yesense_std_ros2/package.ps1'
[1.966s] INFO:colcon.colcon_core.shell:Creating package descriptor '/home/ubuntu/rb3302_final_proj_code/robot_ws/install/yesense_std_ros2/share/yesense_std_ros2/package.dsv'
[1.968s] INFO:colcon.colcon_core.shell:Creating package script '/home/ubuntu/rb3302_final_proj_code/robot_ws/install/yesense_std_ros2/share/yesense_std_ros2/package.sh'
[1.971s] INFO:colcon.colcon_core.shell:Creating package script '/home/ubuntu/rb3302_final_proj_code/robot_ws/install/yesense_std_ros2/share/yesense_std_ros2/package.bash'
[1.973s] INFO:colcon.colcon_core.shell:Creating package script '/home/ubuntu/rb3302_final_proj_code/robot_ws/install/yesense_std_ros2/share/yesense_std_ros2/package.zsh'
[1.975s] Level 1:colcon.colcon_core.environment:create_file_with_runtime_dependencies(/home/ubuntu/rb3302_final_proj_code/robot_ws/install/yesense_std_ros2/share/colcon-core/packages/yesense_std_ros2)
[1.978s] Level 1:colcon.colcon_core.environment:create_environment_scripts_only(yesense_std_ros2)
[1.979s] Level 1:colcon.colcon_core.environment:checking '/home/ubuntu/rb3302_final_proj_code/robot_ws/install/yesense_std_ros2' for CMake module files
[1.982s] Level 1:colcon.colcon_core.environment:checking '/home/ubuntu/rb3302_final_proj_code/robot_ws/install/yesense_std_ros2' for CMake config files
[1.984s] Level 1:colcon.colcon_core.shell:create_environment_hook('yesense_std_ros2', 'cmake_prefix_path')
[1.985s] INFO:colcon.colcon_core.shell:Creating environment hook '/home/ubuntu/rb3302_final_proj_code/robot_ws/install/yesense_std_ros2/share/yesense_std_ros2/hook/cmake_prefix_path.ps1'
[1.988s] INFO:colcon.colcon_core.shell:Creating environment descriptor '/home/ubuntu/rb3302_final_proj_code/robot_ws/install/yesense_std_ros2/share/yesense_std_ros2/hook/cmake_prefix_path.dsv'
[1.990s] INFO:colcon.colcon_core.shell:Creating environment hook '/home/ubuntu/rb3302_final_proj_code/robot_ws/install/yesense_std_ros2/share/yesense_std_ros2/hook/cmake_prefix_path.sh'
[1.993s] Level 1:colcon.colcon_core.environment:checking '/home/ubuntu/rb3302_final_proj_code/robot_ws/install/yesense_std_ros2/lib'
[1.994s] Level 1:colcon.colcon_core.environment:checking '/home/ubuntu/rb3302_final_proj_code/robot_ws/install/yesense_std_ros2/bin'
[1.994s] Level 1:colcon.colcon_core.environment:checking '/home/ubuntu/rb3302_final_proj_code/robot_ws/install/yesense_std_ros2/lib/pkgconfig/yesense_std_ros2.pc'
[1.995s] Level 1:colcon.colcon_core.environment:checking '/home/ubuntu/rb3302_final_proj_code/robot_ws/install/yesense_std_ros2/lib/python3.12/site-packages'
[1.997s] Level 1:colcon.colcon_core.environment:checking '/home/ubuntu/rb3302_final_proj_code/robot_ws/install/yesense_std_ros2/bin'
[1.999s] INFO:colcon.colcon_core.shell:Creating package script '/home/ubuntu/rb3302_final_proj_code/robot_ws/install/yesense_std_ros2/share/yesense_std_ros2/package.ps1'
[2.003s] INFO:colcon.colcon_core.shell:Creating package descriptor '/home/ubuntu/rb3302_final_proj_code/robot_ws/install/yesense_std_ros2/share/yesense_std_ros2/package.dsv'
[2.005s] INFO:colcon.colcon_core.shell:Creating package script '/home/ubuntu/rb3302_final_proj_code/robot_ws/install/yesense_std_ros2/share/yesense_std_ros2/package.sh'
[2.008s] INFO:colcon.colcon_core.shell:Creating package script '/home/ubuntu/rb3302_final_proj_code/robot_ws/install/yesense_std_ros2/share/yesense_std_ros2/package.bash'
[2.010s] INFO:colcon.colcon_core.shell:Creating package script '/home/ubuntu/rb3302_final_proj_code/robot_ws/install/yesense_std_ros2/share/yesense_std_ros2/package.zsh'
[2.012s] Level 1:colcon.colcon_core.environment:create_file_with_runtime_dependencies(/home/ubuntu/rb3302_final_proj_code/robot_ws/install/yesense_std_ros2/share/colcon-core/packages/yesense_std_ros2)
[2.464s] DEBUG:colcon.colcon_core.task.python.build:Available setuptools 'develop' options: --upgrade, --index-url, --no-deps, --allow-hosts, --exclude-scripts, --local-snapshots-ok, --version, --zip-ok, --record, --editable, --install-dir, --user, --force-installation-into-system-dir, --verbose, --no-user-cfg, --quiet, --prefix, --multi-version, --help, --no-find-links, --build-directory, --always-unzip, --always-copy, --find-links, --site-dirs, --uninstall, --optimize, --install-layout, --script-dir, --egg-path, --dry-run
[2.472s] DEBUG:colcon.colcon_core.event_handler.log_command:Invoking command in '/home/ubuntu/rb3302_final_proj_code/robot_ws/build/waverover_base': PYTHONPATH=/home/ubuntu/rb3302_final_proj_code/robot_ws/build/waverover_base/prefix_override:/usr/lib/python3/dist-packages/colcon_core/task/python/colcon_distutils_commands:/home/ubuntu/rb3302_final_proj_code/robot_ws/install/waverover_base/lib/python3.12/site-packages:${PYTHONPATH} /usr/bin/python3 -W ignore:setup.py install is deprecated -W ignore:easy_install command is deprecated setup.py develop --editable --build-directory /home/ubuntu/rb3302_final_proj_code/robot_ws/build/waverover_base/build --no-deps symlink_data
[3.512s] Level 1:colcon.colcon_core.shell:create_environment_hook('waverover_base', 'pythonpath_develop')
[3.515s] INFO:colcon.colcon_core.shell:Creating environment hook '/home/ubuntu/rb3302_final_proj_code/robot_ws/build/waverover_base/share/waverover_base/hook/pythonpath_develop.ps1'
[3.518s] DEBUG:colcon.colcon_core.event_handler.log_command:Invoked command in '/home/ubuntu/rb3302_final_proj_code/robot_ws/build/waverover_base' returned '0': PYTHONPATH=/home/ubuntu/rb3302_final_proj_code/robot_ws/build/waverover_base/prefix_override:/usr/lib/python3/dist-packages/colcon_core/task/python/colcon_distutils_commands:/home/ubuntu/rb3302_final_proj_code/robot_ws/install/waverover_base/lib/python3.12/site-packages:${PYTHONPATH} /usr/bin/python3 -W ignore:setup.py install is deprecated -W ignore:easy_install command is deprecated setup.py develop --editable --build-directory /home/ubuntu/rb3302_final_proj_code/robot_ws/build/waverover_base/build --no-deps symlink_data
[3.520s] INFO:colcon.colcon_core.shell:Creating environment descriptor '/home/ubuntu/rb3302_final_proj_code/robot_ws/build/waverover_base/share/waverover_base/hook/pythonpath_develop.dsv'
[3.523s] INFO:colcon.colcon_core.shell:Creating environment hook '/home/ubuntu/rb3302_final_proj_code/robot_ws/build/waverover_base/share/waverover_base/hook/pythonpath_develop.sh'
[3.528s] Level 1:colcon.colcon_core.environment:checking '/home/ubuntu/rb3302_final_proj_code/robot_ws/install/waverover_base' for CMake module files
[3.532s] Level 1:colcon.colcon_core.environment:checking '/home/ubuntu/rb3302_final_proj_code/robot_ws/install/waverover_base' for CMake config files
[3.538s] Level 1:colcon.colcon_core.environment:checking '/home/ubuntu/rb3302_final_proj_code/robot_ws/install/waverover_base/lib'
[3.538s] Level 1:colcon.colcon_core.environment:checking '/home/ubuntu/rb3302_final_proj_code/robot_ws/install/waverover_base/bin'
[3.539s] Level 1:colcon.colcon_core.environment:checking '/home/ubuntu/rb3302_final_proj_code/robot_ws/install/waverover_base/lib/pkgconfig/waverover_base.pc'
[3.542s] Level 1:colcon.colcon_core.environment:checking '/home/ubuntu/rb3302_final_proj_code/robot_ws/install/waverover_base/lib/python3.12/site-packages'
[3.543s] Level 1:colcon.colcon_core.shell:create_environment_hook('waverover_base', 'pythonpath')
[3.545s] INFO:colcon.colcon_core.shell:Creating environment hook '/home/ubuntu/rb3302_final_proj_code/robot_ws/install/waverover_base/share/waverover_base/hook/pythonpath.ps1'
[3.549s] INFO:colcon.colcon_core.shell:Creating environment descriptor '/home/ubuntu/rb3302_final_proj_code/robot_ws/install/waverover_base/share/waverover_base/hook/pythonpath.dsv'
[3.552s] INFO:colcon.colcon_core.shell:Creating environment hook '/home/ubuntu/rb3302_final_proj_code/robot_ws/install/waverover_base/share/waverover_base/hook/pythonpath.sh'
[3.558s] Level 1:colcon.colcon_core.environment:checking '/home/ubuntu/rb3302_final_proj_code/robot_ws/install/waverover_base/bin'
[3.559s] Level 1:colcon.colcon_core.environment:create_environment_scripts_only(waverover_base)
[3.561s] INFO:colcon.colcon_core.shell:Creating package script '/home/ubuntu/rb3302_final_proj_code/robot_ws/install/waverover_base/share/waverover_base/package.ps1'
[3.566s] INFO:colcon.colcon_core.shell:Creating package descriptor '/home/ubuntu/rb3302_final_proj_code/robot_ws/install/waverover_base/share/waverover_base/package.dsv'
[3.569s] INFO:colcon.colcon_core.shell:Creating package script '/home/ubuntu/rb3302_final_proj_code/robot_ws/install/waverover_base/share/waverover_base/package.sh'
[3.572s] INFO:colcon.colcon_core.shell:Creating package script '/home/ubuntu/rb3302_final_proj_code/robot_ws/install/waverover_base/share/waverover_base/package.bash'
[3.574s] INFO:colcon.colcon_core.shell:Creating package script '/home/ubuntu/rb3302_final_proj_code/robot_ws/install/waverover_base/share/waverover_base/package.zsh'
[3.575s] Level 1:colcon.colcon_core.environment:create_file_with_runtime_dependencies(/home/ubuntu/rb3302_final_proj_code/robot_ws/install/waverover_base/share/colcon-core/packages/waverover_base)
[3.577s] INFO:colcon.colcon_ros.task.ament_cmake.build:Building ROS package in '/home/ubuntu/rb3302_final_proj_code/robot_ws/src/robot_init' with build type 'ament_cmake'
[3.579s] INFO:colcon.colcon_cmake.task.cmake.build:Building CMake package in '/home/ubuntu/rb3302_final_proj_code/robot_ws/src/robot_init'
[3.580s] INFO:colcon.colcon_core.shell:Skip shell extension 'powershell' for command environment: Not usable outside of PowerShell
[3.580s] DEBUG:colcon.colcon_core.shell:Skip shell extension 'dsv' for command environment
[3.675s] DEBUG:colcon.colcon_core.event_handler.log_command:Invoking command in '/home/ubuntu/rb3302_final_proj_code/robot_ws/build/robot_init': AMENT_PREFIX_PATH=/home/ubuntu/rb3302_final_proj_code/robot_ws/install/waverover_base:/opt/ros/jazzy:/home/ubuntu/rb3302_final_proj_code/robot_ws/install/robot_init:/home/ubuntu/rb3302_final_proj_code/robot_ws/install/yesense_std_ros2:/home/ubuntu/rb3302_final_proj_code/robot_ws/install/yesense_interface:/home/ubuntu/rb3302_final_proj_code/robot_ws/install/serial:/home/ubuntu/rb3302_final_proj_code/robot_ws/install/rplidar_ros:/home/ubuntu/rb3302_final_proj_code/robot_ws/install/robot_model CMAKE_PREFIX_PATH=/home/ubuntu/rb3302_final_proj_code/robot_ws/install/yesense_std_ros2:/home/ubuntu/rb3302_final_proj_code/robot_ws/install/yesense_interface:/home/ubuntu/rb3302_final_proj_code/robot_ws/install/serial:/home/ubuntu/rb3302_final_proj_code/robot_ws/install/rplidar_ros:/home/ubuntu/rb3302_final_proj_code/robot_ws/install/robot_model:/opt/ros/jazzy/opt/gz_sim_vendor:/opt/ros/jazzy/opt/gz_sensors_vendor:/opt/ros/jazzy/opt/gz_physics_vendor:/opt/ros/jazzy/opt/sdformat_vendor:/opt/ros/jazzy/opt/gz_gui_vendor:/opt/ros/jazzy/opt/gz_transport_vendor:/opt/ros/jazzy/opt/gz_rendering_vendor:/opt/ros/jazzy/opt/gz_plugin_vendor:/opt/ros/jazzy/opt/gz_fuel_tools_vendor:/opt/ros/jazzy/opt/gz_msgs_vendor:/opt/ros/jazzy/opt/gz_common_vendor:/opt/ros/jazzy/opt/gz_math_vendor:/opt/ros/jazzy/opt/gz_utils_vendor:/opt/ros/jazzy/opt/gz_tools_vendor:/opt/ros/jazzy/opt/gz_ogre_next_vendor:/opt/ros/jazzy/opt/gz_dartsim_vendor:/opt/ros/jazzy/opt/gz_cmake_vendor:/home/ubuntu/rb3302_final_proj_code/robot_ws/install/robot_init:/opt/ros/jazzy:/home/ubuntu/rb3302_final_proj_code/robot_ws/install/waverover_base LD_LIBRARY_PATH=/home/ubuntu/rb3302_final_proj_code/robot_ws/install/yesense_interface/lib:/opt/ros/jazzy/opt/gz_sim_vendor/lib:/opt/ros/jazzy/opt/gz_sensors_vendor/lib:/opt/ros/jazzy/opt/gz_physics_vendor/lib:/opt/ros/jazzy/opt/sdformat_vendor/lib:/opt/ros/jazzy/opt/rviz_ogre_vendor/lib:/opt/ros/jazzy/lib/aarch64-linux-gnu:/opt/ros/jazzy/opt/gz_gui_vendor/lib:/opt/ros/jazzy/opt/gz_transport_vendor/lib:/opt/ros/jazzy/opt/gz_rendering_vendor/lib:/opt/ros/jazzy/opt/gz_plugin_vendor/lib:/opt/ros/jazzy/opt/gz_fuel_tools_vendor/lib:/opt/ros/jazzy/opt/gz_msgs_vendor/lib:/opt/ros/jazzy/opt/gz_common_vendor/lib:/opt/ros/jazzy/opt/gz_math_vendor/lib:/opt/ros/jazzy/opt/gz_utils_vendor/lib:/opt/ros/jazzy/opt/gz_tools_vendor/lib:/opt/ros/jazzy/opt/gz_ogre_next_vendor/lib:/opt/ros/jazzy/opt/gz_dartsim_vendor/lib:/opt/ros/jazzy/opt/gz_cmake_vendor/lib:/opt/ros/jazzy/lib:/home/ubuntu/rb3302_final_proj_code/robot_ws/install/serial/lib PYTHONPATH=/home/ubuntu/rb3302_final_proj_code/robot_ws/install/yesense_interface/lib/python3.12/site-packages:/home/ubuntu/rb3302_final_proj_code/robot_ws/build/waverover_base:/home/ubuntu/rb3302_final_proj_code/robot_ws/install/waverover_base/lib/python3.12/site-packages:/opt/ros/jazzy/lib/python3.12/site-packages /usr/bin/cmake --build /home/ubuntu/rb3302_final_proj_code/robot_ws/build/robot_init -- -j8 -l8
[3.774s] DEBUG:colcon.colcon_core.event_handler.log_command:Invoked command in '/home/ubuntu/rb3302_final_proj_code/robot_ws/build/robot_init' returned '0': AMENT_PREFIX_PATH=/home/ubuntu/rb3302_final_proj_code/robot_ws/install/waverover_base:/opt/ros/jazzy:/home/ubuntu/rb3302_final_proj_code/robot_ws/install/robot_init:/home/ubuntu/rb3302_final_proj_code/robot_ws/install/yesense_std_ros2:/home/ubuntu/rb3302_final_proj_code/robot_ws/install/yesense_interface:/home/ubuntu/rb3302_final_proj_code/robot_ws/install/serial:/home/ubuntu/rb3302_final_proj_code/robot_ws/install/rplidar_ros:/home/ubuntu/rb3302_final_proj_code/robot_ws/install/robot_model CMAKE_PREFIX_PATH=/home/ubuntu/rb3302_final_proj_code/robot_ws/install/yesense_std_ros2:/home/ubuntu/rb3302_final_proj_code/robot_ws/install/yesense_interface:/home/ubuntu/rb3302_final_proj_code/robot_ws/install/serial:/home/ubuntu/rb3302_final_proj_code/robot_ws/install/rplidar_ros:/home/ubuntu/rb3302_final_proj_code/robot_ws/install/robot_model:/opt/ros/jazzy/opt/gz_sim_vendor:/opt/ros/jazzy/opt/gz_sensors_vendor:/opt/ros/jazzy/opt/gz_physics_vendor:/opt/ros/jazzy/opt/sdformat_vendor:/opt/ros/jazzy/opt/gz_gui_vendor:/opt/ros/jazzy/opt/gz_transport_vendor:/opt/ros/jazzy/opt/gz_rendering_vendor:/opt/ros/jazzy/opt/gz_plugin_vendor:/opt/ros/jazzy/opt/gz_fuel_tools_vendor:/opt/ros/jazzy/opt/gz_msgs_vendor:/opt/ros/jazzy/opt/gz_common_vendor:/opt/ros/jazzy/opt/gz_math_vendor:/opt/ros/jazzy/opt/gz_utils_vendor:/opt/ros/jazzy/opt/gz_tools_vendor:/opt/ros/jazzy/opt/gz_ogre_next_vendor:/opt/ros/jazzy/opt/gz_dartsim_vendor:/opt/ros/jazzy/opt/gz_cmake_vendor:/home/ubuntu/rb3302_final_proj_code/robot_ws/install/robot_init:/opt/ros/jazzy:/home/ubuntu/rb3302_final_proj_code/robot_ws/install/waverover_base LD_LIBRARY_PATH=/home/ubuntu/rb3302_final_proj_code/robot_ws/install/yesense_interface/lib:/opt/ros/jazzy/opt/gz_sim_vendor/lib:/opt/ros/jazzy/opt/gz_sensors_vendor/lib:/opt/ros/jazzy/opt/gz_physics_vendor/lib:/opt/ros/jazzy/opt/sdformat_vendor/lib:/opt/ros/jazzy/opt/rviz_ogre_vendor/lib:/opt/ros/jazzy/lib/aarch64-linux-gnu:/opt/ros/jazzy/opt/gz_gui_vendor/lib:/opt/ros/jazzy/opt/gz_transport_vendor/lib:/opt/ros/jazzy/opt/gz_rendering_vendor/lib:/opt/ros/jazzy/opt/gz_plugin_vendor/lib:/opt/ros/jazzy/opt/gz_fuel_tools_vendor/lib:/opt/ros/jazzy/opt/gz_msgs_vendor/lib:/opt/ros/jazzy/opt/gz_common_vendor/lib:/opt/ros/jazzy/opt/gz_math_vendor/lib:/opt/ros/jazzy/opt/gz_utils_vendor/lib:/opt/ros/jazzy/opt/gz_tools_vendor/lib:/opt/ros/jazzy/opt/gz_ogre_next_vendor/lib:/opt/ros/jazzy/opt/gz_dartsim_vendor/lib:/opt/ros/jazzy/opt/gz_cmake_vendor/lib:/opt/ros/jazzy/lib:/home/ubuntu/rb3302_final_proj_code/robot_ws/install/serial/lib PYTHONPATH=/home/ubuntu/rb3302_final_proj_code/robot_ws/install/yesense_interface/lib/python3.12/site-packages:/home/ubuntu/rb3302_final_proj_code/robot_ws/build/waverover_base:/home/ubuntu/rb3302_final_proj_code/robot_ws/install/waverover_base/lib/python3.12/site-packages:/opt/ros/jazzy/lib/python3.12/site-packages /usr/bin/cmake --build /home/ubuntu/rb3302_final_proj_code/robot_ws/build/robot_init -- -j8 -l8
[3.782s] DEBUG:colcon.colcon_core.event_handler.log_command:Invoking command in '/home/ubuntu/rb3302_final_proj_code/robot_ws/build/robot_init': AMENT_PREFIX_PATH=/home/ubuntu/rb3302_final_proj_code/robot_ws/install/waverover_base:/opt/ros/jazzy:/home/ubuntu/rb3302_final_proj_code/robot_ws/install/robot_init:/home/ubuntu/rb3302_final_proj_code/robot_ws/install/yesense_std_ros2:/home/ubuntu/rb3302_final_proj_code/robot_ws/install/yesense_interface:/home/ubuntu/rb3302_final_proj_code/robot_ws/install/serial:/home/ubuntu/rb3302_final_proj_code/robot_ws/install/rplidar_ros:/home/ubuntu/rb3302_final_proj_code/robot_ws/install/robot_model CMAKE_PREFIX_PATH=/home/ubuntu/rb3302_final_proj_code/robot_ws/install/yesense_std_ros2:/home/ubuntu/rb3302_final_proj_code/robot_ws/install/yesense_interface:/home/ubuntu/rb3302_final_proj_code/robot_ws/install/serial:/home/ubuntu/rb3302_final_proj_code/robot_ws/install/rplidar_ros:/home/ubuntu/rb3302_final_proj_code/robot_ws/install/robot_model:/opt/ros/jazzy/opt/gz_sim_vendor:/opt/ros/jazzy/opt/gz_sensors_vendor:/opt/ros/jazzy/opt/gz_physics_vendor:/opt/ros/jazzy/opt/sdformat_vendor:/opt/ros/jazzy/opt/gz_gui_vendor:/opt/ros/jazzy/opt/gz_transport_vendor:/opt/ros/jazzy/opt/gz_rendering_vendor:/opt/ros/jazzy/opt/gz_plugin_vendor:/opt/ros/jazzy/opt/gz_fuel_tools_vendor:/opt/ros/jazzy/opt/gz_msgs_vendor:/opt/ros/jazzy/opt/gz_common_vendor:/opt/ros/jazzy/opt/gz_math_vendor:/opt/ros/jazzy/opt/gz_utils_vendor:/opt/ros/jazzy/opt/gz_tools_vendor:/opt/ros/jazzy/opt/gz_ogre_next_vendor:/opt/ros/jazzy/opt/gz_dartsim_vendor:/opt/ros/jazzy/opt/gz_cmake_vendor:/home/ubuntu/rb3302_final_proj_code/robot_ws/install/robot_init:/opt/ros/jazzy:/home/ubuntu/rb3302_final_proj_code/robot_ws/install/waverover_base LD_LIBRARY_PATH=/home/ubuntu/rb3302_final_proj_code/robot_ws/install/yesense_interface/lib:/opt/ros/jazzy/opt/gz_sim_vendor/lib:/opt/ros/jazzy/opt/gz_sensors_vendor/lib:/opt/ros/jazzy/opt/gz_physics_vendor/lib:/opt/ros/jazzy/opt/sdformat_vendor/lib:/opt/ros/jazzy/opt/rviz_ogre_vendor/lib:/opt/ros/jazzy/lib/aarch64-linux-gnu:/opt/ros/jazzy/opt/gz_gui_vendor/lib:/opt/ros/jazzy/opt/gz_transport_vendor/lib:/opt/ros/jazzy/opt/gz_rendering_vendor/lib:/opt/ros/jazzy/opt/gz_plugin_vendor/lib:/opt/ros/jazzy/opt/gz_fuel_tools_vendor/lib:/opt/ros/jazzy/opt/gz_msgs_vendor/lib:/opt/ros/jazzy/opt/gz_common_vendor/lib:/opt/ros/jazzy/opt/gz_math_vendor/lib:/opt/ros/jazzy/opt/gz_utils_vendor/lib:/opt/ros/jazzy/opt/gz_tools_vendor/lib:/opt/ros/jazzy/opt/gz_ogre_next_vendor/lib:/opt/ros/jazzy/opt/gz_dartsim_vendor/lib:/opt/ros/jazzy/opt/gz_cmake_vendor/lib:/opt/ros/jazzy/lib:/home/ubuntu/rb3302_final_proj_code/robot_ws/install/serial/lib PYTHONPATH=/home/ubuntu/rb3302_final_proj_code/robot_ws/install/yesense_interface/lib/python3.12/site-packages:/home/ubuntu/rb3302_final_proj_code/robot_ws/build/waverover_base:/home/ubuntu/rb3302_final_proj_code/robot_ws/install/waverover_base/lib/python3.12/site-packages:/opt/ros/jazzy/lib/python3.12/site-packages /usr/bin/cmake --install /home/ubuntu/rb3302_final_proj_code/robot_ws/build/robot_init
[3.828s] Level 1:colcon.colcon_core.environment:create_environment_scripts_only(robot_init)
[3.832s] Level 1:colcon.colcon_core.environment:checking '/home/ubuntu/rb3302_final_proj_code/robot_ws/install/robot_init' for CMake module files
[3.834s] DEBUG:colcon.colcon_core.event_handler.log_command:Invoked command in '/home/ubuntu/rb3302_final_proj_code/robot_ws/build/robot_init' returned '0': AMENT_PREFIX_PATH=/home/ubuntu/rb3302_final_proj_code/robot_ws/install/waverover_base:/opt/ros/jazzy:/home/ubuntu/rb3302_final_proj_code/robot_ws/install/robot_init:/home/ubuntu/rb3302_final_proj_code/robot_ws/install/yesense_std_ros2:/home/ubuntu/rb3302_final_proj_code/robot_ws/install/yesense_interface:/home/ubuntu/rb3302_final_proj_code/robot_ws/install/serial:/home/ubuntu/rb3302_final_proj_code/robot_ws/install/rplidar_ros:/home/ubuntu/rb3302_final_proj_code/robot_ws/install/robot_model CMAKE_PREFIX_PATH=/home/ubuntu/rb3302_final_proj_code/robot_ws/install/yesense_std_ros2:/home/ubuntu/rb3302_final_proj_code/robot_ws/install/yesense_interface:/home/ubuntu/rb3302_final_proj_code/robot_ws/install/serial:/home/ubuntu/rb3302_final_proj_code/robot_ws/install/rplidar_ros:/home/ubuntu/rb3302_final_proj_code/robot_ws/install/robot_model:/opt/ros/jazzy/opt/gz_sim_vendor:/opt/ros/jazzy/opt/gz_sensors_vendor:/opt/ros/jazzy/opt/gz_physics_vendor:/opt/ros/jazzy/opt/sdformat_vendor:/opt/ros/jazzy/opt/gz_gui_vendor:/opt/ros/jazzy/opt/gz_transport_vendor:/opt/ros/jazzy/opt/gz_rendering_vendor:/opt/ros/jazzy/opt/gz_plugin_vendor:/opt/ros/jazzy/opt/gz_fuel_tools_vendor:/opt/ros/jazzy/opt/gz_msgs_vendor:/opt/ros/jazzy/opt/gz_common_vendor:/opt/ros/jazzy/opt/gz_math_vendor:/opt/ros/jazzy/opt/gz_utils_vendor:/opt/ros/jazzy/opt/gz_tools_vendor:/opt/ros/jazzy/opt/gz_ogre_next_vendor:/opt/ros/jazzy/opt/gz_dartsim_vendor:/opt/ros/jazzy/opt/gz_cmake_vendor:/home/ubuntu/rb3302_final_proj_code/robot_ws/install/robot_init:/opt/ros/jazzy:/home/ubuntu/rb3302_final_proj_code/robot_ws/install/waverover_base LD_LIBRARY_PATH=/home/ubuntu/rb3302_final_proj_code/robot_ws/install/yesense_interface/lib:/opt/ros/jazzy/opt/gz_sim_vendor/lib:/opt/ros/jazzy/opt/gz_sensors_vendor/lib:/opt/ros/jazzy/opt/gz_physics_vendor/lib:/opt/ros/jazzy/opt/sdformat_vendor/lib:/opt/ros/jazzy/opt/rviz_ogre_vendor/lib:/opt/ros/jazzy/lib/aarch64-linux-gnu:/opt/ros/jazzy/opt/gz_gui_vendor/lib:/opt/ros/jazzy/opt/gz_transport_vendor/lib:/opt/ros/jazzy/opt/gz_rendering_vendor/lib:/opt/ros/jazzy/opt/gz_plugin_vendor/lib:/opt/ros/jazzy/opt/gz_fuel_tools_vendor/lib:/opt/ros/jazzy/opt/gz_msgs_vendor/lib:/opt/ros/jazzy/opt/gz_common_vendor/lib:/opt/ros/jazzy/opt/gz_math_vendor/lib:/opt/ros/jazzy/opt/gz_utils_vendor/lib:/opt/ros/jazzy/opt/gz_tools_vendor/lib:/opt/ros/jazzy/opt/gz_ogre_next_vendor/lib:/opt/ros/jazzy/opt/gz_dartsim_vendor/lib:/opt/ros/jazzy/opt/gz_cmake_vendor/lib:/opt/ros/jazzy/lib:/home/ubuntu/rb3302_final_proj_code/robot_ws/install/serial/lib PYTHONPATH=/home/ubuntu/rb3302_final_proj_code/robot_ws/install/yesense_interface/lib/python3.12/site-packages:/home/ubuntu/rb3302_final_proj_code/robot_ws/build/waverover_base:/home/ubuntu/rb3302_final_proj_code/robot_ws/install/waverover_base/lib/python3.12/site-packages:/opt/ros/jazzy/lib/python3.12/site-packages /usr/bin/cmake --install /home/ubuntu/rb3302_final_proj_code/robot_ws/build/robot_init
[3.840s] Level 1:colcon.colcon_core.environment:checking '/home/ubuntu/rb3302_final_proj_code/robot_ws/install/robot_init' for CMake config files
[3.844s] Level 1:colcon.colcon_core.shell:create_environment_hook('robot_init', 'cmake_prefix_path')
[3.845s] INFO:colcon.colcon_core.shell:Creating environment hook '/home/ubuntu/rb3302_final_proj_code/robot_ws/install/robot_init/share/robot_init/hook/cmake_prefix_path.ps1'
[3.852s] INFO:colcon.colcon_core.shell:Creating environment descriptor '/home/ubuntu/rb3302_final_proj_code/robot_ws/install/robot_init/share/robot_init/hook/cmake_prefix_path.dsv'
[3.855s] INFO:colcon.colcon_core.shell:Creating environment hook '/home/ubuntu/rb3302_final_proj_code/robot_ws/install/robot_init/share/robot_init/hook/cmake_prefix_path.sh'
[3.860s] Level 1:colcon.colcon_core.environment:checking '/home/ubuntu/rb3302_final_proj_code/robot_ws/install/robot_init/bin'
[3.861s] Level 1:colcon.colcon_core.environment:checking '/home/ubuntu/rb3302_final_proj_code/robot_ws/install/robot_init/lib/pkgconfig/robot_init.pc'
[3.864s] Level 1:colcon.colcon_core.environment:checking '/home/ubuntu/rb3302_final_proj_code/robot_ws/install/robot_init/lib/python3.12/site-packages'
[3.869s] Level 1:colcon.colcon_core.environment:checking '/home/ubuntu/rb3302_final_proj_code/robot_ws/install/robot_init/bin'
[3.871s] INFO:colcon.colcon_core.shell:Creating package script '/home/ubuntu/rb3302_final_proj_code/robot_ws/install/robot_init/share/robot_init/package.ps1'
[3.877s] INFO:colcon.colcon_core.shell:Creating package descriptor '/home/ubuntu/rb3302_final_proj_code/robot_ws/install/robot_init/share/robot_init/package.dsv'
[3.880s] INFO:colcon.colcon_core.shell:Creating package script '/home/ubuntu/rb3302_final_proj_code/robot_ws/install/robot_init/share/robot_init/package.sh'
[3.883s] INFO:colcon.colcon_core.shell:Creating package script '/home/ubuntu/rb3302_final_proj_code/robot_ws/install/robot_init/share/robot_init/package.bash'
[3.886s] INFO:colcon.colcon_core.shell:Creating package script '/home/ubuntu/rb3302_final_proj_code/robot_ws/install/robot_init/share/robot_init/package.zsh'
[3.888s] Level 1:colcon.colcon_core.environment:create_file_with_runtime_dependencies(/home/ubuntu/rb3302_final_proj_code/robot_ws/install/robot_init/share/colcon-core/packages/robot_init)
[3.891s] Level 1:colcon.colcon_core.environment:create_environment_scripts_only(robot_init)
[3.892s] Level 1:colcon.colcon_core.environment:checking '/home/ubuntu/rb3302_final_proj_code/robot_ws/install/robot_init' for CMake module files
[3.896s] Level 1:colcon.colcon_core.environment:checking '/home/ubuntu/rb3302_final_proj_code/robot_ws/install/robot_init' for CMake config files
[3.898s] Level 1:colcon.colcon_core.shell:create_environment_hook('robot_init', 'cmake_prefix_path')
[3.899s] INFO:colcon.colcon_core.shell:Creating environment hook '/home/ubuntu/rb3302_final_proj_code/robot_ws/install/robot_init/share/robot_init/hook/cmake_prefix_path.ps1'
[3.901s] INFO:colcon.colcon_core.shell:Creating environment descriptor '/home/ubuntu/rb3302_final_proj_code/robot_ws/install/robot_init/share/robot_init/hook/cmake_prefix_path.dsv'
[3.903s] INFO:colcon.colcon_core.shell:Creating environment hook '/home/ubuntu/rb3302_final_proj_code/robot_ws/install/robot_init/share/robot_init/hook/cmake_prefix_path.sh'
[3.905s] Level 1:colcon.colcon_core.environment:checking '/home/ubuntu/rb3302_final_proj_code/robot_ws/install/robot_init/bin'
[3.905s] Level 1:colcon.colcon_core.environment:checking '/home/ubuntu/rb3302_final_proj_code/robot_ws/install/robot_init/lib/pkgconfig/robot_init.pc'
[3.906s] Level 1:colcon.colcon_core.environment:checking '/home/ubuntu/rb3302_final_proj_code/robot_ws/install/robot_init/lib/python3.12/site-packages'
[3.909s] Level 1:colcon.colcon_core.environment:checking '/home/ubuntu/rb3302_final_proj_code/robot_ws/install/robot_init/bin'
[3.910s] INFO:colcon.colcon_core.shell:Creating package script '/home/ubuntu/rb3302_final_proj_code/robot_ws/install/robot_init/share/robot_init/package.ps1'
[3.914s] INFO:colcon.colcon_core.shell:Creating package descriptor '/home/ubuntu/rb3302_final_proj_code/robot_ws/install/robot_init/share/robot_init/package.dsv'
[3.917s] INFO:colcon.colcon_core.shell:Creating package script '/home/ubuntu/rb3302_final_proj_code/robot_ws/install/robot_init/share/robot_init/package.sh'
[3.920s] INFO:colcon.colcon_core.shell:Creating package script '/home/ubuntu/rb3302_final_proj_code/robot_ws/install/robot_init/share/robot_init/package.bash'
[3.922s] INFO:colcon.colcon_core.shell:Creating package script '/home/ubuntu/rb3302_final_proj_code/robot_ws/install/robot_init/share/robot_init/package.zsh'
[3.924s] Level 1:colcon.colcon_core.environment:create_file_with_runtime_dependencies(/home/ubuntu/rb3302_final_proj_code/robot_ws/install/robot_init/share/colcon-core/packages/robot_init)
[3.926s] DEBUG:colcon.colcon_parallel_executor.executor.parallel:closing loop
[3.928s] DEBUG:colcon.colcon_parallel_executor.executor.parallel:loop closed
[3.929s] DEBUG:colcon.colcon_parallel_executor.executor.parallel:run_until_complete finished with '0'
[3.930s] DEBUG:colcon.colcon_core.event_reactor:joining thread
[3.934s] DEBUG:colcon.colcon_core.event_reactor:joined thread
[3.935s] INFO:colcon.colcon_core.shell:Creating prefix script '/home/ubuntu/rb3302_final_proj_code/robot_ws/install/local_setup.ps1'
[3.944s] INFO:colcon.colcon_core.shell:Creating prefix util module '/home/ubuntu/rb3302_final_proj_code/robot_ws/install/_local_setup_util_ps1.py'
[3.955s] INFO:colcon.colcon_core.shell:Creating prefix chain script '/home/ubuntu/rb3302_final_proj_code/robot_ws/install/setup.ps1'
[3.965s] INFO:colcon.colcon_core.shell:Creating prefix script '/home/ubuntu/rb3302_final_proj_code/robot_ws/install/local_setup.sh'
[3.968s] INFO:colcon.colcon_core.shell:Creating prefix util module '/home/ubuntu/rb3302_final_proj_code/robot_ws/install/_local_setup_util_sh.py'
[3.971s] INFO:colcon.colcon_core.shell:Creating prefix chain script '/home/ubuntu/rb3302_final_proj_code/robot_ws/install/setup.sh'
[3.977s] INFO:colcon.colcon_core.shell:Creating prefix script '/home/ubuntu/rb3302_final_proj_code/robot_ws/install/local_setup.bash'
[3.979s] INFO:colcon.colcon_core.shell:Creating prefix chain script '/home/ubuntu/rb3302_final_proj_code/robot_ws/install/setup.bash'
[3.985s] INFO:colcon.colcon_core.shell:Creating prefix script '/home/ubuntu/rb3302_final_proj_code/robot_ws/install/local_setup.zsh'
[3.986s] INFO:colcon.colcon_core.shell:Creating prefix chain script '/home/ubuntu/rb3302_final_proj_code/robot_ws/install/setup.zsh'
