[0.000000] (-) TimerEvent: {}
[0.001557] (robot_model) JobQueued: {'identifier': 'robot_model', 'dependencies': OrderedDict()}
[0.001789] (rplidar_ros) JobQueued: {'identifier': 'rplidar_ros', 'dependencies': OrderedDict()}
[0.001915] (serial) JobQueued: {'identifier': 'serial', 'dependencies': OrderedDict()}
[0.002086] (waverover_base) JobQueued: {'identifier': 'waverover_base', 'dependencies': OrderedDict()}
[0.002197] (yesense_interface) JobQueued: {'identifier': 'yesense_interface', 'dependencies': OrderedDict()}
[0.002548] (yesense_std_ros2) JobQueued: {'identifier': 'yesense_std_ros2', 'dependencies': OrderedDict({'serial': '/home/ubuntu/rb3302_final_proj_code/robot_ws/install/serial', 'yesense_interface': '/home/ubuntu/rb3302_final_proj_code/robot_ws/install/yesense_interface'})}
[0.003129] (robot_init) JobQueued: {'identifier': 'robot_init', 'dependencies': OrderedDict({'robot_model': '/home/ubuntu/rb3302_final_proj_code/robot_ws/install/robot_model', 'rplidar_ros': '/home/ubuntu/rb3302_final_proj_code/robot_ws/install/rplidar_ros', 'serial': '/home/ubuntu/rb3302_final_proj_code/robot_ws/install/serial', 'waverover_base': '/home/ubuntu/rb3302_final_proj_code/robot_ws/install/waverover_base', 'yesense_interface': '/home/ubuntu/rb3302_final_proj_code/robot_ws/install/yesense_interface', 'yesense_std_ros2': '/home/ubuntu/rb3302_final_proj_code/robot_ws/install/yesense_std_ros2'})}
[0.003393] (serial) JobStarted: {'identifier': 'serial'}
[0.011476] (yesense_interface) JobStarted: {'identifier': 'yesense_interface'}
[0.013232] (robot_model) JobStarted: {'identifier': 'robot_model'}
[0.015943] (rplidar_ros) JobStarted: {'identifier': 'rplidar_ros'}
[0.018477] (waverover_base) JobStarted: {'identifier': 'waverover_base'}
[0.024672] (serial) JobProgress: {'identifier': 'serial', 'progress': 'cmake'}
[0.025636] (serial) JobProgress: {'identifier': 'serial', 'progress': 'build'}
[0.026609] (serial) Command: {'cmd': ['/usr/bin/cmake', '--build', '/home/ubuntu/rb3302_final_proj_code/robot_ws/build/serial', '--', '-j8', '-l8'], 'cwd': '/home/ubuntu/rb3302_final_proj_code/robot_ws/build/serial', 'env': OrderedDict({'USER': 'ubuntu', 'SSH_CLIENT': '10.42.0.1 52480 22', 'XDG_SESSION_TYPE': 'tty', 'SHLVL': '1', 'HOME': '/home/ubuntu', 'OLDPWD': '/home/ubuntu', 'SSH_TTY': '/dev/pts/0', 'DBUS_SESSION_BUS_ADDRESS': 'unix:path=/run/user/1000/bus', 'LOGNAME': 'ubuntu', '_': '/usr/bin/colcon', 'XDG_SESSION_CLASS': 'user', 'TERM': 'xterm-256color', 'XDG_SESSION_ID': '6', 'PATH': '/usr/local/sbin:/usr/local/bin:/usr/sbin:/usr/bin:/sbin:/bin:/usr/games:/usr/local/games:/snap/bin', 'VK_ICD_FILENAMES': '/usr/share/vulkan/icd.d/adrenovk.json', 'XDG_RUNTIME_DIR': '/run/user/1000', 'LANG': 'en_US.UTF-8', 'SHELL': '/bin/bash', 'PWD': '/home/ubuntu/rb3302_final_proj_code/robot_ws/build/serial', 'QT_QPA_PLATFORM': 'wayland', 'LC_ALL': 'en_US.UTF-8', 'SSH_CONNECTION': '10.42.0.1 52480 10.42.0.126 22', 'XDG_DATA_DIRS': '/usr/local/share:/usr/share:/var/lib/snapd/desktop', 'COLCON': '1'}), 'shell': False}
[0.031428] (yesense_interface) JobProgress: {'identifier': 'yesense_interface', 'progress': 'cmake'}
[0.031817] (yesense_interface) JobProgress: {'identifier': 'yesense_interface', 'progress': 'build'}
[0.032622] (yesense_interface) Command: {'cmd': ['/usr/bin/cmake', '--build', '/home/ubuntu/rb3302_final_proj_code/robot_ws/build/yesense_interface', '--', '-j8', '-l8'], 'cwd': '/home/ubuntu/rb3302_final_proj_code/robot_ws/build/yesense_interface', 'env': OrderedDict({'USER': 'ubuntu', 'SSH_CLIENT': '10.42.0.1 52480 22', 'XDG_SESSION_TYPE': 'tty', 'SHLVL': '1', 'HOME': '/home/ubuntu', 'OLDPWD': '/home/ubuntu', 'SSH_TTY': '/dev/pts/0', 'DBUS_SESSION_BUS_ADDRESS': 'unix:path=/run/user/1000/bus', 'LOGNAME': 'ubuntu', '_': '/usr/bin/colcon', 'XDG_SESSION_CLASS': 'user', 'TERM': 'xterm-256color', 'XDG_SESSION_ID': '6', 'PATH': '/usr/local/sbin:/usr/local/bin:/usr/sbin:/usr/bin:/sbin:/bin:/usr/games:/usr/local/games:/snap/bin', 'VK_ICD_FILENAMES': '/usr/share/vulkan/icd.d/adrenovk.json', 'XDG_RUNTIME_DIR': '/run/user/1000', 'LANG': 'en_US.UTF-8', 'SHELL': '/bin/bash', 'PWD': '/home/ubuntu/rb3302_final_proj_code/robot_ws/build/yesense_interface', 'QT_QPA_PLATFORM': 'wayland', 'LC_ALL': 'en_US.UTF-8', 'SSH_CONNECTION': '10.42.0.1 52480 10.42.0.126 22', 'XDG_DATA_DIRS': '/usr/local/share:/usr/share:/var/lib/snapd/desktop', 'COLCON': '1'}), 'shell': False}
[0.038658] (robot_model) JobProgress: {'identifier': 'robot_model', 'progress': 'cmake'}
[0.038950] (robot_model) JobProgress: {'identifier': 'robot_model', 'progress': 'build'}
[0.039084] (robot_model) Command: {'cmd': ['/usr/bin/cmake', '--build', '/home/ubuntu/rb3302_final_proj_code/robot_ws/build/robot_model', '--', '-j8', '-l8'], 'cwd': '/home/ubuntu/rb3302_final_proj_code/robot_ws/build/robot_model', 'env': OrderedDict({'USER': 'ubuntu', 'SSH_CLIENT': '10.42.0.1 52480 22', 'XDG_SESSION_TYPE': 'tty', 'SHLVL': '1', 'HOME': '/home/ubuntu', 'OLDPWD': '/home/ubuntu', 'SSH_TTY': '/dev/pts/0', 'DBUS_SESSION_BUS_ADDRESS': 'unix:path=/run/user/1000/bus', 'LOGNAME': 'ubuntu', '_': '/usr/bin/colcon', 'XDG_SESSION_CLASS': 'user', 'TERM': 'xterm-256color', 'XDG_SESSION_ID': '6', 'PATH': '/usr/local/sbin:/usr/local/bin:/usr/sbin:/usr/bin:/sbin:/bin:/usr/games:/usr/local/games:/snap/bin', 'VK_ICD_FILENAMES': '/usr/share/vulkan/icd.d/adrenovk.json', 'XDG_RUNTIME_DIR': '/run/user/1000', 'LANG': 'en_US.UTF-8', 'SHELL': '/bin/bash', 'PWD': '/home/ubuntu/rb3302_final_proj_code/robot_ws/build/robot_model', 'QT_QPA_PLATFORM': 'wayland', 'LC_ALL': 'en_US.UTF-8', 'SSH_CONNECTION': '10.42.0.1 52480 10.42.0.126 22', 'XDG_DATA_DIRS': '/usr/local/share:/usr/share:/var/lib/snapd/desktop', 'COLCON': '1'}), 'shell': False}
[0.043934] (rplidar_ros) JobProgress: {'identifier': 'rplidar_ros', 'progress': 'cmake'}
[0.044385] (rplidar_ros) JobProgress: {'identifier': 'rplidar_ros', 'progress': 'build'}
[0.044621] (rplidar_ros) Command: {'cmd': ['/usr/bin/cmake', '--build', '/home/ubuntu/rb3302_final_proj_code/robot_ws/build/rplidar_ros', '--', '-j8', '-l8'], 'cwd': '/home/ubuntu/rb3302_final_proj_code/robot_ws/build/rplidar_ros', 'env': OrderedDict({'USER': 'ubuntu', 'SSH_CLIENT': '10.42.0.1 52480 22', 'XDG_SESSION_TYPE': 'tty', 'SHLVL': '1', 'HOME': '/home/ubuntu', 'OLDPWD': '/home/ubuntu', 'SSH_TTY': '/dev/pts/0', 'DBUS_SESSION_BUS_ADDRESS': 'unix:path=/run/user/1000/bus', 'LOGNAME': 'ubuntu', '_': '/usr/bin/colcon', 'XDG_SESSION_CLASS': 'user', 'TERM': 'xterm-256color', 'XDG_SESSION_ID': '6', 'PATH': '/usr/local/sbin:/usr/local/bin:/usr/sbin:/usr/bin:/sbin:/bin:/usr/games:/usr/local/games:/snap/bin', 'VK_ICD_FILENAMES': '/usr/share/vulkan/icd.d/adrenovk.json', 'XDG_RUNTIME_DIR': '/run/user/1000', 'LANG': 'en_US.UTF-8', 'SHELL': '/bin/bash', 'PWD': '/home/ubuntu/rb3302_final_proj_code/robot_ws/build/rplidar_ros', 'QT_QPA_PLATFORM': 'wayland', 'LC_ALL': 'en_US.UTF-8', 'SSH_CONNECTION': '10.42.0.1 52480 10.42.0.126 22', 'XDG_DATA_DIRS': '/usr/local/share:/usr/share:/var/lib/snapd/desktop', 'COLCON': '1'}), 'shell': False}
[0.099493] (-) TimerEvent: {}
[0.157409] (yesense_interface) StdoutLine: {'line': b'[  1%] Built target yesense_interface__rosidl_generator_type_description\n'}
[0.172629] (yesense_interface) StdoutLine: {'line': b'[  1%] Built target yesense_interface__rs\n'}
[0.189510] (rplidar_ros) StdoutLine: {'line': b'[ 50%] Built target rplidar_node\n'}
[0.190535] (rplidar_ros) StdoutLine: {'line': b'[ 97%] Built target rplidar_composition\n'}
[0.190848] (rplidar_ros) StdoutLine: {'line': b'[100%] Built target rplidar_client\n'}
[0.191621] (serial) StdoutLine: {'line': b'[100%] Built target serial\n'}
[0.197522] (yesense_interface) StdoutLine: {'line': b'[  1%] Built target ament_cmake_python_symlink_yesense_interface\n'}
[0.199685] (-) TimerEvent: {}
[0.245850] (yesense_interface) StdoutLine: {'line': b'[  1%] Built target yesense_interface__cpp\n'}
[0.277700] (yesense_interface) StdoutLine: {'line': b'[ 29%] Built target yesense_interface__rosidl_generator_c\n'}
[0.302434] (-) TimerEvent: {}
[0.350480] (yesense_interface) StdoutLine: {'line': b'[ 39%] Built target yesense_interface__rosidl_typesupport_introspection_cpp\n'}
[0.381585] (yesense_interface) StdoutLine: {'line': b'[ 49%] Built target yesense_interface__rosidl_typesupport_c\n'}
[0.387268] (yesense_interface) StdoutLine: {'line': b'[ 59%] Built target yesense_interface__rosidl_typesupport_introspection_c\n'}
[0.393483] (yesense_interface) StdoutLine: {'line': b'[ 68%] Built target yesense_interface__rosidl_typesupport_cpp\n'}
[0.402949] (serial) CommandEnded: {'returncode': 0}
[0.403396] (-) TimerEvent: {}
[0.403970] (serial) JobProgress: {'identifier': 'serial', 'progress': 'install'}
[0.416393] (yesense_interface) StdoutLine: {'line': b'[ 78%] Built target yesense_interface__rosidl_typesupport_fastrtps_cpp\n'}
[0.431955] (serial) Command: {'cmd': ['/usr/bin/cmake', '--install', '/home/ubuntu/rb3302_final_proj_code/robot_ws/build/serial'], 'cwd': '/home/ubuntu/rb3302_final_proj_code/robot_ws/build/serial', 'env': OrderedDict({'USER': 'ubuntu', 'SSH_CLIENT': '10.42.0.1 52480 22', 'XDG_SESSION_TYPE': 'tty', 'SHLVL': '1', 'HOME': '/home/ubuntu', 'OLDPWD': '/home/ubuntu', 'SSH_TTY': '/dev/pts/0', 'DBUS_SESSION_BUS_ADDRESS': 'unix:path=/run/user/1000/bus', 'LOGNAME': 'ubuntu', '_': '/usr/bin/colcon', 'XDG_SESSION_CLASS': 'user', 'TERM': 'xterm-256color', 'XDG_SESSION_ID': '6', 'PATH': '/usr/local/sbin:/usr/local/bin:/usr/sbin:/usr/bin:/sbin:/bin:/usr/games:/usr/local/games:/snap/bin', 'VK_ICD_FILENAMES': '/usr/share/vulkan/icd.d/adrenovk.json', 'XDG_RUNTIME_DIR': '/run/user/1000', 'LANG': 'en_US.UTF-8', 'SHELL': '/bin/bash', 'PWD': '/home/ubuntu/rb3302_final_proj_code/robot_ws/build/serial', 'QT_QPA_PLATFORM': 'wayland', 'LC_ALL': 'en_US.UTF-8', 'SSH_CONNECTION': '10.42.0.1 52480 10.42.0.126 22', 'XDG_DATA_DIRS': '/usr/local/share:/usr/share:/var/lib/snapd/desktop', 'COLCON': '1'}), 'shell': False}
[0.433450] (rplidar_ros) CommandEnded: {'returncode': 0}
[0.434141] (rplidar_ros) JobProgress: {'identifier': 'rplidar_ros', 'progress': 'install'}
[0.434464] (rplidar_ros) Command: {'cmd': ['/usr/bin/cmake', '--install', '/home/ubuntu/rb3302_final_proj_code/robot_ws/build/rplidar_ros'], 'cwd': '/home/ubuntu/rb3302_final_proj_code/robot_ws/build/rplidar_ros', 'env': OrderedDict({'USER': 'ubuntu', 'SSH_CLIENT': '10.42.0.1 52480 22', 'XDG_SESSION_TYPE': 'tty', 'SHLVL': '1', 'HOME': '/home/ubuntu', 'OLDPWD': '/home/ubuntu', 'SSH_TTY': '/dev/pts/0', 'DBUS_SESSION_BUS_ADDRESS': 'unix:path=/run/user/1000/bus', 'LOGNAME': 'ubuntu', '_': '/usr/bin/colcon', 'XDG_SESSION_CLASS': 'user', 'TERM': 'xterm-256color', 'XDG_SESSION_ID': '6', 'PATH': '/usr/local/sbin:/usr/local/bin:/usr/sbin:/usr/bin:/sbin:/bin:/usr/games:/usr/local/games:/snap/bin', 'VK_ICD_FILENAMES': '/usr/share/vulkan/icd.d/adrenovk.json', 'XDG_RUNTIME_DIR': '/run/user/1000', 'LANG': 'en_US.UTF-8', 'SHELL': '/bin/bash', 'PWD': '/home/ubuntu/rb3302_final_proj_code/robot_ws/build/rplidar_ros', 'QT_QPA_PLATFORM': 'wayland', 'LC_ALL': 'en_US.UTF-8', 'SSH_CONNECTION': '10.42.0.1 52480 10.42.0.126 22', 'XDG_DATA_DIRS': '/usr/local/share:/usr/share:/var/lib/snapd/desktop', 'COLCON': '1'}), 'shell': False}
[0.436368] (robot_model) CommandEnded: {'returncode': 0}
[0.436893] (yesense_interface) StdoutLine: {'line': b'[ 88%] Built target yesense_interface__rosidl_typesupport_fastrtps_c\n'}
[0.437439] (robot_model) JobProgress: {'identifier': 'robot_model', 'progress': 'install'}
[0.438105] (robot_model) Command: {'cmd': ['/usr/bin/cmake', '--install', '/home/ubuntu/rb3302_final_proj_code/robot_ws/build/robot_model'], 'cwd': '/home/ubuntu/rb3302_final_proj_code/robot_ws/build/robot_model', 'env': OrderedDict({'USER': 'ubuntu', 'SSH_CLIENT': '10.42.0.1 52480 22', 'XDG_SESSION_TYPE': 'tty', 'SHLVL': '1', 'HOME': '/home/ubuntu', 'OLDPWD': '/home/ubuntu', 'SSH_TTY': '/dev/pts/0', 'DBUS_SESSION_BUS_ADDRESS': 'unix:path=/run/user/1000/bus', 'LOGNAME': 'ubuntu', '_': '/usr/bin/colcon', 'XDG_SESSION_CLASS': 'user', 'TERM': 'xterm-256color', 'XDG_SESSION_ID': '6', 'PATH': '/usr/local/sbin:/usr/local/bin:/usr/sbin:/usr/bin:/sbin:/bin:/usr/games:/usr/local/games:/snap/bin', 'VK_ICD_FILENAMES': '/usr/share/vulkan/icd.d/adrenovk.json', 'XDG_RUNTIME_DIR': '/run/user/1000', 'LANG': 'en_US.UTF-8', 'SHELL': '/bin/bash', 'PWD': '/home/ubuntu/rb3302_final_proj_code/robot_ws/build/robot_model', 'QT_QPA_PLATFORM': 'wayland', 'LC_ALL': 'en_US.UTF-8', 'SSH_CONNECTION': '10.42.0.1 52480 10.42.0.126 22', 'XDG_DATA_DIRS': '/usr/local/share:/usr/share:/var/lib/snapd/desktop', 'COLCON': '1'}), 'shell': False}
[0.456402] (robot_model) StdoutLine: {'line': b'-- Install configuration: ""\n'}
[0.457049] (robot_model) StdoutLine: {'line': b'-- Execute custom install script\n'}
[0.457204] (robot_model) StdoutLine: {'line': b'-- Up-to-date symlink: /home/ubuntu/rb3302_final_proj_code/robot_ws/install/robot_model/share/robot_model/urdf/diffbot.urdf.xacro\n'}
[0.457459] (robot_model) StdoutLine: {'line': b'-- Up-to-date symlink: /home/ubuntu/rb3302_final_proj_code/robot_ws/install/robot_model/share/robot_model/launch/description.launch.py\n'}
[0.457933] (robot_model) StdoutLine: {'line': b'-- Up-to-date symlink: /home/ubuntu/rb3302_final_proj_code/robot_ws/install/robot_model/share/robot_model/rviz/description.rviz\n'}
[0.458277] (robot_model) StdoutLine: {'line': b'-- Up-to-date symlink: /home/ubuntu/rb3302_final_proj_code/robot_ws/install/robot_model/share/ament_index/resource_index/package_run_dependencies/robot_model\n'}
[0.458436] (robot_model) StdoutLine: {'line': b'-- Up-to-date symlink: /home/ubuntu/rb3302_final_proj_code/robot_ws/install/robot_model/share/ament_index/resource_index/parent_prefix_path/robot_model\n'}
[0.458553] (robot_model) StdoutLine: {'line': b'-- Up-to-date symlink: /home/ubuntu/rb3302_final_proj_code/robot_ws/install/robot_model/share/robot_model/environment/ament_prefix_path.sh\n'}
[0.458661] (robot_model) StdoutLine: {'line': b'-- Up-to-date symlink: /home/ubuntu/rb3302_final_proj_code/robot_ws/install/robot_model/share/robot_model/environment/ament_prefix_path.dsv\n'}
[0.458762] (robot_model) StdoutLine: {'line': b'-- Up-to-date symlink: /home/ubuntu/rb3302_final_proj_code/robot_ws/install/robot_model/share/robot_model/environment/path.sh\n'}
[0.458860] (robot_model) StdoutLine: {'line': b'-- Up-to-date symlink: /home/ubuntu/rb3302_final_proj_code/robot_ws/install/robot_model/share/robot_model/environment/path.dsv\n'}
[0.458959] (robot_model) StdoutLine: {'line': b'-- Up-to-date symlink: /home/ubuntu/rb3302_final_proj_code/robot_ws/install/robot_model/share/robot_model/local_setup.bash\n'}
[0.459058] (robot_model) StdoutLine: {'line': b'-- Up-to-date symlink: /home/ubuntu/rb3302_final_proj_code/robot_ws/install/robot_model/share/robot_model/local_setup.sh\n'}
[0.459155] (robot_model) StdoutLine: {'line': b'-- Up-to-date symlink: /home/ubuntu/rb3302_final_proj_code/robot_ws/install/robot_model/share/robot_model/local_setup.zsh\n'}
[0.459253] (robot_model) StdoutLine: {'line': b'-- Up-to-date symlink: /home/ubuntu/rb3302_final_proj_code/robot_ws/install/robot_model/share/robot_model/local_setup.dsv\n'}
[0.459411] (robot_model) StdoutLine: {'line': b'-- Symlinking: /home/ubuntu/rb3302_final_proj_code/robot_ws/install/robot_model/share/robot_model/package.dsv\n'}
[0.463959] (serial) StdoutLine: {'line': b'-- Install configuration: ""\n'}
[0.466112] (serial) StdoutLine: {'line': b'-- Execute custom install script\n'}
[0.467743] (serial) StdoutLine: {'line': b'-- Up-to-date symlink: /home/ubuntu/rb3302_final_proj_code/robot_ws/install/serial/lib/libserial.a\n'}
[0.468846] (rplidar_ros) StdoutLine: {'line': b'-- Install configuration: ""\n'}
[0.469598] (serial) StdoutLine: {'line': b'-- Up-to-date symlink: /home/ubuntu/rb3302_final_proj_code/robot_ws/install/serial/share/serial/environment/library_path.sh\n'}
[0.470216] (serial) StdoutLine: {'line': b'-- Up-to-date symlink: /home/ubuntu/rb3302_final_proj_code/robot_ws/install/serial/share/serial/environment/library_path.dsv\n'}
[0.471305] (rplidar_ros) StdoutLine: {'line': b'-- Execute custom install script\n'}
[0.471873] (serial) StdoutLine: {'line': b'-- Up-to-date symlink: /home/ubuntu/rb3302_final_proj_code/robot_ws/install/serial/include/serial/impl/unix.h\n'}
[0.472624] (yesense_interface) StdoutLine: {'line': b'[ 88%] Built target yesense_interface\n'}
[0.473305] (serial) StdoutLine: {'line': b'-- Up-to-date symlink: /home/ubuntu/rb3302_final_proj_code/robot_ws/install/serial/include/serial/impl/win.h\n'}
[0.473869] (serial) StdoutLine: {'line': b'-- Up-to-date symlink: /home/ubuntu/rb3302_final_proj_code/robot_ws/install/serial/include/serial/serial.h\n'}
[0.475022] (serial) StdoutLine: {'line': b'-- Up-to-date symlink: /home/ubuntu/rb3302_final_proj_code/robot_ws/install/serial/include/serial/v8stdint.h\n'}
[0.476597] (serial) StdoutLine: {'line': b'-- Up-to-date symlink: /home/ubuntu/rb3302_final_proj_code/robot_ws/install/serial/share/ament_index/resource_index/package_run_dependencies/serial\n'}
[0.477532] (serial) StdoutLine: {'line': b'-- Up-to-date symlink: /home/ubuntu/rb3302_final_proj_code/robot_ws/install/serial/share/ament_index/resource_index/parent_prefix_path/serial\n'}
[0.478350] (rplidar_ros) StdoutLine: {'line': b'-- Up-to-date symlink: /home/ubuntu/rb3302_final_proj_code/robot_ws/install/rplidar_ros/share/rplidar_ros/launch/rplidar_launch.py\n'}
[0.478996] (rplidar_ros) StdoutLine: {'line': b'-- Up-to-date symlink: /home/ubuntu/rb3302_final_proj_code/robot_ws/install/rplidar_ros/share/rplidar_ros/rviz/rplidar_ros.rviz\n'}
[0.479593] (serial) StdoutLine: {'line': b'-- Up-to-date symlink: /home/ubuntu/rb3302_final_proj_code/robot_ws/install/serial/share/serial/environment/ament_prefix_path.sh\n'}
[0.480200] (serial) StdoutLine: {'line': b'-- Up-to-date symlink: /home/ubuntu/rb3302_final_proj_code/robot_ws/install/serial/share/serial/environment/ament_prefix_path.dsv\n'}
[0.480798] (serial) StdoutLine: {'line': b'-- Up-to-date symlink: /home/ubuntu/rb3302_final_proj_code/robot_ws/install/serial/share/serial/environment/path.sh\n'}
[0.481286] (serial) StdoutLine: {'line': b'-- Up-to-date symlink: /home/ubuntu/rb3302_final_proj_code/robot_ws/install/serial/share/serial/environment/path.dsv\n'}
[0.481924] (serial) StdoutLine: {'line': b'-- Up-to-date symlink: /home/ubuntu/rb3302_final_proj_code/robot_ws/install/serial/share/serial/local_setup.bash\n'}
[0.482475] (serial) StdoutLine: {'line': b'-- Up-to-date symlink: /home/ubuntu/rb3302_final_proj_code/robot_ws/install/serial/share/serial/local_setup.sh\n'}
[0.483087] (serial) StdoutLine: {'line': b'-- Up-to-date symlink: /home/ubuntu/rb3302_final_proj_code/robot_ws/install/serial/share/serial/local_setup.zsh\n'}
[0.483669] (serial) StdoutLine: {'line': b'-- Up-to-date symlink: /home/ubuntu/rb3302_final_proj_code/robot_ws/install/serial/share/serial/local_setup.dsv\n'}
[0.484245] (rplidar_ros) StdoutLine: {'line': b'-- Up-to-date symlink: /home/ubuntu/rb3302_final_proj_code/robot_ws/install/rplidar_ros/lib/rplidar_ros/rplidar_node\n'}
[0.484915] (rplidar_ros) StdoutLine: {'line': b'-- Up-to-date symlink: /home/ubuntu/rb3302_final_proj_code/robot_ws/install/rplidar_ros/lib/rplidar_ros/rplidar_composition\n'}
[0.485521] (rplidar_ros) StdoutLine: {'line': b'-- Up-to-date symlink: /home/ubuntu/rb3302_final_proj_code/robot_ws/install/rplidar_ros/lib/rplidar_ros/rplidar_client\n'}
[0.486168] (rplidar_ros) StdoutLine: {'line': b'-- Up-to-date symlink: /home/ubuntu/rb3302_final_proj_code/robot_ws/install/rplidar_ros/share/ament_index/resource_index/package_run_dependencies/rplidar_ros\n'}
[0.486819] (rplidar_ros) StdoutLine: {'line': b'-- Up-to-date symlink: /home/ubuntu/rb3302_final_proj_code/robot_ws/install/rplidar_ros/share/ament_index/resource_index/parent_prefix_path/rplidar_ros\n'}
[0.487420] (rplidar_ros) StdoutLine: {'line': b'-- Up-to-date symlink: /home/ubuntu/rb3302_final_proj_code/robot_ws/install/rplidar_ros/share/rplidar_ros/environment/ament_prefix_path.sh\n'}
[0.488053] (rplidar_ros) StdoutLine: {'line': b'-- Up-to-date symlink: /home/ubuntu/rb3302_final_proj_code/robot_ws/install/rplidar_ros/share/rplidar_ros/environment/ament_prefix_path.dsv\n'}
[0.488735] (rplidar_ros) StdoutLine: {'line': b'-- Up-to-date symlink: /home/ubuntu/rb3302_final_proj_code/robot_ws/install/rplidar_ros/share/rplidar_ros/environment/path.sh\n'}
[0.489390] (rplidar_ros) StdoutLine: {'line': b'-- Up-to-date symlink: /home/ubuntu/rb3302_final_proj_code/robot_ws/install/rplidar_ros/share/rplidar_ros/environment/path.dsv\n'}
[0.490082] (rplidar_ros) StdoutLine: {'line': b'-- Up-to-date symlink: /home/ubuntu/rb3302_final_proj_code/robot_ws/install/rplidar_ros/share/rplidar_ros/local_setup.bash\n'}
[0.490757] (serial) StdoutLine: {'line': b'-- Symlinking: /home/ubuntu/rb3302_final_proj_code/robot_ws/install/serial/share/serial/package.dsv\n'}
[0.491420] (rplidar_ros) StdoutLine: {'line': b'-- Up-to-date symlink: /home/ubuntu/rb3302_final_proj_code/robot_ws/install/rplidar_ros/share/rplidar_ros/local_setup.sh\n'}
[0.492038] (rplidar_ros) StdoutLine: {'line': b'-- Up-to-date symlink: /home/ubuntu/rb3302_final_proj_code/robot_ws/install/rplidar_ros/share/rplidar_ros/local_setup.zsh\n'}
[0.492676] (rplidar_ros) StdoutLine: {'line': b'-- Up-to-date symlink: /home/ubuntu/rb3302_final_proj_code/robot_ws/install/rplidar_ros/share/rplidar_ros/local_setup.dsv\n'}
[0.494018] (rplidar_ros) StdoutLine: {'line': b'-- Symlinking: /home/ubuntu/rb3302_final_proj_code/robot_ws/install/rplidar_ros/share/rplidar_ros/package.dsv\n'}
[0.494986] (rplidar_ros) StdoutLine: {'line': b'-- Up-to-date symlink: /home/ubuntu/rb3302_final_proj_code/robot_ws/install/rplidar_ros/share/ament_index/resource_index/packages/rplidar_ros\n'}
[0.496024] (rplidar_ros) StdoutLine: {'line': b'-- Up-to-date symlink: /home/ubuntu/rb3302_final_proj_code/robot_ws/install/rplidar_ros/share/rplidar_ros/cmake/ament_cmake_export_dependencies-extras.cmake\n'}
[0.497230] (rplidar_ros) StdoutLine: {'line': b'-- Up-to-date symlink: /home/ubuntu/rb3302_final_proj_code/robot_ws/install/rplidar_ros/share/rplidar_ros/cmake/ament_cmake_export_include_directories-extras.cmake\n'}
[0.498573] (rplidar_ros) StdoutLine: {'line': b'-- Up-to-date symlink: /home/ubuntu/rb3302_final_proj_code/robot_ws/install/rplidar_ros/share/rplidar_ros/cmake/rplidar_rosConfig.cmake\n'}
[0.500003] (robot_model) StdoutLine: {'line': b'-- Up-to-date symlink: /home/ubuntu/rb3302_final_proj_code/robot_ws/install/robot_model/share/ament_index/resource_index/packages/robot_model\n'}
[0.500218] (rplidar_ros) StdoutLine: {'line': b'-- Up-to-date symlink: /home/ubuntu/rb3302_final_proj_code/robot_ws/install/rplidar_ros/share/rplidar_ros/cmake/rplidar_rosConfig-version.cmake\n'}
[0.500403] (rplidar_ros) StdoutLine: {'line': b'-- Up-to-date symlink: /home/ubuntu/rb3302_final_proj_code/robot_ws/install/rplidar_ros/share/rplidar_ros/package.xml\n'}
[0.500547] (robot_model) StdoutLine: {'line': b'-- Up-to-date symlink: /home/ubuntu/rb3302_final_proj_code/robot_ws/install/robot_model/share/robot_model/cmake/robot_modelConfig.cmake\n'}
[0.500688] (yesense_interface) StdoutLine: {'line': b'running egg_info\n'}
[0.500835] (robot_model) StdoutLine: {'line': b'-- Up-to-date symlink: /home/ubuntu/rb3302_final_proj_code/robot_ws/install/robot_model/share/robot_model/cmake/robot_modelConfig-version.cmake\n'}
[0.500960] (robot_model) StdoutLine: {'line': b'-- Up-to-date symlink: /home/ubuntu/rb3302_final_proj_code/robot_ws/install/robot_model/share/robot_model/package.xml\n'}
[0.501912] (rplidar_ros) CommandEnded: {'returncode': 0}
[0.503748] (-) TimerEvent: {}
[0.510383] (serial) StdoutLine: {'line': b'-- Up-to-date symlink: /home/ubuntu/rb3302_final_proj_code/robot_ws/install/serial/share/ament_index/resource_index/packages/serial\n'}
[0.512392] (serial) StdoutLine: {'line': b'-- Up-to-date symlink: /home/ubuntu/rb3302_final_proj_code/robot_ws/install/serial/share/serial/cmake/ament_cmake_export_include_directories-extras.cmake\n'}
[0.513494] (serial) StdoutLine: {'line': b'-- Up-to-date symlink: /home/ubuntu/rb3302_final_proj_code/robot_ws/install/serial/share/serial/cmake/ament_cmake_export_libraries-extras.cmake\n'}
[0.515076] (serial) StdoutLine: {'line': b'-- Up-to-date symlink: /home/ubuntu/rb3302_final_proj_code/robot_ws/install/serial/share/serial/cmake/ament_cmake_export_dependencies-extras.cmake\n'}
[0.515732] (serial) StdoutLine: {'line': b'-- Up-to-date symlink: /home/ubuntu/rb3302_final_proj_code/robot_ws/install/serial/share/serial/cmake/serialConfig.cmake\n'}
[0.516483] (serial) StdoutLine: {'line': b'-- Up-to-date symlink: /home/ubuntu/rb3302_final_proj_code/robot_ws/install/serial/share/serial/cmake/serialConfig-version.cmake\n'}
[0.517761] (serial) StdoutLine: {'line': b'-- Up-to-date symlink: /home/ubuntu/rb3302_final_proj_code/robot_ws/install/serial/share/serial/package.xml\n'}
[0.519241] (yesense_interface) StdoutLine: {'line': b'writing yesense_interface.egg-info/PKG-INFO\n'}
[0.519957] (yesense_interface) StdoutLine: {'line': b'writing dependency_links to yesense_interface.egg-info/dependency_links.txt\n'}
[0.520589] (yesense_interface) StdoutLine: {'line': b'writing top-level names to yesense_interface.egg-info/top_level.txt\n'}
[0.537382] (yesense_interface) StdoutLine: {'line': b'[ 88%] Built target yesense_interface__py\n'}
[0.545401] (rplidar_ros) JobEnded: {'identifier': 'rplidar_ros', 'rc': 0}
[0.549859] (robot_model) CommandEnded: {'returncode': 0}
[0.570803] (robot_model) JobEnded: {'identifier': 'robot_model', 'rc': 0}
[0.573935] (serial) CommandEnded: {'returncode': 0}
[0.576151] (yesense_interface) StdoutLine: {'line': b"reading manifest file 'yesense_interface.egg-info/SOURCES.txt'\n"}
[0.577515] (yesense_interface) StdoutLine: {'line': b"writing manifest file 'yesense_interface.egg-info/SOURCES.txt'\n"}
[0.602188] (serial) JobEnded: {'identifier': 'serial', 'rc': 0}
[0.605135] (-) TimerEvent: {}
[0.624885] (yesense_interface) StdoutLine: {'line': b'[ 97%] Built target yesense_interface__rosidl_generator_py\n'}
[0.637720] (yesense_interface) StdoutLine: {'line': b'[ 97%] Built target ament_cmake_python_build_yesense_interface_egg\n'}
[0.679223] (yesense_interface) StdoutLine: {'line': b'[ 98%] Built target yesense_interface_s__rosidl_typesupport_fastrtps_c\n'}
[0.705342] (-) TimerEvent: {}
[0.714607] (yesense_interface) StdoutLine: {'line': b'[ 99%] Built target yesense_interface_s__rosidl_typesupport_c\n'}
[0.715074] (yesense_interface) StdoutLine: {'line': b'[100%] Built target yesense_interface_s__rosidl_typesupport_introspection_c\n'}
[0.753667] (yesense_interface) CommandEnded: {'returncode': 0}
[0.754501] (yesense_interface) JobProgress: {'identifier': 'yesense_interface', 'progress': 'install'}
[0.754818] (yesense_interface) Command: {'cmd': ['/usr/bin/cmake', '--install', '/home/ubuntu/rb3302_final_proj_code/robot_ws/build/yesense_interface'], 'cwd': '/home/ubuntu/rb3302_final_proj_code/robot_ws/build/yesense_interface', 'env': OrderedDict({'USER': 'ubuntu', 'SSH_CLIENT': '10.42.0.1 52480 22', 'XDG_SESSION_TYPE': 'tty', 'SHLVL': '1', 'HOME': '/home/ubuntu', 'OLDPWD': '/home/ubuntu', 'SSH_TTY': '/dev/pts/0', 'DBUS_SESSION_BUS_ADDRESS': 'unix:path=/run/user/1000/bus', 'LOGNAME': 'ubuntu', '_': '/usr/bin/colcon', 'XDG_SESSION_CLASS': 'user', 'TERM': 'xterm-256color', 'XDG_SESSION_ID': '6', 'PATH': '/usr/local/sbin:/usr/local/bin:/usr/sbin:/usr/bin:/sbin:/bin:/usr/games:/usr/local/games:/snap/bin', 'VK_ICD_FILENAMES': '/usr/share/vulkan/icd.d/adrenovk.json', 'XDG_RUNTIME_DIR': '/run/user/1000', 'LANG': 'en_US.UTF-8', 'SHELL': '/bin/bash', 'PWD': '/home/ubuntu/rb3302_final_proj_code/robot_ws/build/yesense_interface', 'QT_QPA_PLATFORM': 'wayland', 'LC_ALL': 'en_US.UTF-8', 'SSH_CONNECTION': '10.42.0.1 52480 10.42.0.126 22', 'XDG_DATA_DIRS': '/usr/local/share:/usr/share:/var/lib/snapd/desktop', 'COLCON': '1'}), 'shell': False}
[0.788030] (yesense_interface) StdoutLine: {'line': b'-- Install configuration: ""\n'}
[0.790642] (yesense_interface) StdoutLine: {'line': b'-- Execute custom install script\n'}
[0.791231] (yesense_interface) StdoutLine: {'line': b'-- Up-to-date symlink: /home/ubuntu/rb3302_final_proj_code/robot_ws/install/yesense_interface/share/ament_index/resource_index/rosidl_interfaces/yesense_interface\n'}
[0.791615] (yesense_interface) StdoutLine: {'line': b'-- Up-to-date symlink: /home/ubuntu/rb3302_final_proj_code/robot_ws/install/yesense_interface/share/yesense_interface/msg/Tid.json\n'}
[0.791800] (yesense_interface) StdoutLine: {'line': b'-- Up-to-date symlink: /home/ubuntu/rb3302_final_proj_code/robot_ws/install/yesense_interface/share/yesense_interface/msg/ThreeAxis.json\n'}
[0.792124] (yesense_interface) StdoutLine: {'line': b'-- Up-to-date symlink: /home/ubuntu/rb3302_final_proj_code/robot_ws/install/yesense_interface/share/yesense_interface/msg/SensorTemp.json\n'}
[0.792480] (yesense_interface) StdoutLine: {'line': b'-- Up-to-date symlink: /home/ubuntu/rb3302_final_proj_code/robot_ws/install/yesense_interface/share/yesense_interface/msg/Pressure.json\n'}
[0.792685] (yesense_interface) StdoutLine: {'line': b'-- Up-to-date symlink: /home/ubuntu/rb3302_final_proj_code/robot_ws/install/yesense_interface/share/yesense_interface/msg/EulerAngle.json\n'}
[0.792795] (yesense_interface) StdoutLine: {'line': b'-- Up-to-date symlink: /home/ubuntu/rb3302_final_proj_code/robot_ws/install/yesense_interface/share/yesense_interface/msg/Quat.json\n'}
[0.792896] (yesense_interface) StdoutLine: {'line': b'-- Up-to-date symlink: /home/ubuntu/rb3302_final_proj_code/robot_ws/install/yesense_interface/share/yesense_interface/msg/GnssPos.json\n'}
[0.793076] (yesense_interface) StdoutLine: {'line': b'-- Up-to-date symlink: /home/ubuntu/rb3302_final_proj_code/robot_ws/install/yesense_interface/share/yesense_interface/msg/NavStatus.json\n'}
[0.793177] (yesense_interface) StdoutLine: {'line': b'-- Up-to-date symlink: /home/ubuntu/rb3302_final_proj_code/robot_ws/install/yesense_interface/share/yesense_interface/msg/Vel.json\n'}
[0.793273] (yesense_interface) StdoutLine: {'line': b'-- Up-to-date symlink: /home/ubuntu/rb3302_final_proj_code/robot_ws/install/yesense_interface/share/yesense_interface/msg/Utc.json\n'}
[0.793607] (yesense_interface) StdoutLine: {'line': b'-- Up-to-date symlink: /home/ubuntu/rb3302_final_proj_code/robot_ws/install/yesense_interface/share/yesense_interface/msg/SampleTimestamp.json\n'}
[0.793745] (yesense_interface) StdoutLine: {'line': b'-- Up-to-date symlink: /home/ubuntu/rb3302_final_proj_code/robot_ws/install/yesense_interface/share/yesense_interface/msg/ImuData.json\n'}
[0.794221] (yesense_interface) StdoutLine: {'line': b'-- Up-to-date symlink: /home/ubuntu/rb3302_final_proj_code/robot_ws/install/yesense_interface/share/yesense_interface/msg/ImuDataTenAxis.json\n'}
[0.794527] (yesense_interface) StdoutLine: {'line': b'-- Up-to-date symlink: /home/ubuntu/rb3302_final_proj_code/robot_ws/install/yesense_interface/share/yesense_interface/msg/EulerOnly.json\n'}
[0.794634] (yesense_interface) StdoutLine: {'line': b'-- Up-to-date symlink: /home/ubuntu/rb3302_final_proj_code/robot_ws/install/yesense_interface/share/yesense_interface/msg/RobotLord.json\n'}
[0.794731] (yesense_interface) StdoutLine: {'line': b'-- Up-to-date symlink: /home/ubuntu/rb3302_final_proj_code/robot_ws/install/yesense_interface/share/yesense_interface/msg/AttitudeMinVru.json\n'}
[0.795040] (yesense_interface) StdoutLine: {'line': b'-- Up-to-date symlink: /home/ubuntu/rb3302_final_proj_code/robot_ws/install/yesense_interface/share/yesense_interface/msg/AttitudeMinAhrs.json\n'}
[0.795267] (yesense_interface) StdoutLine: {'line': b'-- Up-to-date symlink: /home/ubuntu/rb3302_final_proj_code/robot_ws/install/yesense_interface/share/yesense_interface/msg/AttitudeAllData.json\n'}
[0.795488] (yesense_interface) StdoutLine: {'line': b'-- Up-to-date symlink: /home/ubuntu/rb3302_final_proj_code/robot_ws/install/yesense_interface/share/yesense_interface/msg/PosOnly.json\n'}
[0.795635] (yesense_interface) StdoutLine: {'line': b'-- Up-to-date symlink: /home/ubuntu/rb3302_final_proj_code/robot_ws/install/yesense_interface/share/yesense_interface/msg/NavMin.json\n'}
[0.796002] (yesense_interface) StdoutLine: {'line': b'-- Up-to-date symlink: /home/ubuntu/rb3302_final_proj_code/robot_ws/install/yesense_interface/share/yesense_interface/msg/NavMinUtc.json\n'}
[0.796112] (yesense_interface) StdoutLine: {'line': b'-- Up-to-date symlink: /home/ubuntu/rb3302_final_proj_code/robot_ws/install/yesense_interface/share/yesense_interface/msg/NavAll.json\n'}
[0.798214] (yesense_interface) StdoutLine: {'line': b'-- Up-to-date symlink: /home/ubuntu/rb3302_final_proj_code/robot_ws/install/yesense_interface/include/yesense_interface/yesense_interface/msg/attitude_all_data.h\n'}
[0.798582] (yesense_interface) StdoutLine: {'line': b'-- Up-to-date symlink: /home/ubuntu/rb3302_final_proj_code/robot_ws/install/yesense_interface/include/yesense_interface/yesense_interface/msg/attitude_min_ahrs.h\n'}
[0.798713] (yesense_interface) StdoutLine: {'line': b'-- Up-to-date symlink: /home/ubuntu/rb3302_final_proj_code/robot_ws/install/yesense_interface/include/yesense_interface/yesense_interface/msg/attitude_min_vru.h\n'}
[0.798824] (yesense_interface) StdoutLine: {'line': b'-- Up-to-date symlink: /home/ubuntu/rb3302_final_proj_code/robot_ws/install/yesense_interface/include/yesense_interface/yesense_interface/msg/detail/attitude_all_data__functions.h\n'}
[0.798931] (yesense_interface) StdoutLine: {'line': b'-- Up-to-date symlink: /home/ubuntu/rb3302_final_proj_code/robot_ws/install/yesense_interface/include/yesense_interface/yesense_interface/msg/detail/attitude_all_data__struct.h\n'}
[0.799255] (yesense_interface) StdoutLine: {'line': b'-- Up-to-date symlink: /home/ubuntu/rb3302_final_proj_code/robot_ws/install/yesense_interface/include/yesense_interface/yesense_interface/msg/detail/attitude_all_data__type_support.h\n'}
[0.799554] (yesense_interface) StdoutLine: {'line': b'-- Up-to-date symlink: /home/ubuntu/rb3302_final_proj_code/robot_ws/install/yesense_interface/include/yesense_interface/yesense_interface/msg/detail/attitude_min_ahrs__functions.h\n'}
[0.799698] (yesense_interface) StdoutLine: {'line': b'-- Up-to-date symlink: /home/ubuntu/rb3302_final_proj_code/robot_ws/install/yesense_interface/include/yesense_interface/yesense_interface/msg/detail/attitude_min_ahrs__struct.h\n'}
[0.799808] (yesense_interface) StdoutLine: {'line': b'-- Up-to-date symlink: /home/ubuntu/rb3302_final_proj_code/robot_ws/install/yesense_interface/include/yesense_interface/yesense_interface/msg/detail/attitude_min_ahrs__type_support.h\n'}
[0.799913] (yesense_interface) StdoutLine: {'line': b'-- Up-to-date symlink: /home/ubuntu/rb3302_final_proj_code/robot_ws/install/yesense_interface/include/yesense_interface/yesense_interface/msg/detail/attitude_min_vru__functions.h\n'}
[0.800032] (yesense_interface) StdoutLine: {'line': b'-- Up-to-date symlink: /home/ubuntu/rb3302_final_proj_code/robot_ws/install/yesense_interface/include/yesense_interface/yesense_interface/msg/detail/attitude_min_vru__struct.h\n'}
[0.800412] (yesense_interface) StdoutLine: {'line': b'-- Up-to-date symlink: /home/ubuntu/rb3302_final_proj_code/robot_ws/install/yesense_interface/include/yesense_interface/yesense_interface/msg/detail/attitude_min_vru__type_support.h\n'}
[0.800786] (yesense_interface) StdoutLine: {'line': b'-- Up-to-date symlink: /home/ubuntu/rb3302_final_proj_code/robot_ws/install/yesense_interface/include/yesense_interface/yesense_interface/msg/detail/euler_angle__functions.h\n'}
[0.801042] (yesense_interface) StdoutLine: {'line': b'-- Up-to-date symlink: /home/ubuntu/rb3302_final_proj_code/robot_ws/install/yesense_interface/include/yesense_interface/yesense_interface/msg/detail/euler_angle__struct.h\n'}
[0.801176] (yesense_interface) StdoutLine: {'line': b'-- Up-to-date symlink: /home/ubuntu/rb3302_final_proj_code/robot_ws/install/yesense_interface/include/yesense_interface/yesense_interface/msg/detail/euler_angle__type_support.h\n'}
[0.801337] (yesense_interface) StdoutLine: {'line': b'-- Up-to-date symlink: /home/ubuntu/rb3302_final_proj_code/robot_ws/install/yesense_interface/include/yesense_interface/yesense_interface/msg/detail/euler_only__functions.h\n'}
[0.801603] (yesense_interface) StdoutLine: {'line': b'-- Up-to-date symlink: /home/ubuntu/rb3302_final_proj_code/robot_ws/install/yesense_interface/include/yesense_interface/yesense_interface/msg/detail/euler_only__struct.h\n'}
[0.801728] (yesense_interface) StdoutLine: {'line': b'-- Up-to-date symlink: /home/ubuntu/rb3302_final_proj_code/robot_ws/install/yesense_interface/include/yesense_interface/yesense_interface/msg/detail/euler_only__type_support.h\n'}
[0.801836] (yesense_interface) StdoutLine: {'line': b'-- Up-to-date symlink: /home/ubuntu/rb3302_final_proj_code/robot_ws/install/yesense_interface/include/yesense_interface/yesense_interface/msg/detail/gnss_pos__functions.h\n'}
[0.802115] (yesense_interface) StdoutLine: {'line': b'-- Up-to-date symlink: /home/ubuntu/rb3302_final_proj_code/robot_ws/install/yesense_interface/include/yesense_interface/yesense_interface/msg/detail/gnss_pos__struct.h\n'}
[0.802237] (yesense_interface) StdoutLine: {'line': b'-- Up-to-date symlink: /home/ubuntu/rb3302_final_proj_code/robot_ws/install/yesense_interface/include/yesense_interface/yesense_interface/msg/detail/gnss_pos__type_support.h\n'}
[0.802581] (yesense_interface) StdoutLine: {'line': b'-- Up-to-date symlink: /home/ubuntu/rb3302_final_proj_code/robot_ws/install/yesense_interface/include/yesense_interface/yesense_interface/msg/detail/imu_data__functions.h\n'}
[0.802725] (yesense_interface) StdoutLine: {'line': b'-- Up-to-date symlink: /home/ubuntu/rb3302_final_proj_code/robot_ws/install/yesense_interface/include/yesense_interface/yesense_interface/msg/detail/imu_data__struct.h\n'}
[0.802835] (yesense_interface) StdoutLine: {'line': b'-- Up-to-date symlink: /home/ubuntu/rb3302_final_proj_code/robot_ws/install/yesense_interface/include/yesense_interface/yesense_interface/msg/detail/imu_data__type_support.h\n'}
[0.802943] (yesense_interface) StdoutLine: {'line': b'-- Up-to-date symlink: /home/ubuntu/rb3302_final_proj_code/robot_ws/install/yesense_interface/include/yesense_interface/yesense_interface/msg/detail/imu_data_ten_axis__functions.h\n'}
[0.803051] (yesense_interface) StdoutLine: {'line': b'-- Up-to-date symlink: /home/ubuntu/rb3302_final_proj_code/robot_ws/install/yesense_interface/include/yesense_interface/yesense_interface/msg/detail/imu_data_ten_axis__struct.h\n'}
[0.803157] (yesense_interface) StdoutLine: {'line': b'-- Up-to-date symlink: /home/ubuntu/rb3302_final_proj_code/robot_ws/install/yesense_interface/include/yesense_interface/yesense_interface/msg/detail/imu_data_ten_axis__type_support.h\n'}
[0.803272] (yesense_interface) StdoutLine: {'line': b'-- Up-to-date symlink: /home/ubuntu/rb3302_final_proj_code/robot_ws/install/yesense_interface/include/yesense_interface/yesense_interface/msg/detail/nav_all__functions.h\n'}
[0.803621] (yesense_interface) StdoutLine: {'line': b'-- Up-to-date symlink: /home/ubuntu/rb3302_final_proj_code/robot_ws/install/yesense_interface/include/yesense_interface/yesense_interface/msg/detail/nav_all__struct.h\n'}
[0.803801] (yesense_interface) StdoutLine: {'line': b'-- Up-to-date symlink: /home/ubuntu/rb3302_final_proj_code/robot_ws/install/yesense_interface/include/yesense_interface/yesense_interface/msg/detail/nav_all__type_support.h\n'}
[0.803928] (yesense_interface) StdoutLine: {'line': b'-- Up-to-date symlink: /home/ubuntu/rb3302_final_proj_code/robot_ws/install/yesense_interface/include/yesense_interface/yesense_interface/msg/detail/nav_min__functions.h\n'}
[0.804038] (yesense_interface) StdoutLine: {'line': b'-- Up-to-date symlink: /home/ubuntu/rb3302_final_proj_code/robot_ws/install/yesense_interface/include/yesense_interface/yesense_interface/msg/detail/nav_min__struct.h\n'}
[0.804145] (yesense_interface) StdoutLine: {'line': b'-- Up-to-date symlink: /home/ubuntu/rb3302_final_proj_code/robot_ws/install/yesense_interface/include/yesense_interface/yesense_interface/msg/detail/nav_min__type_support.h\n'}
[0.804555] (yesense_interface) StdoutLine: {'line': b'-- Up-to-date symlink: /home/ubuntu/rb3302_final_proj_code/robot_ws/install/yesense_interface/include/yesense_interface/yesense_interface/msg/detail/nav_min_utc__functions.h\n'}
[0.805181] (yesense_interface) StdoutLine: {'line': b'-- Up-to-date symlink: /home/ubuntu/rb3302_final_proj_code/robot_ws/install/yesense_interface/include/yesense_interface/yesense_interface/msg/detail/nav_min_utc__struct.h\n'}
[0.805617] (-) TimerEvent: {}
[0.805768] (yesense_interface) StdoutLine: {'line': b'-- Up-to-date symlink: /home/ubuntu/rb3302_final_proj_code/robot_ws/install/yesense_interface/include/yesense_interface/yesense_interface/msg/detail/nav_min_utc__type_support.h\n'}
[0.806064] (yesense_interface) StdoutLine: {'line': b'-- Up-to-date symlink: /home/ubuntu/rb3302_final_proj_code/robot_ws/install/yesense_interface/include/yesense_interface/yesense_interface/msg/detail/nav_status__functions.h\n'}
[0.806220] (yesense_interface) StdoutLine: {'line': b'-- Up-to-date symlink: /home/ubuntu/rb3302_final_proj_code/robot_ws/install/yesense_interface/include/yesense_interface/yesense_interface/msg/detail/nav_status__struct.h\n'}
[0.806681] (yesense_interface) StdoutLine: {'line': b'-- Up-to-date symlink: /home/ubuntu/rb3302_final_proj_code/robot_ws/install/yesense_interface/include/yesense_interface/yesense_interface/msg/detail/nav_status__type_support.h\n'}
[0.806864] (yesense_interface) StdoutLine: {'line': b'-- Up-to-date symlink: /home/ubuntu/rb3302_final_proj_code/robot_ws/install/yesense_interface/include/yesense_interface/yesense_interface/msg/detail/pos_only__functions.h\n'}
[0.806984] (yesense_interface) StdoutLine: {'line': b'-- Up-to-date symlink: /home/ubuntu/rb3302_final_proj_code/robot_ws/install/yesense_interface/include/yesense_interface/yesense_interface/msg/detail/pos_only__struct.h\n'}
[0.807100] (yesense_interface) StdoutLine: {'line': b'-- Up-to-date symlink: /home/ubuntu/rb3302_final_proj_code/robot_ws/install/yesense_interface/include/yesense_interface/yesense_interface/msg/detail/pos_only__type_support.h\n'}
[0.807211] (yesense_interface) StdoutLine: {'line': b'-- Up-to-date symlink: /home/ubuntu/rb3302_final_proj_code/robot_ws/install/yesense_interface/include/yesense_interface/yesense_interface/msg/detail/pressure__functions.h\n'}
[0.807337] (yesense_interface) StdoutLine: {'line': b'-- Up-to-date symlink: /home/ubuntu/rb3302_final_proj_code/robot_ws/install/yesense_interface/include/yesense_interface/yesense_interface/msg/detail/pressure__struct.h\n'}
[0.807527] (yesense_interface) StdoutLine: {'line': b'-- Up-to-date symlink: /home/ubuntu/rb3302_final_proj_code/robot_ws/install/yesense_interface/include/yesense_interface/yesense_interface/msg/detail/pressure__type_support.h\n'}
[0.807796] (yesense_interface) StdoutLine: {'line': b'-- Up-to-date symlink: /home/ubuntu/rb3302_final_proj_code/robot_ws/install/yesense_interface/include/yesense_interface/yesense_interface/msg/detail/quat__functions.h\n'}
[0.807910] (yesense_interface) StdoutLine: {'line': b'-- Up-to-date symlink: /home/ubuntu/rb3302_final_proj_code/robot_ws/install/yesense_interface/include/yesense_interface/yesense_interface/msg/detail/quat__struct.h\n'}
[0.808034] (yesense_interface) StdoutLine: {'line': b'-- Up-to-date symlink: /home/ubuntu/rb3302_final_proj_code/robot_ws/install/yesense_interface/include/yesense_interface/yesense_interface/msg/detail/quat__type_support.h\n'}
[0.808144] (yesense_interface) StdoutLine: {'line': b'-- Up-to-date symlink: /home/ubuntu/rb3302_final_proj_code/robot_ws/install/yesense_interface/include/yesense_interface/yesense_interface/msg/detail/robot_lord__functions.h\n'}
[0.808259] (yesense_interface) StdoutLine: {'line': b'-- Up-to-date symlink: /home/ubuntu/rb3302_final_proj_code/robot_ws/install/yesense_interface/include/yesense_interface/yesense_interface/msg/detail/robot_lord__struct.h\n'}
[0.808439] (yesense_interface) StdoutLine: {'line': b'-- Up-to-date symlink: /home/ubuntu/rb3302_final_proj_code/robot_ws/install/yesense_interface/include/yesense_interface/yesense_interface/msg/detail/robot_lord__type_support.h\n'}
[0.808637] (yesense_interface) StdoutLine: {'line': b'-- Up-to-date symlink: /home/ubuntu/rb3302_final_proj_code/robot_ws/install/yesense_interface/include/yesense_interface/yesense_interface/msg/detail/sample_timestamp__functions.h\n'}
[0.808889] (yesense_interface) StdoutLine: {'line': b'-- Up-to-date symlink: /home/ubuntu/rb3302_final_proj_code/robot_ws/install/yesense_interface/include/yesense_interface/yesense_interface/msg/detail/sample_timestamp__struct.h\n'}
[0.809019] (yesense_interface) StdoutLine: {'line': b'-- Up-to-date symlink: /home/ubuntu/rb3302_final_proj_code/robot_ws/install/yesense_interface/include/yesense_interface/yesense_interface/msg/detail/sample_timestamp__type_support.h\n'}
[0.809355] (yesense_interface) StdoutLine: {'line': b'-- Up-to-date symlink: /home/ubuntu/rb3302_final_proj_code/robot_ws/install/yesense_interface/include/yesense_interface/yesense_interface/msg/detail/sensor_temp__functions.h\n'}
[0.809480] (yesense_interface) StdoutLine: {'line': b'-- Up-to-date symlink: /home/ubuntu/rb3302_final_proj_code/robot_ws/install/yesense_interface/include/yesense_interface/yesense_interface/msg/detail/sensor_temp__struct.h\n'}
[0.810048] (yesense_interface) StdoutLine: {'line': b'-- Up-to-date symlink: /home/ubuntu/rb3302_final_proj_code/robot_ws/install/yesense_interface/include/yesense_interface/yesense_interface/msg/detail/sensor_temp__type_support.h\n'}
[0.810198] (yesense_interface) StdoutLine: {'line': b'-- Up-to-date symlink: /home/ubuntu/rb3302_final_proj_code/robot_ws/install/yesense_interface/include/yesense_interface/yesense_interface/msg/detail/three_axis__functions.h\n'}
[0.810617] (yesense_interface) StdoutLine: {'line': b'-- Up-to-date symlink: /home/ubuntu/rb3302_final_proj_code/robot_ws/install/yesense_interface/include/yesense_interface/yesense_interface/msg/detail/three_axis__struct.h\n'}
[0.810856] (yesense_interface) StdoutLine: {'line': b'-- Up-to-date symlink: /home/ubuntu/rb3302_final_proj_code/robot_ws/install/yesense_interface/include/yesense_interface/yesense_interface/msg/detail/three_axis__type_support.h\n'}
[0.810994] (yesense_interface) StdoutLine: {'line': b'-- Up-to-date symlink: /home/ubuntu/rb3302_final_proj_code/robot_ws/install/yesense_interface/include/yesense_interface/yesense_interface/msg/detail/tid__functions.h\n'}
[0.811128] (yesense_interface) StdoutLine: {'line': b'-- Up-to-date symlink: /home/ubuntu/rb3302_final_proj_code/robot_ws/install/yesense_interface/include/yesense_interface/yesense_interface/msg/detail/tid__struct.h\n'}
[0.811252] (yesense_interface) StdoutLine: {'line': b'-- Up-to-date symlink: /home/ubuntu/rb3302_final_proj_code/robot_ws/install/yesense_interface/include/yesense_interface/yesense_interface/msg/detail/tid__type_support.h\n'}
[0.811397] (yesense_interface) StdoutLine: {'line': b'-- Up-to-date symlink: /home/ubuntu/rb3302_final_proj_code/robot_ws/install/yesense_interface/include/yesense_interface/yesense_interface/msg/detail/utc__functions.h\n'}
[0.811622] (yesense_interface) StdoutLine: {'line': b'-- Up-to-date symlink: /home/ubuntu/rb3302_final_proj_code/robot_ws/install/yesense_interface/include/yesense_interface/yesense_interface/msg/detail/utc__struct.h\n'}
[0.811737] (yesense_interface) StdoutLine: {'line': b'-- Up-to-date symlink: /home/ubuntu/rb3302_final_proj_code/robot_ws/install/yesense_interface/include/yesense_interface/yesense_interface/msg/detail/utc__type_support.h\n'}
[0.811846] (yesense_interface) StdoutLine: {'line': b'-- Up-to-date symlink: /home/ubuntu/rb3302_final_proj_code/robot_ws/install/yesense_interface/include/yesense_interface/yesense_interface/msg/detail/vel__functions.h\n'}
[0.811952] (yesense_interface) StdoutLine: {'line': b'-- Up-to-date symlink: /home/ubuntu/rb3302_final_proj_code/robot_ws/install/yesense_interface/include/yesense_interface/yesense_interface/msg/detail/vel__struct.h\n'}
[0.812283] (yesense_interface) StdoutLine: {'line': b'-- Up-to-date symlink: /home/ubuntu/rb3302_final_proj_code/robot_ws/install/yesense_interface/include/yesense_interface/yesense_interface/msg/detail/vel__type_support.h\n'}
[0.812540] (yesense_interface) StdoutLine: {'line': b'-- Up-to-date symlink: /home/ubuntu/rb3302_final_proj_code/robot_ws/install/yesense_interface/include/yesense_interface/yesense_interface/msg/euler_angle.h\n'}
[0.812651] (yesense_interface) StdoutLine: {'line': b'-- Up-to-date symlink: /home/ubuntu/rb3302_final_proj_code/robot_ws/install/yesense_interface/include/yesense_interface/yesense_interface/msg/euler_only.h\n'}
[0.812752] (yesense_interface) StdoutLine: {'line': b'-- Up-to-date symlink: /home/ubuntu/rb3302_final_proj_code/robot_ws/install/yesense_interface/include/yesense_interface/yesense_interface/msg/gnss_pos.h\n'}
[0.812863] (yesense_interface) StdoutLine: {'line': b'-- Up-to-date symlink: /home/ubuntu/rb3302_final_proj_code/robot_ws/install/yesense_interface/include/yesense_interface/yesense_interface/msg/imu_data.h\n'}
[0.812962] (yesense_interface) StdoutLine: {'line': b'-- Up-to-date symlink: /home/ubuntu/rb3302_final_proj_code/robot_ws/install/yesense_interface/include/yesense_interface/yesense_interface/msg/imu_data_ten_axis.h\n'}
[0.813055] (yesense_interface) StdoutLine: {'line': b'-- Up-to-date symlink: /home/ubuntu/rb3302_final_proj_code/robot_ws/install/yesense_interface/include/yesense_interface/yesense_interface/msg/nav_all.h\n'}
[0.813151] (yesense_interface) StdoutLine: {'line': b'-- Up-to-date symlink: /home/ubuntu/rb3302_final_proj_code/robot_ws/install/yesense_interface/include/yesense_interface/yesense_interface/msg/nav_min.h\n'}
[0.813253] (yesense_interface) StdoutLine: {'line': b'-- Up-to-date symlink: /home/ubuntu/rb3302_final_proj_code/robot_ws/install/yesense_interface/include/yesense_interface/yesense_interface/msg/nav_min_utc.h\n'}
[0.813406] (yesense_interface) StdoutLine: {'line': b'-- Up-to-date symlink: /home/ubuntu/rb3302_final_proj_code/robot_ws/install/yesense_interface/include/yesense_interface/yesense_interface/msg/nav_status.h\n'}
[0.813537] (yesense_interface) StdoutLine: {'line': b'-- Up-to-date symlink: /home/ubuntu/rb3302_final_proj_code/robot_ws/install/yesense_interface/include/yesense_interface/yesense_interface/msg/pos_only.h\n'}
[0.813654] (yesense_interface) StdoutLine: {'line': b'-- Up-to-date symlink: /home/ubuntu/rb3302_final_proj_code/robot_ws/install/yesense_interface/include/yesense_interface/yesense_interface/msg/pressure.h\n'}
[0.813764] (yesense_interface) StdoutLine: {'line': b'-- Up-to-date symlink: /home/ubuntu/rb3302_final_proj_code/robot_ws/install/yesense_interface/include/yesense_interface/yesense_interface/msg/quat.h\n'}
[0.813877] (yesense_interface) StdoutLine: {'line': b'-- Up-to-date symlink: /home/ubuntu/rb3302_final_proj_code/robot_ws/install/yesense_interface/include/yesense_interface/yesense_interface/msg/robot_lord.h\n'}
[0.813994] (yesense_interface) StdoutLine: {'line': b'-- Up-to-date symlink: /home/ubuntu/rb3302_final_proj_code/robot_ws/install/yesense_interface/include/yesense_interface/yesense_interface/msg/rosidl_generator_c__visibility_control.h\n'}
[0.814115] (yesense_interface) StdoutLine: {'line': b'-- Up-to-date symlink: /home/ubuntu/rb3302_final_proj_code/robot_ws/install/yesense_interface/include/yesense_interface/yesense_interface/msg/sample_timestamp.h\n'}
[0.814452] (yesense_interface) StdoutLine: {'line': b'-- Up-to-date symlink: /home/ubuntu/rb3302_final_proj_code/robot_ws/install/yesense_interface/include/yesense_interface/yesense_interface/msg/sensor_temp.h\n'}
[0.814767] (yesense_interface) StdoutLine: {'line': b'-- Up-to-date symlink: /home/ubuntu/rb3302_final_proj_code/robot_ws/install/yesense_interface/include/yesense_interface/yesense_interface/msg/three_axis.h\n'}
[0.815066] (yesense_interface) StdoutLine: {'line': b'-- Up-to-date symlink: /home/ubuntu/rb3302_final_proj_code/robot_ws/install/yesense_interface/include/yesense_interface/yesense_interface/msg/tid.h\n'}
[0.815180] (yesense_interface) StdoutLine: {'line': b'-- Up-to-date symlink: /home/ubuntu/rb3302_final_proj_code/robot_ws/install/yesense_interface/include/yesense_interface/yesense_interface/msg/utc.h\n'}
[0.815470] (yesense_interface) StdoutLine: {'line': b'-- Up-to-date symlink: /home/ubuntu/rb3302_final_proj_code/robot_ws/install/yesense_interface/include/yesense_interface/yesense_interface/msg/vel.h\n'}
[0.815786] (yesense_interface) StdoutLine: {'line': b'-- Up-to-date symlink: /home/ubuntu/rb3302_final_proj_code/robot_ws/install/yesense_interface/share/yesense_interface/environment/library_path.sh\n'}
[0.816032] (yesense_interface) StdoutLine: {'line': b'-- Up-to-date symlink: /home/ubuntu/rb3302_final_proj_code/robot_ws/install/yesense_interface/share/yesense_interface/environment/library_path.dsv\n'}
[0.816164] (yesense_interface) StdoutLine: {'line': b'-- Up-to-date symlink: /home/ubuntu/rb3302_final_proj_code/robot_ws/install/yesense_interface/include/yesense_interface/yesense_interface/msg/detail/attitude_all_data__rosidl_typesupport_fastrtps_c.h\n'}
[0.816549] (yesense_interface) StdoutLine: {'line': b'-- Up-to-date symlink: /home/ubuntu/rb3302_final_proj_code/robot_ws/install/yesense_interface/include/yesense_interface/yesense_interface/msg/detail/attitude_min_ahrs__rosidl_typesupport_fastrtps_c.h\n'}
[0.816695] (yesense_interface) StdoutLine: {'line': b'-- Up-to-date symlink: /home/ubuntu/rb3302_final_proj_code/robot_ws/install/yesense_interface/include/yesense_interface/yesense_interface/msg/detail/attitude_min_vru__rosidl_typesupport_fastrtps_c.h\n'}
[0.816923] (yesense_interface) StdoutLine: {'line': b'-- Up-to-date symlink: /home/ubuntu/rb3302_final_proj_code/robot_ws/install/yesense_interface/include/yesense_interface/yesense_interface/msg/detail/euler_angle__rosidl_typesupport_fastrtps_c.h\n'}
[0.817038] (yesense_interface) StdoutLine: {'line': b'-- Up-to-date symlink: /home/ubuntu/rb3302_final_proj_code/robot_ws/install/yesense_interface/include/yesense_interface/yesense_interface/msg/detail/euler_only__rosidl_typesupport_fastrtps_c.h\n'}
[0.817146] (yesense_interface) StdoutLine: {'line': b'-- Up-to-date symlink: /home/ubuntu/rb3302_final_proj_code/robot_ws/install/yesense_interface/include/yesense_interface/yesense_interface/msg/detail/gnss_pos__rosidl_typesupport_fastrtps_c.h\n'}
[0.817267] (yesense_interface) StdoutLine: {'line': b'-- Up-to-date symlink: /home/ubuntu/rb3302_final_proj_code/robot_ws/install/yesense_interface/include/yesense_interface/yesense_interface/msg/detail/imu_data__rosidl_typesupport_fastrtps_c.h\n'}
[0.817406] (yesense_interface) StdoutLine: {'line': b'-- Up-to-date symlink: /home/ubuntu/rb3302_final_proj_code/robot_ws/install/yesense_interface/include/yesense_interface/yesense_interface/msg/detail/imu_data_ten_axis__rosidl_typesupport_fastrtps_c.h\n'}
[0.817521] (yesense_interface) StdoutLine: {'line': b'-- Up-to-date symlink: /home/ubuntu/rb3302_final_proj_code/robot_ws/install/yesense_interface/include/yesense_interface/yesense_interface/msg/detail/nav_all__rosidl_typesupport_fastrtps_c.h\n'}
[0.817631] (yesense_interface) StdoutLine: {'line': b'-- Up-to-date symlink: /home/ubuntu/rb3302_final_proj_code/robot_ws/install/yesense_interface/include/yesense_interface/yesense_interface/msg/detail/nav_min__rosidl_typesupport_fastrtps_c.h\n'}
[0.817739] (yesense_interface) StdoutLine: {'line': b'-- Up-to-date symlink: /home/ubuntu/rb3302_final_proj_code/robot_ws/install/yesense_interface/include/yesense_interface/yesense_interface/msg/detail/nav_min_utc__rosidl_typesupport_fastrtps_c.h\n'}
[0.817854] (yesense_interface) StdoutLine: {'line': b'-- Up-to-date symlink: /home/ubuntu/rb3302_final_proj_code/robot_ws/install/yesense_interface/include/yesense_interface/yesense_interface/msg/detail/nav_status__rosidl_typesupport_fastrtps_c.h\n'}
[0.817970] (yesense_interface) StdoutLine: {'line': b'-- Up-to-date symlink: /home/ubuntu/rb3302_final_proj_code/robot_ws/install/yesense_interface/include/yesense_interface/yesense_interface/msg/detail/pos_only__rosidl_typesupport_fastrtps_c.h\n'}
[0.818084] (yesense_interface) StdoutLine: {'line': b'-- Up-to-date symlink: /home/ubuntu/rb3302_final_proj_code/robot_ws/install/yesense_interface/include/yesense_interface/yesense_interface/msg/detail/pressure__rosidl_typesupport_fastrtps_c.h\n'}
[0.818198] (yesense_interface) StdoutLine: {'line': b'-- Up-to-date symlink: /home/ubuntu/rb3302_final_proj_code/robot_ws/install/yesense_interface/include/yesense_interface/yesense_interface/msg/detail/quat__rosidl_typesupport_fastrtps_c.h\n'}
[0.818666] (yesense_interface) StdoutLine: {'line': b'-- Up-to-date symlink: /home/ubuntu/rb3302_final_proj_code/robot_ws/install/yesense_interface/include/yesense_interface/yesense_interface/msg/detail/robot_lord__rosidl_typesupport_fastrtps_c.h\n'}
[0.818773] (yesense_interface) StdoutLine: {'line': b'-- Up-to-date symlink: /home/ubuntu/rb3302_final_proj_code/robot_ws/install/yesense_interface/include/yesense_interface/yesense_interface/msg/detail/sample_timestamp__rosidl_typesupport_fastrtps_c.h\n'}
[0.818885] (yesense_interface) StdoutLine: {'line': b'-- Up-to-date symlink: /home/ubuntu/rb3302_final_proj_code/robot_ws/install/yesense_interface/include/yesense_interface/yesense_interface/msg/detail/sensor_temp__rosidl_typesupport_fastrtps_c.h\n'}
[0.818989] (yesense_interface) StdoutLine: {'line': b'-- Up-to-date symlink: /home/ubuntu/rb3302_final_proj_code/robot_ws/install/yesense_interface/include/yesense_interface/yesense_interface/msg/detail/three_axis__rosidl_typesupport_fastrtps_c.h\n'}
[0.819246] (yesense_interface) StdoutLine: {'line': b'-- Up-to-date symlink: /home/ubuntu/rb3302_final_proj_code/robot_ws/install/yesense_interface/include/yesense_interface/yesense_interface/msg/detail/tid__rosidl_typesupport_fastrtps_c.h\n'}
[0.819580] (yesense_interface) StdoutLine: {'line': b'-- Up-to-date symlink: /home/ubuntu/rb3302_final_proj_code/robot_ws/install/yesense_interface/include/yesense_interface/yesense_interface/msg/detail/utc__rosidl_typesupport_fastrtps_c.h\n'}
[0.819846] (yesense_interface) StdoutLine: {'line': b'-- Up-to-date symlink: /home/ubuntu/rb3302_final_proj_code/robot_ws/install/yesense_interface/include/yesense_interface/yesense_interface/msg/detail/vel__rosidl_typesupport_fastrtps_c.h\n'}
[0.819970] (yesense_interface) StdoutLine: {'line': b'-- Up-to-date symlink: /home/ubuntu/rb3302_final_proj_code/robot_ws/install/yesense_interface/include/yesense_interface/yesense_interface/msg/rosidl_typesupport_fastrtps_c__visibility_control.h\n'}
[0.820108] (yesense_interface) StdoutLine: {'line': b'-- Up-to-date symlink: /home/ubuntu/rb3302_final_proj_code/robot_ws/install/yesense_interface/include/yesense_interface/yesense_interface/msg/detail/attitude_all_data__rosidl_typesupport_introspection_c.h\n'}
[0.820442] (yesense_interface) StdoutLine: {'line': b'-- Up-to-date symlink: /home/ubuntu/rb3302_final_proj_code/robot_ws/install/yesense_interface/include/yesense_interface/yesense_interface/msg/detail/attitude_min_ahrs__rosidl_typesupport_introspection_c.h\n'}
[0.820733] (yesense_interface) StdoutLine: {'line': b'-- Up-to-date symlink: /home/ubuntu/rb3302_final_proj_code/robot_ws/install/yesense_interface/include/yesense_interface/yesense_interface/msg/detail/attitude_min_vru__rosidl_typesupport_introspection_c.h\n'}
[0.820988] (yesense_interface) StdoutLine: {'line': b'-- Up-to-date symlink: /home/ubuntu/rb3302_final_proj_code/robot_ws/install/yesense_interface/include/yesense_interface/yesense_interface/msg/detail/euler_angle__rosidl_typesupport_introspection_c.h\n'}
[0.821101] (yesense_interface) StdoutLine: {'line': b'-- Up-to-date symlink: /home/ubuntu/rb3302_final_proj_code/robot_ws/install/yesense_interface/include/yesense_interface/yesense_interface/msg/detail/euler_only__rosidl_typesupport_introspection_c.h\n'}
[0.821208] (yesense_interface) StdoutLine: {'line': b'-- Up-to-date symlink: /home/ubuntu/rb3302_final_proj_code/robot_ws/install/yesense_interface/include/yesense_interface/yesense_interface/msg/detail/gnss_pos__rosidl_typesupport_introspection_c.h\n'}
[0.821340] (yesense_interface) StdoutLine: {'line': b'-- Up-to-date symlink: /home/ubuntu/rb3302_final_proj_code/robot_ws/install/yesense_interface/include/yesense_interface/yesense_interface/msg/detail/imu_data__rosidl_typesupport_introspection_c.h\n'}
[0.821574] (yesense_interface) StdoutLine: {'line': b'-- Up-to-date symlink: /home/ubuntu/rb3302_final_proj_code/robot_ws/install/yesense_interface/include/yesense_interface/yesense_interface/msg/detail/imu_data_ten_axis__rosidl_typesupport_introspection_c.h\n'}
[0.821810] (yesense_interface) StdoutLine: {'line': b'-- Up-to-date symlink: /home/ubuntu/rb3302_final_proj_code/robot_ws/install/yesense_interface/include/yesense_interface/yesense_interface/msg/detail/nav_all__rosidl_typesupport_introspection_c.h\n'}
[0.821916] (yesense_interface) StdoutLine: {'line': b'-- Up-to-date symlink: /home/ubuntu/rb3302_final_proj_code/robot_ws/install/yesense_interface/include/yesense_interface/yesense_interface/msg/detail/nav_min__rosidl_typesupport_introspection_c.h\n'}
[0.822027] (yesense_interface) StdoutLine: {'line': b'-- Up-to-date symlink: /home/ubuntu/rb3302_final_proj_code/robot_ws/install/yesense_interface/include/yesense_interface/yesense_interface/msg/detail/nav_min_utc__rosidl_typesupport_introspection_c.h\n'}
[0.822131] (yesense_interface) StdoutLine: {'line': b'-- Up-to-date symlink: /home/ubuntu/rb3302_final_proj_code/robot_ws/install/yesense_interface/include/yesense_interface/yesense_interface/msg/detail/nav_status__rosidl_typesupport_introspection_c.h\n'}
[0.822227] (yesense_interface) StdoutLine: {'line': b'-- Up-to-date symlink: /home/ubuntu/rb3302_final_proj_code/robot_ws/install/yesense_interface/include/yesense_interface/yesense_interface/msg/detail/pos_only__rosidl_typesupport_introspection_c.h\n'}
[0.822343] (yesense_interface) StdoutLine: {'line': b'-- Up-to-date symlink: /home/ubuntu/rb3302_final_proj_code/robot_ws/install/yesense_interface/include/yesense_interface/yesense_interface/msg/detail/pressure__rosidl_typesupport_introspection_c.h\n'}
[0.822463] (yesense_interface) StdoutLine: {'line': b'-- Up-to-date symlink: /home/ubuntu/rb3302_final_proj_code/robot_ws/install/yesense_interface/include/yesense_interface/yesense_interface/msg/detail/quat__rosidl_typesupport_introspection_c.h\n'}
[0.822563] (yesense_interface) StdoutLine: {'line': b'-- Up-to-date symlink: /home/ubuntu/rb3302_final_proj_code/robot_ws/install/yesense_interface/include/yesense_interface/yesense_interface/msg/detail/robot_lord__rosidl_typesupport_introspection_c.h\n'}
[0.822660] (yesense_interface) StdoutLine: {'line': b'-- Up-to-date symlink: /home/ubuntu/rb3302_final_proj_code/robot_ws/install/yesense_interface/include/yesense_interface/yesense_interface/msg/detail/sample_timestamp__rosidl_typesupport_introspection_c.h\n'}
[0.822756] (yesense_interface) StdoutLine: {'line': b'-- Up-to-date symlink: /home/ubuntu/rb3302_final_proj_code/robot_ws/install/yesense_interface/include/yesense_interface/yesense_interface/msg/detail/sensor_temp__rosidl_typesupport_introspection_c.h\n'}
[0.822849] (yesense_interface) StdoutLine: {'line': b'-- Up-to-date symlink: /home/ubuntu/rb3302_final_proj_code/robot_ws/install/yesense_interface/include/yesense_interface/yesense_interface/msg/detail/three_axis__rosidl_typesupport_introspection_c.h\n'}
[0.822940] (yesense_interface) StdoutLine: {'line': b'-- Up-to-date symlink: /home/ubuntu/rb3302_final_proj_code/robot_ws/install/yesense_interface/include/yesense_interface/yesense_interface/msg/detail/tid__rosidl_typesupport_introspection_c.h\n'}
[0.823034] (yesense_interface) StdoutLine: {'line': b'-- Up-to-date symlink: /home/ubuntu/rb3302_final_proj_code/robot_ws/install/yesense_interface/include/yesense_interface/yesense_interface/msg/detail/utc__rosidl_typesupport_introspection_c.h\n'}
[0.823148] (yesense_interface) StdoutLine: {'line': b'-- Up-to-date symlink: /home/ubuntu/rb3302_final_proj_code/robot_ws/install/yesense_interface/include/yesense_interface/yesense_interface/msg/detail/vel__rosidl_typesupport_introspection_c.h\n'}
[0.823608] (yesense_interface) StdoutLine: {'line': b'-- Up-to-date symlink: /home/ubuntu/rb3302_final_proj_code/robot_ws/install/yesense_interface/include/yesense_interface/yesense_interface/msg/rosidl_typesupport_introspection_c__visibility_control.h\n'}
[0.823724] (yesense_interface) StdoutLine: {'line': b'-- Up-to-date symlink: /home/ubuntu/rb3302_final_proj_code/robot_ws/install/yesense_interface/include/yesense_interface/yesense_interface/msg/attitude_all_data.hpp\n'}
[0.823823] (yesense_interface) StdoutLine: {'line': b'-- Up-to-date symlink: /home/ubuntu/rb3302_final_proj_code/robot_ws/install/yesense_interface/include/yesense_interface/yesense_interface/msg/attitude_min_ahrs.hpp\n'}
[0.823943] (yesense_interface) StdoutLine: {'line': b'-- Up-to-date symlink: /home/ubuntu/rb3302_final_proj_code/robot_ws/install/yesense_interface/include/yesense_interface/yesense_interface/msg/attitude_min_vru.hpp\n'}
[0.824098] (yesense_interface) StdoutLine: {'line': b'-- Up-to-date symlink: /home/ubuntu/rb3302_final_proj_code/robot_ws/install/yesense_interface/include/yesense_interface/yesense_interface/msg/detail/attitude_all_data__builder.hpp\n'}
[0.824215] (yesense_interface) StdoutLine: {'line': b'-- Up-to-date symlink: /home/ubuntu/rb3302_final_proj_code/robot_ws/install/yesense_interface/include/yesense_interface/yesense_interface/msg/detail/attitude_all_data__struct.hpp\n'}
[0.824569] (yesense_interface) StdoutLine: {'line': b'-- Up-to-date symlink: /home/ubuntu/rb3302_final_proj_code/robot_ws/install/yesense_interface/include/yesense_interface/yesense_interface/msg/detail/attitude_all_data__traits.hpp\n'}
[0.824862] (yesense_interface) StdoutLine: {'line': b'-- Up-to-date symlink: /home/ubuntu/rb3302_final_proj_code/robot_ws/install/yesense_interface/include/yesense_interface/yesense_interface/msg/detail/attitude_all_data__type_support.hpp\n'}
[0.825074] (yesense_interface) StdoutLine: {'line': b'-- Up-to-date symlink: /home/ubuntu/rb3302_final_proj_code/robot_ws/install/yesense_interface/include/yesense_interface/yesense_interface/msg/detail/attitude_min_ahrs__builder.hpp\n'}
[0.825207] (yesense_interface) StdoutLine: {'line': b'-- Up-to-date symlink: /home/ubuntu/rb3302_final_proj_code/robot_ws/install/yesense_interface/include/yesense_interface/yesense_interface/msg/detail/attitude_min_ahrs__struct.hpp\n'}
[0.825449] (yesense_interface) StdoutLine: {'line': b'-- Up-to-date symlink: /home/ubuntu/rb3302_final_proj_code/robot_ws/install/yesense_interface/include/yesense_interface/yesense_interface/msg/detail/attitude_min_ahrs__traits.hpp\n'}
[0.825625] (yesense_interface) StdoutLine: {'line': b'-- Up-to-date symlink: /home/ubuntu/rb3302_final_proj_code/robot_ws/install/yesense_interface/include/yesense_interface/yesense_interface/msg/detail/attitude_min_ahrs__type_support.hpp\n'}
[0.825750] (yesense_interface) StdoutLine: {'line': b'-- Up-to-date symlink: /home/ubuntu/rb3302_final_proj_code/robot_ws/install/yesense_interface/include/yesense_interface/yesense_interface/msg/detail/attitude_min_vru__builder.hpp\n'}
[0.825865] (yesense_interface) StdoutLine: {'line': b'-- Up-to-date symlink: /home/ubuntu/rb3302_final_proj_code/robot_ws/install/yesense_interface/include/yesense_interface/yesense_interface/msg/detail/attitude_min_vru__struct.hpp\n'}
[0.826082] (yesense_interface) StdoutLine: {'line': b'-- Up-to-date symlink: /home/ubuntu/rb3302_final_proj_code/robot_ws/install/yesense_interface/include/yesense_interface/yesense_interface/msg/detail/attitude_min_vru__traits.hpp\n'}
[0.826207] (yesense_interface) StdoutLine: {'line': b'-- Up-to-date symlink: /home/ubuntu/rb3302_final_proj_code/robot_ws/install/yesense_interface/include/yesense_interface/yesense_interface/msg/detail/attitude_min_vru__type_support.hpp\n'}
[0.826334] (yesense_interface) StdoutLine: {'line': b'-- Up-to-date symlink: /home/ubuntu/rb3302_final_proj_code/robot_ws/install/yesense_interface/include/yesense_interface/yesense_interface/msg/detail/euler_angle__builder.hpp\n'}
[0.826842] (yesense_interface) StdoutLine: {'line': b'-- Up-to-date symlink: /home/ubuntu/rb3302_final_proj_code/robot_ws/install/yesense_interface/include/yesense_interface/yesense_interface/msg/detail/euler_angle__struct.hpp\n'}
[0.827069] (yesense_interface) StdoutLine: {'line': b'-- Up-to-date symlink: /home/ubuntu/rb3302_final_proj_code/robot_ws/install/yesense_interface/include/yesense_interface/yesense_interface/msg/detail/euler_angle__traits.hpp\n'}
[0.827182] (yesense_interface) StdoutLine: {'line': b'-- Up-to-date symlink: /home/ubuntu/rb3302_final_proj_code/robot_ws/install/yesense_interface/include/yesense_interface/yesense_interface/msg/detail/euler_angle__type_support.hpp\n'}
[0.827291] (yesense_interface) StdoutLine: {'line': b'-- Up-to-date symlink: /home/ubuntu/rb3302_final_proj_code/robot_ws/install/yesense_interface/include/yesense_interface/yesense_interface/msg/detail/euler_only__builder.hpp\n'}
[0.827559] (yesense_interface) StdoutLine: {'line': b'-- Up-to-date symlink: /home/ubuntu/rb3302_final_proj_code/robot_ws/install/yesense_interface/include/yesense_interface/yesense_interface/msg/detail/euler_only__struct.hpp\n'}
[0.827842] (yesense_interface) StdoutLine: {'line': b'-- Up-to-date symlink: /home/ubuntu/rb3302_final_proj_code/robot_ws/install/yesense_interface/include/yesense_interface/yesense_interface/msg/detail/euler_only__traits.hpp\n'}
[0.828070] (yesense_interface) StdoutLine: {'line': b'-- Up-to-date symlink: /home/ubuntu/rb3302_final_proj_code/robot_ws/install/yesense_interface/include/yesense_interface/yesense_interface/msg/detail/euler_only__type_support.hpp\n'}
[0.828185] (yesense_interface) StdoutLine: {'line': b'-- Up-to-date symlink: /home/ubuntu/rb3302_final_proj_code/robot_ws/install/yesense_interface/include/yesense_interface/yesense_interface/msg/detail/gnss_pos__builder.hpp\n'}
[0.828298] (yesense_interface) StdoutLine: {'line': b'-- Up-to-date symlink: /home/ubuntu/rb3302_final_proj_code/robot_ws/install/yesense_interface/include/yesense_interface/yesense_interface/msg/detail/gnss_pos__struct.hpp\n'}
[0.828566] (yesense_interface) StdoutLine: {'line': b'-- Up-to-date symlink: /home/ubuntu/rb3302_final_proj_code/robot_ws/install/yesense_interface/include/yesense_interface/yesense_interface/msg/detail/gnss_pos__traits.hpp\n'}
[0.828683] (yesense_interface) StdoutLine: {'line': b'-- Up-to-date symlink: /home/ubuntu/rb3302_final_proj_code/robot_ws/install/yesense_interface/include/yesense_interface/yesense_interface/msg/detail/gnss_pos__type_support.hpp\n'}
[0.828794] (yesense_interface) StdoutLine: {'line': b'-- Up-to-date symlink: /home/ubuntu/rb3302_final_proj_code/robot_ws/install/yesense_interface/include/yesense_interface/yesense_interface/msg/detail/imu_data__builder.hpp\n'}
[0.828899] (yesense_interface) StdoutLine: {'line': b'-- Up-to-date symlink: /home/ubuntu/rb3302_final_proj_code/robot_ws/install/yesense_interface/include/yesense_interface/yesense_interface/msg/detail/imu_data__struct.hpp\n'}
[0.829023] (yesense_interface) StdoutLine: {'line': b'-- Up-to-date symlink: /home/ubuntu/rb3302_final_proj_code/robot_ws/install/yesense_interface/include/yesense_interface/yesense_interface/msg/detail/imu_data__traits.hpp\n'}
[0.829127] (yesense_interface) StdoutLine: {'line': b'-- Up-to-date symlink: /home/ubuntu/rb3302_final_proj_code/robot_ws/install/yesense_interface/include/yesense_interface/yesense_interface/msg/detail/imu_data__type_support.hpp\n'}
[0.829252] (yesense_interface) StdoutLine: {'line': b'-- Up-to-date symlink: /home/ubuntu/rb3302_final_proj_code/robot_ws/install/yesense_interface/include/yesense_interface/yesense_interface/msg/detail/imu_data_ten_axis__builder.hpp\n'}
[0.829453] (yesense_interface) StdoutLine: {'line': b'-- Up-to-date symlink: /home/ubuntu/rb3302_final_proj_code/robot_ws/install/yesense_interface/include/yesense_interface/yesense_interface/msg/detail/imu_data_ten_axis__struct.hpp\n'}
[0.829751] (yesense_interface) StdoutLine: {'line': b'-- Up-to-date symlink: /home/ubuntu/rb3302_final_proj_code/robot_ws/install/yesense_interface/include/yesense_interface/yesense_interface/msg/detail/imu_data_ten_axis__traits.hpp\n'}
[0.830290] (yesense_interface) StdoutLine: {'line': b'-- Up-to-date symlink: /home/ubuntu/rb3302_final_proj_code/robot_ws/install/yesense_interface/include/yesense_interface/yesense_interface/msg/detail/imu_data_ten_axis__type_support.hpp\n'}
[0.830437] (yesense_interface) StdoutLine: {'line': b'-- Up-to-date symlink: /home/ubuntu/rb3302_final_proj_code/robot_ws/install/yesense_interface/include/yesense_interface/yesense_interface/msg/detail/nav_all__builder.hpp\n'}
[0.830557] (yesense_interface) StdoutLine: {'line': b'-- Up-to-date symlink: /home/ubuntu/rb3302_final_proj_code/robot_ws/install/yesense_interface/include/yesense_interface/yesense_interface/msg/detail/nav_all__struct.hpp\n'}
[0.830807] (yesense_interface) StdoutLine: {'line': b'-- Up-to-date symlink: /home/ubuntu/rb3302_final_proj_code/robot_ws/install/yesense_interface/include/yesense_interface/yesense_interface/msg/detail/nav_all__traits.hpp\n'}
[0.831137] (yesense_interface) StdoutLine: {'line': b'-- Up-to-date symlink: /home/ubuntu/rb3302_final_proj_code/robot_ws/install/yesense_interface/include/yesense_interface/yesense_interface/msg/detail/nav_all__type_support.hpp\n'}
[0.831483] (yesense_interface) StdoutLine: {'line': b'-- Up-to-date symlink: /home/ubuntu/rb3302_final_proj_code/robot_ws/install/yesense_interface/include/yesense_interface/yesense_interface/msg/detail/nav_min__builder.hpp\n'}
[0.831690] (yesense_interface) StdoutLine: {'line': b'-- Up-to-date symlink: /home/ubuntu/rb3302_final_proj_code/robot_ws/install/yesense_interface/include/yesense_interface/yesense_interface/msg/detail/nav_min__struct.hpp\n'}
[0.831812] (yesense_interface) StdoutLine: {'line': b'-- Up-to-date symlink: /home/ubuntu/rb3302_final_proj_code/robot_ws/install/yesense_interface/include/yesense_interface/yesense_interface/msg/detail/nav_min__traits.hpp\n'}
[0.832018] (yesense_interface) StdoutLine: {'line': b'-- Up-to-date symlink: /home/ubuntu/rb3302_final_proj_code/robot_ws/install/yesense_interface/include/yesense_interface/yesense_interface/msg/detail/nav_min__type_support.hpp\n'}
[0.832142] (yesense_interface) StdoutLine: {'line': b'-- Up-to-date symlink: /home/ubuntu/rb3302_final_proj_code/robot_ws/install/yesense_interface/include/yesense_interface/yesense_interface/msg/detail/nav_min_utc__builder.hpp\n'}
[0.832261] (yesense_interface) StdoutLine: {'line': b'-- Up-to-date symlink: /home/ubuntu/rb3302_final_proj_code/robot_ws/install/yesense_interface/include/yesense_interface/yesense_interface/msg/detail/nav_min_utc__struct.hpp\n'}
[0.832400] (yesense_interface) StdoutLine: {'line': b'-- Up-to-date symlink: /home/ubuntu/rb3302_final_proj_code/robot_ws/install/yesense_interface/include/yesense_interface/yesense_interface/msg/detail/nav_min_utc__traits.hpp\n'}
[0.832821] (yesense_interface) StdoutLine: {'line': b'-- Up-to-date symlink: /home/ubuntu/rb3302_final_proj_code/robot_ws/install/yesense_interface/include/yesense_interface/yesense_interface/msg/detail/nav_min_utc__type_support.hpp\n'}
[0.832939] (yesense_interface) StdoutLine: {'line': b'-- Up-to-date symlink: /home/ubuntu/rb3302_final_proj_code/robot_ws/install/yesense_interface/include/yesense_interface/yesense_interface/msg/detail/nav_status__builder.hpp\n'}
[0.833051] (yesense_interface) StdoutLine: {'line': b'-- Up-to-date symlink: /home/ubuntu/rb3302_final_proj_code/robot_ws/install/yesense_interface/include/yesense_interface/yesense_interface/msg/detail/nav_status__struct.hpp\n'}
[0.833167] (yesense_interface) StdoutLine: {'line': b'-- Up-to-date symlink: /home/ubuntu/rb3302_final_proj_code/robot_ws/install/yesense_interface/include/yesense_interface/yesense_interface/msg/detail/nav_status__traits.hpp\n'}
[0.833286] (yesense_interface) StdoutLine: {'line': b'-- Up-to-date symlink: /home/ubuntu/rb3302_final_proj_code/robot_ws/install/yesense_interface/include/yesense_interface/yesense_interface/msg/detail/nav_status__type_support.hpp\n'}
[0.833589] (yesense_interface) StdoutLine: {'line': b'-- Up-to-date symlink: /home/ubuntu/rb3302_final_proj_code/robot_ws/install/yesense_interface/include/yesense_interface/yesense_interface/msg/detail/pos_only__builder.hpp\n'}
[0.833716] (yesense_interface) StdoutLine: {'line': b'-- Up-to-date symlink: /home/ubuntu/rb3302_final_proj_code/robot_ws/install/yesense_interface/include/yesense_interface/yesense_interface/msg/detail/pos_only__struct.hpp\n'}
[0.833827] (yesense_interface) StdoutLine: {'line': b'-- Up-to-date symlink: /home/ubuntu/rb3302_final_proj_code/robot_ws/install/yesense_interface/include/yesense_interface/yesense_interface/msg/detail/pos_only__traits.hpp\n'}
[0.833944] (yesense_interface) StdoutLine: {'line': b'-- Up-to-date symlink: /home/ubuntu/rb3302_final_proj_code/robot_ws/install/yesense_interface/include/yesense_interface/yesense_interface/msg/detail/pos_only__type_support.hpp\n'}
[0.834472] (yesense_interface) StdoutLine: {'line': b'-- Up-to-date symlink: /home/ubuntu/rb3302_final_proj_code/robot_ws/install/yesense_interface/include/yesense_interface/yesense_interface/msg/detail/pressure__builder.hpp\n'}
[0.834619] (yesense_interface) StdoutLine: {'line': b'-- Up-to-date symlink: /home/ubuntu/rb3302_final_proj_code/robot_ws/install/yesense_interface/include/yesense_interface/yesense_interface/msg/detail/pressure__struct.hpp\n'}
[0.834859] (yesense_interface) StdoutLine: {'line': b'-- Up-to-date symlink: /home/ubuntu/rb3302_final_proj_code/robot_ws/install/yesense_interface/include/yesense_interface/yesense_interface/msg/detail/pressure__traits.hpp\n'}
[0.835006] (yesense_interface) StdoutLine: {'line': b'-- Up-to-date symlink: /home/ubuntu/rb3302_final_proj_code/robot_ws/install/yesense_interface/include/yesense_interface/yesense_interface/msg/detail/pressure__type_support.hpp\n'}
[0.835124] (yesense_interface) StdoutLine: {'line': b'-- Up-to-date symlink: /home/ubuntu/rb3302_final_proj_code/robot_ws/install/yesense_interface/include/yesense_interface/yesense_interface/msg/detail/quat__builder.hpp\n'}
[0.835341] (yesense_interface) StdoutLine: {'line': b'-- Up-to-date symlink: /home/ubuntu/rb3302_final_proj_code/robot_ws/install/yesense_interface/include/yesense_interface/yesense_interface/msg/detail/quat__struct.hpp\n'}
[0.835594] (yesense_interface) StdoutLine: {'line': b'-- Up-to-date symlink: /home/ubuntu/rb3302_final_proj_code/robot_ws/install/yesense_interface/include/yesense_interface/yesense_interface/msg/detail/quat__traits.hpp\n'}
[0.835871] (yesense_interface) StdoutLine: {'line': b'-- Up-to-date symlink: /home/ubuntu/rb3302_final_proj_code/robot_ws/install/yesense_interface/include/yesense_interface/yesense_interface/msg/detail/quat__type_support.hpp\n'}
[0.835983] (yesense_interface) StdoutLine: {'line': b'-- Up-to-date symlink: /home/ubuntu/rb3302_final_proj_code/robot_ws/install/yesense_interface/include/yesense_interface/yesense_interface/msg/detail/robot_lord__builder.hpp\n'}
[0.836093] (yesense_interface) StdoutLine: {'line': b'-- Up-to-date symlink: /home/ubuntu/rb3302_final_proj_code/robot_ws/install/yesense_interface/include/yesense_interface/yesense_interface/msg/detail/robot_lord__struct.hpp\n'}
[0.836211] (yesense_interface) StdoutLine: {'line': b'-- Up-to-date symlink: /home/ubuntu/rb3302_final_proj_code/robot_ws/install/yesense_interface/include/yesense_interface/yesense_interface/msg/detail/robot_lord__traits.hpp\n'}
[0.836345] (yesense_interface) StdoutLine: {'line': b'-- Up-to-date symlink: /home/ubuntu/rb3302_final_proj_code/robot_ws/install/yesense_interface/include/yesense_interface/yesense_interface/msg/detail/robot_lord__type_support.hpp\n'}
[0.836470] (yesense_interface) StdoutLine: {'line': b'-- Up-to-date symlink: /home/ubuntu/rb3302_final_proj_code/robot_ws/install/yesense_interface/include/yesense_interface/yesense_interface/msg/detail/sample_timestamp__builder.hpp\n'}
[0.836580] (yesense_interface) StdoutLine: {'line': b'-- Up-to-date symlink: /home/ubuntu/rb3302_final_proj_code/robot_ws/install/yesense_interface/include/yesense_interface/yesense_interface/msg/detail/sample_timestamp__struct.hpp\n'}
[0.836688] (yesense_interface) StdoutLine: {'line': b'-- Up-to-date symlink: /home/ubuntu/rb3302_final_proj_code/robot_ws/install/yesense_interface/include/yesense_interface/yesense_interface/msg/detail/sample_timestamp__traits.hpp\n'}
[0.836944] (yesense_interface) StdoutLine: {'line': b'-- Up-to-date symlink: /home/ubuntu/rb3302_final_proj_code/robot_ws/install/yesense_interface/include/yesense_interface/yesense_interface/msg/detail/sample_timestamp__type_support.hpp\n'}
[0.837059] (yesense_interface) StdoutLine: {'line': b'-- Up-to-date symlink: /home/ubuntu/rb3302_final_proj_code/robot_ws/install/yesense_interface/include/yesense_interface/yesense_interface/msg/detail/sensor_temp__builder.hpp\n'}
[0.837169] (yesense_interface) StdoutLine: {'line': b'-- Up-to-date symlink: /home/ubuntu/rb3302_final_proj_code/robot_ws/install/yesense_interface/include/yesense_interface/yesense_interface/msg/detail/sensor_temp__struct.hpp\n'}
[0.837565] (yesense_interface) StdoutLine: {'line': b'-- Up-to-date symlink: /home/ubuntu/rb3302_final_proj_code/robot_ws/install/yesense_interface/include/yesense_interface/yesense_interface/msg/detail/sensor_temp__traits.hpp\n'}
[0.837902] (yesense_interface) StdoutLine: {'line': b'-- Up-to-date symlink: /home/ubuntu/rb3302_final_proj_code/robot_ws/install/yesense_interface/include/yesense_interface/yesense_interface/msg/detail/sensor_temp__type_support.hpp\n'}
[0.838016] (yesense_interface) StdoutLine: {'line': b'-- Up-to-date symlink: /home/ubuntu/rb3302_final_proj_code/robot_ws/install/yesense_interface/include/yesense_interface/yesense_interface/msg/detail/three_axis__builder.hpp\n'}
[0.838137] (yesense_interface) StdoutLine: {'line': b'-- Up-to-date symlink: /home/ubuntu/rb3302_final_proj_code/robot_ws/install/yesense_interface/include/yesense_interface/yesense_interface/msg/detail/three_axis__struct.hpp\n'}
[0.838577] (yesense_interface) StdoutLine: {'line': b'-- Up-to-date symlink: /home/ubuntu/rb3302_final_proj_code/robot_ws/install/yesense_interface/include/yesense_interface/yesense_interface/msg/detail/three_axis__traits.hpp\n'}
[0.838727] (yesense_interface) StdoutLine: {'line': b'-- Up-to-date symlink: /home/ubuntu/rb3302_final_proj_code/robot_ws/install/yesense_interface/include/yesense_interface/yesense_interface/msg/detail/three_axis__type_support.hpp\n'}
[0.838849] (yesense_interface) StdoutLine: {'line': b'-- Up-to-date symlink: /home/ubuntu/rb3302_final_proj_code/robot_ws/install/yesense_interface/include/yesense_interface/yesense_interface/msg/detail/tid__builder.hpp\n'}
[0.838959] (yesense_interface) StdoutLine: {'line': b'-- Up-to-date symlink: /home/ubuntu/rb3302_final_proj_code/robot_ws/install/yesense_interface/include/yesense_interface/yesense_interface/msg/detail/tid__struct.hpp\n'}
[0.839066] (yesense_interface) StdoutLine: {'line': b'-- Up-to-date symlink: /home/ubuntu/rb3302_final_proj_code/robot_ws/install/yesense_interface/include/yesense_interface/yesense_interface/msg/detail/tid__traits.hpp\n'}
[0.839174] (yesense_interface) StdoutLine: {'line': b'-- Up-to-date symlink: /home/ubuntu/rb3302_final_proj_code/robot_ws/install/yesense_interface/include/yesense_interface/yesense_interface/msg/detail/tid__type_support.hpp\n'}
[0.839282] (yesense_interface) StdoutLine: {'line': b'-- Up-to-date symlink: /home/ubuntu/rb3302_final_proj_code/robot_ws/install/yesense_interface/include/yesense_interface/yesense_interface/msg/detail/utc__builder.hpp\n'}
[0.839415] (yesense_interface) StdoutLine: {'line': b'-- Up-to-date symlink: /home/ubuntu/rb3302_final_proj_code/robot_ws/install/yesense_interface/include/yesense_interface/yesense_interface/msg/detail/utc__struct.hpp\n'}
[0.839553] (yesense_interface) StdoutLine: {'line': b'-- Up-to-date symlink: /home/ubuntu/rb3302_final_proj_code/robot_ws/install/yesense_interface/include/yesense_interface/yesense_interface/msg/detail/utc__traits.hpp\n'}
[0.839670] (yesense_interface) StdoutLine: {'line': b'-- Up-to-date symlink: /home/ubuntu/rb3302_final_proj_code/robot_ws/install/yesense_interface/include/yesense_interface/yesense_interface/msg/detail/utc__type_support.hpp\n'}
[0.839777] (yesense_interface) StdoutLine: {'line': b'-- Up-to-date symlink: /home/ubuntu/rb3302_final_proj_code/robot_ws/install/yesense_interface/include/yesense_interface/yesense_interface/msg/detail/vel__builder.hpp\n'}
[0.839883] (yesense_interface) StdoutLine: {'line': b'-- Up-to-date symlink: /home/ubuntu/rb3302_final_proj_code/robot_ws/install/yesense_interface/include/yesense_interface/yesense_interface/msg/detail/vel__struct.hpp\n'}
[0.839986] (yesense_interface) StdoutLine: {'line': b'-- Up-to-date symlink: /home/ubuntu/rb3302_final_proj_code/robot_ws/install/yesense_interface/include/yesense_interface/yesense_interface/msg/detail/vel__traits.hpp\n'}
[0.840091] (yesense_interface) StdoutLine: {'line': b'-- Up-to-date symlink: /home/ubuntu/rb3302_final_proj_code/robot_ws/install/yesense_interface/include/yesense_interface/yesense_interface/msg/detail/vel__type_support.hpp\n'}
[0.840295] (yesense_interface) StdoutLine: {'line': b'-- Up-to-date symlink: /home/ubuntu/rb3302_final_proj_code/robot_ws/install/yesense_interface/include/yesense_interface/yesense_interface/msg/euler_angle.hpp\n'}
[0.840485] (yesense_interface) StdoutLine: {'line': b'-- Up-to-date symlink: /home/ubuntu/rb3302_final_proj_code/robot_ws/install/yesense_interface/include/yesense_interface/yesense_interface/msg/euler_only.hpp\n'}
[0.840592] (yesense_interface) StdoutLine: {'line': b'-- Up-to-date symlink: /home/ubuntu/rb3302_final_proj_code/robot_ws/install/yesense_interface/include/yesense_interface/yesense_interface/msg/gnss_pos.hpp\n'}
[0.841125] (yesense_interface) StdoutLine: {'line': b'-- Up-to-date symlink: /home/ubuntu/rb3302_final_proj_code/robot_ws/install/yesense_interface/include/yesense_interface/yesense_interface/msg/imu_data.hpp\n'}
[0.841228] (yesense_interface) StdoutLine: {'line': b'-- Up-to-date symlink: /home/ubuntu/rb3302_final_proj_code/robot_ws/install/yesense_interface/include/yesense_interface/yesense_interface/msg/imu_data_ten_axis.hpp\n'}
[0.841349] (yesense_interface) StdoutLine: {'line': b'-- Up-to-date symlink: /home/ubuntu/rb3302_final_proj_code/robot_ws/install/yesense_interface/include/yesense_interface/yesense_interface/msg/nav_all.hpp\n'}
[0.841469] (yesense_interface) StdoutLine: {'line': b'-- Up-to-date symlink: /home/ubuntu/rb3302_final_proj_code/robot_ws/install/yesense_interface/include/yesense_interface/yesense_interface/msg/nav_min.hpp\n'}
[0.841570] (yesense_interface) StdoutLine: {'line': b'-- Up-to-date symlink: /home/ubuntu/rb3302_final_proj_code/robot_ws/install/yesense_interface/include/yesense_interface/yesense_interface/msg/nav_min_utc.hpp\n'}
[0.841664] (yesense_interface) StdoutLine: {'line': b'-- Up-to-date symlink: /home/ubuntu/rb3302_final_proj_code/robot_ws/install/yesense_interface/include/yesense_interface/yesense_interface/msg/nav_status.hpp\n'}
[0.841774] (yesense_interface) StdoutLine: {'line': b'-- Up-to-date symlink: /home/ubuntu/rb3302_final_proj_code/robot_ws/install/yesense_interface/include/yesense_interface/yesense_interface/msg/pos_only.hpp\n'}
[0.841903] (yesense_interface) StdoutLine: {'line': b'-- Up-to-date symlink: /home/ubuntu/rb3302_final_proj_code/robot_ws/install/yesense_interface/include/yesense_interface/yesense_interface/msg/pressure.hpp\n'}
[0.842020] (yesense_interface) StdoutLine: {'line': b'-- Up-to-date symlink: /home/ubuntu/rb3302_final_proj_code/robot_ws/install/yesense_interface/include/yesense_interface/yesense_interface/msg/quat.hpp\n'}
[0.842135] (yesense_interface) StdoutLine: {'line': b'-- Up-to-date symlink: /home/ubuntu/rb3302_final_proj_code/robot_ws/install/yesense_interface/include/yesense_interface/yesense_interface/msg/robot_lord.hpp\n'}
[0.842240] (yesense_interface) StdoutLine: {'line': b'-- Up-to-date symlink: /home/ubuntu/rb3302_final_proj_code/robot_ws/install/yesense_interface/include/yesense_interface/yesense_interface/msg/rosidl_generator_cpp__visibility_control.hpp\n'}
[0.842534] (yesense_interface) StdoutLine: {'line': b'-- Up-to-date symlink: /home/ubuntu/rb3302_final_proj_code/robot_ws/install/yesense_interface/include/yesense_interface/yesense_interface/msg/sample_timestamp.hpp\n'}
[0.842907] (yesense_interface) StdoutLine: {'line': b'-- Up-to-date symlink: /home/ubuntu/rb3302_final_proj_code/robot_ws/install/yesense_interface/include/yesense_interface/yesense_interface/msg/sensor_temp.hpp\n'}
[0.843035] (yesense_interface) StdoutLine: {'line': b'-- Up-to-date symlink: /home/ubuntu/rb3302_final_proj_code/robot_ws/install/yesense_interface/include/yesense_interface/yesense_interface/msg/three_axis.hpp\n'}
[0.843144] (yesense_interface) StdoutLine: {'line': b'-- Up-to-date symlink: /home/ubuntu/rb3302_final_proj_code/robot_ws/install/yesense_interface/include/yesense_interface/yesense_interface/msg/tid.hpp\n'}
[0.843260] (yesense_interface) StdoutLine: {'line': b'-- Up-to-date symlink: /home/ubuntu/rb3302_final_proj_code/robot_ws/install/yesense_interface/include/yesense_interface/yesense_interface/msg/utc.hpp\n'}
[0.843397] (yesense_interface) StdoutLine: {'line': b'-- Up-to-date symlink: /home/ubuntu/rb3302_final_proj_code/robot_ws/install/yesense_interface/include/yesense_interface/yesense_interface/msg/vel.hpp\n'}
[0.843706] (yesense_interface) StdoutLine: {'line': b'-- Up-to-date symlink: /home/ubuntu/rb3302_final_proj_code/robot_ws/install/yesense_interface/include/yesense_interface/yesense_interface/msg/detail/attitude_all_data__rosidl_typesupport_fastrtps_cpp.hpp\n'}
[0.843817] (yesense_interface) StdoutLine: {'line': b'-- Up-to-date symlink: /home/ubuntu/rb3302_final_proj_code/robot_ws/install/yesense_interface/include/yesense_interface/yesense_interface/msg/detail/attitude_min_ahrs__rosidl_typesupport_fastrtps_cpp.hpp\n'}
[0.843928] (yesense_interface) StdoutLine: {'line': b'-- Up-to-date symlink: /home/ubuntu/rb3302_final_proj_code/robot_ws/install/yesense_interface/include/yesense_interface/yesense_interface/msg/detail/attitude_min_vru__rosidl_typesupport_fastrtps_cpp.hpp\n'}
[0.844034] (yesense_interface) StdoutLine: {'line': b'-- Up-to-date symlink: /home/ubuntu/rb3302_final_proj_code/robot_ws/install/yesense_interface/include/yesense_interface/yesense_interface/msg/detail/euler_angle__rosidl_typesupport_fastrtps_cpp.hpp\n'}
[0.844142] (yesense_interface) StdoutLine: {'line': b'-- Up-to-date symlink: /home/ubuntu/rb3302_final_proj_code/robot_ws/install/yesense_interface/include/yesense_interface/yesense_interface/msg/detail/euler_only__rosidl_typesupport_fastrtps_cpp.hpp\n'}
[0.844249] (yesense_interface) StdoutLine: {'line': b'-- Up-to-date symlink: /home/ubuntu/rb3302_final_proj_code/robot_ws/install/yesense_interface/include/yesense_interface/yesense_interface/msg/detail/gnss_pos__rosidl_typesupport_fastrtps_cpp.hpp\n'}
[0.844390] (yesense_interface) StdoutLine: {'line': b'-- Up-to-date symlink: /home/ubuntu/rb3302_final_proj_code/robot_ws/install/yesense_interface/include/yesense_interface/yesense_interface/msg/detail/imu_data__rosidl_typesupport_fastrtps_cpp.hpp\n'}
[0.844938] (yesense_interface) StdoutLine: {'line': b'-- Up-to-date symlink: /home/ubuntu/rb3302_final_proj_code/robot_ws/install/yesense_interface/include/yesense_interface/yesense_interface/msg/detail/imu_data_ten_axis__rosidl_typesupport_fastrtps_cpp.hpp\n'}
[0.845065] (yesense_interface) StdoutLine: {'line': b'-- Up-to-date symlink: /home/ubuntu/rb3302_final_proj_code/robot_ws/install/yesense_interface/include/yesense_interface/yesense_interface/msg/detail/nav_all__rosidl_typesupport_fastrtps_cpp.hpp\n'}
[0.845173] (yesense_interface) StdoutLine: {'line': b'-- Up-to-date symlink: /home/ubuntu/rb3302_final_proj_code/robot_ws/install/yesense_interface/include/yesense_interface/yesense_interface/msg/detail/nav_min__rosidl_typesupport_fastrtps_cpp.hpp\n'}
[0.845279] (yesense_interface) StdoutLine: {'line': b'-- Up-to-date symlink: /home/ubuntu/rb3302_final_proj_code/robot_ws/install/yesense_interface/include/yesense_interface/yesense_interface/msg/detail/nav_min_utc__rosidl_typesupport_fastrtps_cpp.hpp\n'}
[0.845428] (yesense_interface) StdoutLine: {'line': b'-- Up-to-date symlink: /home/ubuntu/rb3302_final_proj_code/robot_ws/install/yesense_interface/include/yesense_interface/yesense_interface/msg/detail/nav_status__rosidl_typesupport_fastrtps_cpp.hpp\n'}
[0.845692] (yesense_interface) StdoutLine: {'line': b'-- Up-to-date symlink: /home/ubuntu/rb3302_final_proj_code/robot_ws/install/yesense_interface/include/yesense_interface/yesense_interface/msg/detail/pos_only__rosidl_typesupport_fastrtps_cpp.hpp\n'}
[0.845793] (yesense_interface) StdoutLine: {'line': b'-- Up-to-date symlink: /home/ubuntu/rb3302_final_proj_code/robot_ws/install/yesense_interface/include/yesense_interface/yesense_interface/msg/detail/pressure__rosidl_typesupport_fastrtps_cpp.hpp\n'}
[0.845888] (yesense_interface) StdoutLine: {'line': b'-- Up-to-date symlink: /home/ubuntu/rb3302_final_proj_code/robot_ws/install/yesense_interface/include/yesense_interface/yesense_interface/msg/detail/quat__rosidl_typesupport_fastrtps_cpp.hpp\n'}
[0.845983] (yesense_interface) StdoutLine: {'line': b'-- Up-to-date symlink: /home/ubuntu/rb3302_final_proj_code/robot_ws/install/yesense_interface/include/yesense_interface/yesense_interface/msg/detail/robot_lord__rosidl_typesupport_fastrtps_cpp.hpp\n'}
[0.846109] (yesense_interface) StdoutLine: {'line': b'-- Up-to-date symlink: /home/ubuntu/rb3302_final_proj_code/robot_ws/install/yesense_interface/include/yesense_interface/yesense_interface/msg/detail/sample_timestamp__rosidl_typesupport_fastrtps_cpp.hpp\n'}
[0.846218] (yesense_interface) StdoutLine: {'line': b'-- Up-to-date symlink: /home/ubuntu/rb3302_final_proj_code/robot_ws/install/yesense_interface/include/yesense_interface/yesense_interface/msg/detail/sensor_temp__rosidl_typesupport_fastrtps_cpp.hpp\n'}
[0.846356] (yesense_interface) StdoutLine: {'line': b'-- Up-to-date symlink: /home/ubuntu/rb3302_final_proj_code/robot_ws/install/yesense_interface/include/yesense_interface/yesense_interface/msg/detail/three_axis__rosidl_typesupport_fastrtps_cpp.hpp\n'}
[0.846616] (yesense_interface) StdoutLine: {'line': b'-- Up-to-date symlink: /home/ubuntu/rb3302_final_proj_code/robot_ws/install/yesense_interface/include/yesense_interface/yesense_interface/msg/detail/tid__rosidl_typesupport_fastrtps_cpp.hpp\n'}
[0.846749] (yesense_interface) StdoutLine: {'line': b'-- Up-to-date symlink: /home/ubuntu/rb3302_final_proj_code/robot_ws/install/yesense_interface/include/yesense_interface/yesense_interface/msg/detail/utc__rosidl_typesupport_fastrtps_cpp.hpp\n'}
[0.846857] (yesense_interface) StdoutLine: {'line': b'-- Up-to-date symlink: /home/ubuntu/rb3302_final_proj_code/robot_ws/install/yesense_interface/include/yesense_interface/yesense_interface/msg/detail/vel__rosidl_typesupport_fastrtps_cpp.hpp\n'}
[0.846963] (yesense_interface) StdoutLine: {'line': b'-- Up-to-date symlink: /home/ubuntu/rb3302_final_proj_code/robot_ws/install/yesense_interface/include/yesense_interface/yesense_interface/msg/rosidl_typesupport_fastrtps_cpp__visibility_control.h\n'}
[0.847070] (yesense_interface) StdoutLine: {'line': b'-- Up-to-date symlink: /home/ubuntu/rb3302_final_proj_code/robot_ws/install/yesense_interface/include/yesense_interface/yesense_interface/msg/detail/attitude_all_data__rosidl_typesupport_introspection_cpp.hpp\n'}
[0.847177] (yesense_interface) StdoutLine: {'line': b'-- Up-to-date symlink: /home/ubuntu/rb3302_final_proj_code/robot_ws/install/yesense_interface/include/yesense_interface/yesense_interface/msg/detail/attitude_min_ahrs__rosidl_typesupport_introspection_cpp.hpp\n'}
[0.847734] (yesense_interface) StdoutLine: {'line': b'-- Up-to-date symlink: /home/ubuntu/rb3302_final_proj_code/robot_ws/install/yesense_interface/include/yesense_interface/yesense_interface/msg/detail/attitude_min_vru__rosidl_typesupport_introspection_cpp.hpp\n'}
[0.848069] (yesense_interface) StdoutLine: {'line': b'-- Up-to-date symlink: /home/ubuntu/rb3302_final_proj_code/robot_ws/install/yesense_interface/include/yesense_interface/yesense_interface/msg/detail/euler_angle__rosidl_typesupport_introspection_cpp.hpp\n'}
[0.848353] (yesense_interface) StdoutLine: {'line': b'-- Up-to-date symlink: /home/ubuntu/rb3302_final_proj_code/robot_ws/install/yesense_interface/include/yesense_interface/yesense_interface/msg/detail/euler_only__rosidl_typesupport_introspection_cpp.hpp\n'}
[0.848632] (yesense_interface) StdoutLine: {'line': b'-- Up-to-date symlink: /home/ubuntu/rb3302_final_proj_code/robot_ws/install/yesense_interface/include/yesense_interface/yesense_interface/msg/detail/gnss_pos__rosidl_typesupport_introspection_cpp.hpp\n'}
[0.848879] (yesense_interface) StdoutLine: {'line': b'-- Up-to-date symlink: /home/ubuntu/rb3302_final_proj_code/robot_ws/install/yesense_interface/include/yesense_interface/yesense_interface/msg/detail/imu_data__rosidl_typesupport_introspection_cpp.hpp\n'}
[0.849171] (yesense_interface) StdoutLine: {'line': b'-- Up-to-date symlink: /home/ubuntu/rb3302_final_proj_code/robot_ws/install/yesense_interface/include/yesense_interface/yesense_interface/msg/detail/imu_data_ten_axis__rosidl_typesupport_introspection_cpp.hpp\n'}
[0.849287] (yesense_interface) StdoutLine: {'line': b'-- Up-to-date symlink: /home/ubuntu/rb3302_final_proj_code/robot_ws/install/yesense_interface/include/yesense_interface/yesense_interface/msg/detail/nav_all__rosidl_typesupport_introspection_cpp.hpp\n'}
[0.849434] (yesense_interface) StdoutLine: {'line': b'-- Up-to-date symlink: /home/ubuntu/rb3302_final_proj_code/robot_ws/install/yesense_interface/include/yesense_interface/yesense_interface/msg/detail/nav_min__rosidl_typesupport_introspection_cpp.hpp\n'}
[0.849567] (yesense_interface) StdoutLine: {'line': b'-- Up-to-date symlink: /home/ubuntu/rb3302_final_proj_code/robot_ws/install/yesense_interface/include/yesense_interface/yesense_interface/msg/detail/nav_min_utc__rosidl_typesupport_introspection_cpp.hpp\n'}
[0.849677] (yesense_interface) StdoutLine: {'line': b'-- Up-to-date symlink: /home/ubuntu/rb3302_final_proj_code/robot_ws/install/yesense_interface/include/yesense_interface/yesense_interface/msg/detail/nav_status__rosidl_typesupport_introspection_cpp.hpp\n'}
[0.849799] (yesense_interface) StdoutLine: {'line': b'-- Up-to-date symlink: /home/ubuntu/rb3302_final_proj_code/robot_ws/install/yesense_interface/include/yesense_interface/yesense_interface/msg/detail/pos_only__rosidl_typesupport_introspection_cpp.hpp\n'}
[0.849914] (yesense_interface) StdoutLine: {'line': b'-- Up-to-date symlink: /home/ubuntu/rb3302_final_proj_code/robot_ws/install/yesense_interface/include/yesense_interface/yesense_interface/msg/detail/pressure__rosidl_typesupport_introspection_cpp.hpp\n'}
[0.850031] (yesense_interface) StdoutLine: {'line': b'-- Up-to-date symlink: /home/ubuntu/rb3302_final_proj_code/robot_ws/install/yesense_interface/include/yesense_interface/yesense_interface/msg/detail/quat__rosidl_typesupport_introspection_cpp.hpp\n'}
[0.850146] (yesense_interface) StdoutLine: {'line': b'-- Up-to-date symlink: /home/ubuntu/rb3302_final_proj_code/robot_ws/install/yesense_interface/include/yesense_interface/yesense_interface/msg/detail/robot_lord__rosidl_typesupport_introspection_cpp.hpp\n'}
[0.850263] (yesense_interface) StdoutLine: {'line': b'-- Up-to-date symlink: /home/ubuntu/rb3302_final_proj_code/robot_ws/install/yesense_interface/include/yesense_interface/yesense_interface/msg/detail/sample_timestamp__rosidl_typesupport_introspection_cpp.hpp\n'}
[0.850402] (yesense_interface) StdoutLine: {'line': b'-- Up-to-date symlink: /home/ubuntu/rb3302_final_proj_code/robot_ws/install/yesense_interface/include/yesense_interface/yesense_interface/msg/detail/sensor_temp__rosidl_typesupport_introspection_cpp.hpp\n'}
[0.850661] (yesense_interface) StdoutLine: {'line': b'-- Up-to-date symlink: /home/ubuntu/rb3302_final_proj_code/robot_ws/install/yesense_interface/include/yesense_interface/yesense_interface/msg/detail/three_axis__rosidl_typesupport_introspection_cpp.hpp\n'}
[0.850960] (yesense_interface) StdoutLine: {'line': b'-- Up-to-date symlink: /home/ubuntu/rb3302_final_proj_code/robot_ws/install/yesense_interface/include/yesense_interface/yesense_interface/msg/detail/tid__rosidl_typesupport_introspection_cpp.hpp\n'}
[0.851167] (yesense_interface) StdoutLine: {'line': b'-- Up-to-date symlink: /home/ubuntu/rb3302_final_proj_code/robot_ws/install/yesense_interface/include/yesense_interface/yesense_interface/msg/detail/utc__rosidl_typesupport_introspection_cpp.hpp\n'}
[0.851267] (yesense_interface) StdoutLine: {'line': b'-- Up-to-date symlink: /home/ubuntu/rb3302_final_proj_code/robot_ws/install/yesense_interface/include/yesense_interface/yesense_interface/msg/detail/vel__rosidl_typesupport_introspection_cpp.hpp\n'}
[0.851403] (yesense_interface) StdoutLine: {'line': b'-- Up-to-date symlink: /home/ubuntu/rb3302_final_proj_code/robot_ws/install/yesense_interface/share/yesense_interface/environment/pythonpath.sh\n'}
[0.851506] (yesense_interface) StdoutLine: {'line': b'-- Up-to-date symlink: /home/ubuntu/rb3302_final_proj_code/robot_ws/install/yesense_interface/share/yesense_interface/environment/pythonpath.dsv\n'}
[0.851603] (yesense_interface) StdoutLine: {'line': b'-- Up-to-date symlink: /home/ubuntu/rb3302_final_proj_code/robot_ws/install/yesense_interface/lib/python3.12/site-packages/yesense_interface-1.0.0-py3.12.egg-info/PKG-INFO\n'}
[0.851725] (yesense_interface) StdoutLine: {'line': b'-- Up-to-date symlink: /home/ubuntu/rb3302_final_proj_code/robot_ws/install/yesense_interface/lib/python3.12/site-packages/yesense_interface-1.0.0-py3.12.egg-info/SOURCES.txt\n'}
[0.851842] (yesense_interface) StdoutLine: {'line': b'-- Up-to-date symlink: /home/ubuntu/rb3302_final_proj_code/robot_ws/install/yesense_interface/lib/python3.12/site-packages/yesense_interface-1.0.0-py3.12.egg-info/dependency_links.txt\n'}
[0.851938] (yesense_interface) StdoutLine: {'line': b'-- Up-to-date symlink: /home/ubuntu/rb3302_final_proj_code/robot_ws/install/yesense_interface/lib/python3.12/site-packages/yesense_interface-1.0.0-py3.12.egg-info/top_level.txt\n'}
[0.852704] (yesense_interface) StdoutLine: {'line': b'-- Up-to-date symlink: /home/ubuntu/rb3302_final_proj_code/robot_ws/install/yesense_interface/lib/python3.12/site-packages/yesense_interface/__init__.py\n'}
[0.852897] (yesense_interface) StdoutLine: {'line': b'-- Up-to-date symlink: /home/ubuntu/rb3302_final_proj_code/robot_ws/install/yesense_interface/lib/python3.12/site-packages/yesense_interface/_yesense_interface_s.ep.rosidl_typesupport_c.c\n'}
[0.853016] (yesense_interface) StdoutLine: {'line': b'-- Up-to-date symlink: /home/ubuntu/rb3302_final_proj_code/robot_ws/install/yesense_interface/lib/python3.12/site-packages/yesense_interface/_yesense_interface_s.ep.rosidl_typesupport_fastrtps_c.c\n'}
[0.853509] (yesense_interface) StdoutLine: {'line': b'-- Up-to-date symlink: /home/ubuntu/rb3302_final_proj_code/robot_ws/install/yesense_interface/lib/python3.12/site-packages/yesense_interface/_yesense_interface_s.ep.rosidl_typesupport_introspection_c.c\n'}
[0.853875] (yesense_interface) StdoutLine: {'line': b'-- Up-to-date symlink: /home/ubuntu/rb3302_final_proj_code/robot_ws/install/yesense_interface/lib/python3.12/site-packages/yesense_interface/msg/__init__.py\n'}
[0.853998] (yesense_interface) StdoutLine: {'line': b'-- Up-to-date symlink: /home/ubuntu/rb3302_final_proj_code/robot_ws/install/yesense_interface/lib/python3.12/site-packages/yesense_interface/msg/_attitude_all_data.py\n'}
[0.854292] (yesense_interface) StdoutLine: {'line': b'-- Up-to-date symlink: /home/ubuntu/rb3302_final_proj_code/robot_ws/install/yesense_interface/lib/python3.12/site-packages/yesense_interface/msg/_attitude_all_data_s.c\n'}
[0.854587] (yesense_interface) StdoutLine: {'line': b'-- Up-to-date symlink: /home/ubuntu/rb3302_final_proj_code/robot_ws/install/yesense_interface/lib/python3.12/site-packages/yesense_interface/msg/_attitude_min_ahrs.py\n'}
[0.854704] (yesense_interface) StdoutLine: {'line': b'-- Up-to-date symlink: /home/ubuntu/rb3302_final_proj_code/robot_ws/install/yesense_interface/lib/python3.12/site-packages/yesense_interface/msg/_attitude_min_ahrs_s.c\n'}
[0.854808] (yesense_interface) StdoutLine: {'line': b'-- Up-to-date symlink: /home/ubuntu/rb3302_final_proj_code/robot_ws/install/yesense_interface/lib/python3.12/site-packages/yesense_interface/msg/_attitude_min_vru.py\n'}
[0.854909] (yesense_interface) StdoutLine: {'line': b'-- Up-to-date symlink: /home/ubuntu/rb3302_final_proj_code/robot_ws/install/yesense_interface/lib/python3.12/site-packages/yesense_interface/msg/_attitude_min_vru_s.c\n'}
[0.855005] (yesense_interface) StdoutLine: {'line': b'-- Up-to-date symlink: /home/ubuntu/rb3302_final_proj_code/robot_ws/install/yesense_interface/lib/python3.12/site-packages/yesense_interface/msg/_euler_angle.py\n'}
[0.855141] (yesense_interface) StdoutLine: {'line': b'-- Up-to-date symlink: /home/ubuntu/rb3302_final_proj_code/robot_ws/install/yesense_interface/lib/python3.12/site-packages/yesense_interface/msg/_euler_angle_s.c\n'}
[0.855260] (yesense_interface) StdoutLine: {'line': b'-- Up-to-date symlink: /home/ubuntu/rb3302_final_proj_code/robot_ws/install/yesense_interface/lib/python3.12/site-packages/yesense_interface/msg/_euler_only.py\n'}
[0.855415] (yesense_interface) StdoutLine: {'line': b'-- Up-to-date symlink: /home/ubuntu/rb3302_final_proj_code/robot_ws/install/yesense_interface/lib/python3.12/site-packages/yesense_interface/msg/_euler_only_s.c\n'}
[0.855793] (yesense_interface) StdoutLine: {'line': b'-- Up-to-date symlink: /home/ubuntu/rb3302_final_proj_code/robot_ws/install/yesense_interface/lib/python3.12/site-packages/yesense_interface/msg/_gnss_pos.py\n'}
[0.855916] (yesense_interface) StdoutLine: {'line': b'-- Up-to-date symlink: /home/ubuntu/rb3302_final_proj_code/robot_ws/install/yesense_interface/lib/python3.12/site-packages/yesense_interface/msg/_gnss_pos_s.c\n'}
[0.856037] (yesense_interface) StdoutLine: {'line': b'-- Up-to-date symlink: /home/ubuntu/rb3302_final_proj_code/robot_ws/install/yesense_interface/lib/python3.12/site-packages/yesense_interface/msg/_imu_data.py\n'}
[0.856153] (yesense_interface) StdoutLine: {'line': b'-- Up-to-date symlink: /home/ubuntu/rb3302_final_proj_code/robot_ws/install/yesense_interface/lib/python3.12/site-packages/yesense_interface/msg/_imu_data_s.c\n'}
[0.856263] (yesense_interface) StdoutLine: {'line': b'-- Up-to-date symlink: /home/ubuntu/rb3302_final_proj_code/robot_ws/install/yesense_interface/lib/python3.12/site-packages/yesense_interface/msg/_imu_data_ten_axis.py\n'}
[0.856777] (yesense_interface) StdoutLine: {'line': b'-- Up-to-date symlink: /home/ubuntu/rb3302_final_proj_code/robot_ws/install/yesense_interface/lib/python3.12/site-packages/yesense_interface/msg/_imu_data_ten_axis_s.c\n'}
[0.857049] (yesense_interface) StdoutLine: {'line': b'-- Up-to-date symlink: /home/ubuntu/rb3302_final_proj_code/robot_ws/install/yesense_interface/lib/python3.12/site-packages/yesense_interface/msg/_nav_all.py\n'}
[0.857264] (yesense_interface) StdoutLine: {'line': b'-- Up-to-date symlink: /home/ubuntu/rb3302_final_proj_code/robot_ws/install/yesense_interface/lib/python3.12/site-packages/yesense_interface/msg/_nav_all_s.c\n'}
[0.857636] (yesense_interface) StdoutLine: {'line': b'-- Up-to-date symlink: /home/ubuntu/rb3302_final_proj_code/robot_ws/install/yesense_interface/lib/python3.12/site-packages/yesense_interface/msg/_nav_min.py\n'}
[0.857762] (yesense_interface) StdoutLine: {'line': b'-- Up-to-date symlink: /home/ubuntu/rb3302_final_proj_code/robot_ws/install/yesense_interface/lib/python3.12/site-packages/yesense_interface/msg/_nav_min_s.c\n'}
[0.858004] (yesense_interface) StdoutLine: {'line': b'-- Up-to-date symlink: /home/ubuntu/rb3302_final_proj_code/robot_ws/install/yesense_interface/lib/python3.12/site-packages/yesense_interface/msg/_nav_min_utc.py\n'}
[0.858152] (yesense_interface) StdoutLine: {'line': b'-- Up-to-date symlink: /home/ubuntu/rb3302_final_proj_code/robot_ws/install/yesense_interface/lib/python3.12/site-packages/yesense_interface/msg/_nav_min_utc_s.c\n'}
[0.858280] (yesense_interface) StdoutLine: {'line': b'-- Up-to-date symlink: /home/ubuntu/rb3302_final_proj_code/robot_ws/install/yesense_interface/lib/python3.12/site-packages/yesense_interface/msg/_nav_status.py\n'}
[0.858519] (yesense_interface) StdoutLine: {'line': b'-- Up-to-date symlink: /home/ubuntu/rb3302_final_proj_code/robot_ws/install/yesense_interface/lib/python3.12/site-packages/yesense_interface/msg/_nav_status_s.c\n'}
[0.858658] (yesense_interface) StdoutLine: {'line': b'-- Up-to-date symlink: /home/ubuntu/rb3302_final_proj_code/robot_ws/install/yesense_interface/lib/python3.12/site-packages/yesense_interface/msg/_pos_only.py\n'}
[0.858768] (yesense_interface) StdoutLine: {'line': b'-- Up-to-date symlink: /home/ubuntu/rb3302_final_proj_code/robot_ws/install/yesense_interface/lib/python3.12/site-packages/yesense_interface/msg/_pos_only_s.c\n'}
[0.858876] (yesense_interface) StdoutLine: {'line': b'-- Up-to-date symlink: /home/ubuntu/rb3302_final_proj_code/robot_ws/install/yesense_interface/lib/python3.12/site-packages/yesense_interface/msg/_pressure.py\n'}
[0.858980] (yesense_interface) StdoutLine: {'line': b'-- Up-to-date symlink: /home/ubuntu/rb3302_final_proj_code/robot_ws/install/yesense_interface/lib/python3.12/site-packages/yesense_interface/msg/_pressure_s.c\n'}
[0.859246] (yesense_interface) StdoutLine: {'line': b'-- Up-to-date symlink: /home/ubuntu/rb3302_final_proj_code/robot_ws/install/yesense_interface/lib/python3.12/site-packages/yesense_interface/msg/_quat.py\n'}
[0.859439] (yesense_interface) StdoutLine: {'line': b'-- Up-to-date symlink: /home/ubuntu/rb3302_final_proj_code/robot_ws/install/yesense_interface/lib/python3.12/site-packages/yesense_interface/msg/_quat_s.c\n'}
[0.859563] (yesense_interface) StdoutLine: {'line': b'-- Up-to-date symlink: /home/ubuntu/rb3302_final_proj_code/robot_ws/install/yesense_interface/lib/python3.12/site-packages/yesense_interface/msg/_robot_lord.py\n'}
[0.859681] (yesense_interface) StdoutLine: {'line': b'-- Up-to-date symlink: /home/ubuntu/rb3302_final_proj_code/robot_ws/install/yesense_interface/lib/python3.12/site-packages/yesense_interface/msg/_robot_lord_s.c\n'}
[0.859787] (yesense_interface) StdoutLine: {'line': b'-- Up-to-date symlink: /home/ubuntu/rb3302_final_proj_code/robot_ws/install/yesense_interface/lib/python3.12/site-packages/yesense_interface/msg/_sample_timestamp.py\n'}
[0.859891] (yesense_interface) StdoutLine: {'line': b'-- Up-to-date symlink: /home/ubuntu/rb3302_final_proj_code/robot_ws/install/yesense_interface/lib/python3.12/site-packages/yesense_interface/msg/_sample_timestamp_s.c\n'}
[0.860004] (yesense_interface) StdoutLine: {'line': b'-- Up-to-date symlink: /home/ubuntu/rb3302_final_proj_code/robot_ws/install/yesense_interface/lib/python3.12/site-packages/yesense_interface/msg/_sensor_temp.py\n'}
[0.860680] (yesense_interface) StdoutLine: {'line': b'-- Up-to-date symlink: /home/ubuntu/rb3302_final_proj_code/robot_ws/install/yesense_interface/lib/python3.12/site-packages/yesense_interface/msg/_sensor_temp_s.c\n'}
[0.860989] (yesense_interface) StdoutLine: {'line': b'-- Up-to-date symlink: /home/ubuntu/rb3302_final_proj_code/robot_ws/install/yesense_interface/lib/python3.12/site-packages/yesense_interface/msg/_three_axis.py\n'}
[0.861138] (yesense_interface) StdoutLine: {'line': b'-- Up-to-date symlink: /home/ubuntu/rb3302_final_proj_code/robot_ws/install/yesense_interface/lib/python3.12/site-packages/yesense_interface/msg/_three_axis_s.c\n'}
[0.861425] (yesense_interface) StdoutLine: {'line': b'-- Up-to-date symlink: /home/ubuntu/rb3302_final_proj_code/robot_ws/install/yesense_interface/lib/python3.12/site-packages/yesense_interface/msg/_tid.py\n'}
[0.861670] (yesense_interface) StdoutLine: {'line': b'-- Up-to-date symlink: /home/ubuntu/rb3302_final_proj_code/robot_ws/install/yesense_interface/lib/python3.12/site-packages/yesense_interface/msg/_tid_s.c\n'}
[0.861777] (yesense_interface) StdoutLine: {'line': b'-- Up-to-date symlink: /home/ubuntu/rb3302_final_proj_code/robot_ws/install/yesense_interface/lib/python3.12/site-packages/yesense_interface/msg/_utc.py\n'}
[0.861877] (yesense_interface) StdoutLine: {'line': b'-- Up-to-date symlink: /home/ubuntu/rb3302_final_proj_code/robot_ws/install/yesense_interface/lib/python3.12/site-packages/yesense_interface/msg/_utc_s.c\n'}
[0.861976] (yesense_interface) StdoutLine: {'line': b'-- Up-to-date symlink: /home/ubuntu/rb3302_final_proj_code/robot_ws/install/yesense_interface/lib/python3.12/site-packages/yesense_interface/msg/_vel.py\n'}
[0.862111] (yesense_interface) StdoutLine: {'line': b'-- Up-to-date symlink: /home/ubuntu/rb3302_final_proj_code/robot_ws/install/yesense_interface/lib/python3.12/site-packages/yesense_interface/msg/_vel_s.c\n'}
[0.862630] (yesense_interface) StdoutLine: {'line': b'-- Up-to-date symlink: /home/ubuntu/rb3302_final_proj_code/robot_ws/install/yesense_interface/lib/python3.12/site-packages/yesense_interface/yesense_interface_s__rosidl_typesupport_c.so\n'}
[0.862756] (yesense_interface) StdoutLine: {'line': b'-- Up-to-date symlink: /home/ubuntu/rb3302_final_proj_code/robot_ws/install/yesense_interface/lib/python3.12/site-packages/yesense_interface/yesense_interface_s__rosidl_typesupport_fastrtps_c.so\n'}
[0.862856] (yesense_interface) StdoutLine: {'line': b'-- Up-to-date symlink: /home/ubuntu/rb3302_final_proj_code/robot_ws/install/yesense_interface/lib/python3.12/site-packages/yesense_interface/yesense_interface_s__rosidl_typesupport_introspection_c.so\n'}
[0.862971] (yesense_interface) StdoutLine: {'line': b'-- Up-to-date symlink: /home/ubuntu/rb3302_final_proj_code/robot_ws/install/yesense_interface/lib/python3.12/site-packages/yesense_interface/yesense_interface_s__rosidl_typesupport_fastrtps_c.so\n'}
[0.863210] (yesense_interface) StdoutLine: {'line': b'-- Up-to-date symlink: /home/ubuntu/rb3302_final_proj_code/robot_ws/install/yesense_interface/lib/python3.12/site-packages/yesense_interface/yesense_interface_s__rosidl_typesupport_introspection_c.so\n'}
[0.863328] (yesense_interface) StdoutLine: {'line': b'-- Up-to-date symlink: /home/ubuntu/rb3302_final_proj_code/robot_ws/install/yesense_interface/lib/python3.12/site-packages/yesense_interface/yesense_interface_s__rosidl_typesupport_c.so\n'}
[0.863485] (yesense_interface) StdoutLine: {'line': b'-- Up-to-date symlink: /home/ubuntu/rb3302_final_proj_code/robot_ws/install/yesense_interface/share/ament_index/resource_index/rust_packages/yesense_interface\n'}
[0.863624] (yesense_interface) StdoutLine: {'line': b'-- Up-to-date symlink: /home/ubuntu/rb3302_final_proj_code/robot_ws/install/yesense_interface/share/yesense_interface/rust/Cargo.toml\n'}
[0.863744] (yesense_interface) StdoutLine: {'line': b'-- Up-to-date symlink: /home/ubuntu/rb3302_final_proj_code/robot_ws/install/yesense_interface/share/yesense_interface/rust/build.rs\n'}
[0.863859] (yesense_interface) StdoutLine: {'line': b'-- Up-to-date symlink: /home/ubuntu/rb3302_final_proj_code/robot_ws/install/yesense_interface/share/yesense_interface/rust/src/lib.rs\n'}
[0.863973] (yesense_interface) StdoutLine: {'line': b'-- Up-to-date symlink: /home/ubuntu/rb3302_final_proj_code/robot_ws/install/yesense_interface/share/yesense_interface/rust/src/msg.rs\n'}
[0.864076] (yesense_interface) StdoutLine: {'line': b'-- Up-to-date symlink: /home/ubuntu/rb3302_final_proj_code/robot_ws/install/yesense_interface/share/yesense_interface/rust/src/msg/rmw.rs\n'}
[0.864189] (yesense_interface) StdoutLine: {'line': b'-- Up-to-date symlink: /home/ubuntu/rb3302_final_proj_code/robot_ws/install/yesense_interface/share/yesense_interface/msg/Tid.idl\n'}
[0.864302] (yesense_interface) StdoutLine: {'line': b'-- Up-to-date symlink: /home/ubuntu/rb3302_final_proj_code/robot_ws/install/yesense_interface/share/yesense_interface/msg/ThreeAxis.idl\n'}
[0.864597] (yesense_interface) StdoutLine: {'line': b'-- Up-to-date symlink: /home/ubuntu/rb3302_final_proj_code/robot_ws/install/yesense_interface/share/yesense_interface/msg/SensorTemp.idl\n'}
[0.864720] (yesense_interface) StdoutLine: {'line': b'-- Up-to-date symlink: /home/ubuntu/rb3302_final_proj_code/robot_ws/install/yesense_interface/share/yesense_interface/msg/Pressure.idl\n'}
[0.865278] (yesense_interface) StdoutLine: {'line': b'-- Up-to-date symlink: /home/ubuntu/rb3302_final_proj_code/robot_ws/install/yesense_interface/share/yesense_interface/msg/EulerAngle.idl\n'}
[0.865630] (yesense_interface) StdoutLine: {'line': b'-- Up-to-date symlink: /home/ubuntu/rb3302_final_proj_code/robot_ws/install/yesense_interface/share/yesense_interface/msg/Quat.idl\n'}
[0.865857] (yesense_interface) StdoutLine: {'line': b'-- Up-to-date symlink: /home/ubuntu/rb3302_final_proj_code/robot_ws/install/yesense_interface/share/yesense_interface/msg/GnssPos.idl\n'}
[0.866077] (yesense_interface) StdoutLine: {'line': b'-- Up-to-date symlink: /home/ubuntu/rb3302_final_proj_code/robot_ws/install/yesense_interface/share/yesense_interface/msg/NavStatus.idl\n'}
[0.866200] (yesense_interface) StdoutLine: {'line': b'-- Up-to-date symlink: /home/ubuntu/rb3302_final_proj_code/robot_ws/install/yesense_interface/share/yesense_interface/msg/Vel.idl\n'}
[0.866444] (yesense_interface) StdoutLine: {'line': b'-- Up-to-date symlink: /home/ubuntu/rb3302_final_proj_code/robot_ws/install/yesense_interface/share/yesense_interface/msg/Utc.idl\n'}
[0.866780] (yesense_interface) StdoutLine: {'line': b'-- Up-to-date symlink: /home/ubuntu/rb3302_final_proj_code/robot_ws/install/yesense_interface/share/yesense_interface/msg/SampleTimestamp.idl\n'}
[0.866984] (yesense_interface) StdoutLine: {'line': b'-- Up-to-date symlink: /home/ubuntu/rb3302_final_proj_code/robot_ws/install/yesense_interface/share/yesense_interface/msg/ImuData.idl\n'}
[0.867194] (yesense_interface) StdoutLine: {'line': b'-- Up-to-date symlink: /home/ubuntu/rb3302_final_proj_code/robot_ws/install/yesense_interface/share/yesense_interface/msg/ImuDataTenAxis.idl\n'}
[0.867426] (yesense_interface) StdoutLine: {'line': b'-- Up-to-date symlink: /home/ubuntu/rb3302_final_proj_code/robot_ws/install/yesense_interface/share/yesense_interface/msg/EulerOnly.idl\n'}
[0.867649] (yesense_interface) StdoutLine: {'line': b'-- Up-to-date symlink: /home/ubuntu/rb3302_final_proj_code/robot_ws/install/yesense_interface/share/yesense_interface/msg/RobotLord.idl\n'}
[0.867752] (yesense_interface) StdoutLine: {'line': b'-- Up-to-date symlink: /home/ubuntu/rb3302_final_proj_code/robot_ws/install/yesense_interface/share/yesense_interface/msg/AttitudeMinVru.idl\n'}
[0.867851] (yesense_interface) StdoutLine: {'line': b'-- Up-to-date symlink: /home/ubuntu/rb3302_final_proj_code/robot_ws/install/yesense_interface/share/yesense_interface/msg/AttitudeMinAhrs.idl\n'}
[0.867949] (yesense_interface) StdoutLine: {'line': b'-- Up-to-date symlink: /home/ubuntu/rb3302_final_proj_code/robot_ws/install/yesense_interface/share/yesense_interface/msg/AttitudeAllData.idl\n'}
[0.868200] (yesense_interface) StdoutLine: {'line': b'-- Up-to-date symlink: /home/ubuntu/rb3302_final_proj_code/robot_ws/install/yesense_interface/share/yesense_interface/msg/PosOnly.idl\n'}
[0.868301] (yesense_interface) StdoutLine: {'line': b'-- Up-to-date symlink: /home/ubuntu/rb3302_final_proj_code/robot_ws/install/yesense_interface/share/yesense_interface/msg/NavMin.idl\n'}
[0.868440] (yesense_interface) StdoutLine: {'line': b'-- Up-to-date symlink: /home/ubuntu/rb3302_final_proj_code/robot_ws/install/yesense_interface/share/yesense_interface/msg/NavMinUtc.idl\n'}
[0.868550] (yesense_interface) StdoutLine: {'line': b'-- Up-to-date symlink: /home/ubuntu/rb3302_final_proj_code/robot_ws/install/yesense_interface/share/yesense_interface/msg/NavAll.idl\n'}
[0.868671] (yesense_interface) StdoutLine: {'line': b'-- Up-to-date symlink: /home/ubuntu/rb3302_final_proj_code/robot_ws/install/yesense_interface/share/yesense_interface/msg/Tid.msg\n'}
[0.868881] (yesense_interface) StdoutLine: {'line': b'-- Up-to-date symlink: /home/ubuntu/rb3302_final_proj_code/robot_ws/install/yesense_interface/share/yesense_interface/msg/ThreeAxis.msg\n'}
[0.868989] (yesense_interface) StdoutLine: {'line': b'-- Up-to-date symlink: /home/ubuntu/rb3302_final_proj_code/robot_ws/install/yesense_interface/share/yesense_interface/msg/SensorTemp.msg\n'}
[0.869086] (yesense_interface) StdoutLine: {'line': b'-- Up-to-date symlink: /home/ubuntu/rb3302_final_proj_code/robot_ws/install/yesense_interface/share/yesense_interface/msg/Pressure.msg\n'}
[0.869183] (yesense_interface) StdoutLine: {'line': b'-- Up-to-date symlink: /home/ubuntu/rb3302_final_proj_code/robot_ws/install/yesense_interface/share/yesense_interface/msg/EulerAngle.msg\n'}
[0.869291] (yesense_interface) StdoutLine: {'line': b'-- Up-to-date symlink: /home/ubuntu/rb3302_final_proj_code/robot_ws/install/yesense_interface/share/yesense_interface/msg/Quat.msg\n'}
[0.869450] (yesense_interface) StdoutLine: {'line': b'-- Up-to-date symlink: /home/ubuntu/rb3302_final_proj_code/robot_ws/install/yesense_interface/share/yesense_interface/msg/GnssPos.msg\n'}
[0.869752] (yesense_interface) StdoutLine: {'line': b'-- Up-to-date symlink: /home/ubuntu/rb3302_final_proj_code/robot_ws/install/yesense_interface/share/yesense_interface/msg/NavStatus.msg\n'}
[0.869862] (yesense_interface) StdoutLine: {'line': b'-- Up-to-date symlink: /home/ubuntu/rb3302_final_proj_code/robot_ws/install/yesense_interface/share/yesense_interface/msg/Vel.msg\n'}
[0.870166] (yesense_interface) StdoutLine: {'line': b'-- Up-to-date symlink: /home/ubuntu/rb3302_final_proj_code/robot_ws/install/yesense_interface/share/yesense_interface/msg/Utc.msg\n'}
[0.870427] (yesense_interface) StdoutLine: {'line': b'-- Up-to-date symlink: /home/ubuntu/rb3302_final_proj_code/robot_ws/install/yesense_interface/share/yesense_interface/msg/SampleTimestamp.msg\n'}
[0.870551] (yesense_interface) StdoutLine: {'line': b'-- Up-to-date symlink: /home/ubuntu/rb3302_final_proj_code/robot_ws/install/yesense_interface/share/yesense_interface/msg/ImuData.msg\n'}
[0.870784] (yesense_interface) StdoutLine: {'line': b'-- Up-to-date symlink: /home/ubuntu/rb3302_final_proj_code/robot_ws/install/yesense_interface/share/yesense_interface/msg/ImuDataTenAxis.msg\n'}
[0.870885] (yesense_interface) StdoutLine: {'line': b'-- Up-to-date symlink: /home/ubuntu/rb3302_final_proj_code/robot_ws/install/yesense_interface/share/yesense_interface/msg/EulerOnly.msg\n'}
[0.870983] (yesense_interface) StdoutLine: {'line': b'-- Up-to-date symlink: /home/ubuntu/rb3302_final_proj_code/robot_ws/install/yesense_interface/share/yesense_interface/msg/RobotLord.msg\n'}
[0.871206] (yesense_interface) StdoutLine: {'line': b'-- Up-to-date symlink: /home/ubuntu/rb3302_final_proj_code/robot_ws/install/yesense_interface/share/yesense_interface/msg/AttitudeMinVru.msg\n'}
[0.871302] (yesense_interface) StdoutLine: {'line': b'-- Up-to-date symlink: /home/ubuntu/rb3302_final_proj_code/robot_ws/install/yesense_interface/share/yesense_interface/msg/AttitudeMinAhrs.msg\n'}
[0.871438] (yesense_interface) StdoutLine: {'line': b'-- Up-to-date symlink: /home/ubuntu/rb3302_final_proj_code/robot_ws/install/yesense_interface/share/yesense_interface/msg/AttitudeAllData.msg\n'}
[0.871691] (yesense_interface) StdoutLine: {'line': b'-- Up-to-date symlink: /home/ubuntu/rb3302_final_proj_code/robot_ws/install/yesense_interface/share/yesense_interface/msg/PosOnly.msg\n'}
[0.871795] (yesense_interface) StdoutLine: {'line': b'-- Up-to-date symlink: /home/ubuntu/rb3302_final_proj_code/robot_ws/install/yesense_interface/share/yesense_interface/msg/NavMin.msg\n'}
[0.872299] (yesense_interface) StdoutLine: {'line': b'-- Up-to-date symlink: /home/ubuntu/rb3302_final_proj_code/robot_ws/install/yesense_interface/share/yesense_interface/msg/NavMinUtc.msg\n'}
[0.872520] (yesense_interface) StdoutLine: {'line': b'-- Up-to-date symlink: /home/ubuntu/rb3302_final_proj_code/robot_ws/install/yesense_interface/share/yesense_interface/msg/NavAll.msg\n'}
[0.872639] (yesense_interface) StdoutLine: {'line': b'-- Up-to-date symlink: /home/ubuntu/rb3302_final_proj_code/robot_ws/install/yesense_interface/share/ament_index/resource_index/package_run_dependencies/yesense_interface\n'}
[0.872779] (yesense_interface) StdoutLine: {'line': b'-- Up-to-date symlink: /home/ubuntu/rb3302_final_proj_code/robot_ws/install/yesense_interface/share/ament_index/resource_index/parent_prefix_path/yesense_interface\n'}
[0.873084] (yesense_interface) StdoutLine: {'line': b'-- Up-to-date symlink: /home/ubuntu/rb3302_final_proj_code/robot_ws/install/yesense_interface/share/yesense_interface/environment/ament_prefix_path.sh\n'}
[0.873551] (yesense_interface) StdoutLine: {'line': b'-- Up-to-date symlink: /home/ubuntu/rb3302_final_proj_code/robot_ws/install/yesense_interface/share/yesense_interface/environment/ament_prefix_path.dsv\n'}
[0.873675] (yesense_interface) StdoutLine: {'line': b'-- Up-to-date symlink: /home/ubuntu/rb3302_final_proj_code/robot_ws/install/yesense_interface/share/yesense_interface/environment/path.sh\n'}
[0.873779] (yesense_interface) StdoutLine: {'line': b'-- Up-to-date symlink: /home/ubuntu/rb3302_final_proj_code/robot_ws/install/yesense_interface/share/yesense_interface/environment/path.dsv\n'}
[0.874170] (yesense_interface) StdoutLine: {'line': b'-- Up-to-date symlink: /home/ubuntu/rb3302_final_proj_code/robot_ws/install/yesense_interface/share/yesense_interface/local_setup.bash\n'}
[0.874449] (yesense_interface) StdoutLine: {'line': b'-- Up-to-date symlink: /home/ubuntu/rb3302_final_proj_code/robot_ws/install/yesense_interface/share/yesense_interface/local_setup.sh\n'}
[0.874557] (yesense_interface) StdoutLine: {'line': b'-- Up-to-date symlink: /home/ubuntu/rb3302_final_proj_code/robot_ws/install/yesense_interface/share/yesense_interface/local_setup.zsh\n'}
[0.874677] (yesense_interface) StdoutLine: {'line': b'-- Up-to-date symlink: /home/ubuntu/rb3302_final_proj_code/robot_ws/install/yesense_interface/share/yesense_interface/local_setup.dsv\n'}
[0.874774] (yesense_interface) StdoutLine: {'line': b'-- Symlinking: /home/ubuntu/rb3302_final_proj_code/robot_ws/install/yesense_interface/share/yesense_interface/package.dsv\n'}
[0.905734] (-) TimerEvent: {}
[0.906225] (yesense_interface) StdoutLine: {'line': b'-- Up-to-date symlink: /home/ubuntu/rb3302_final_proj_code/robot_ws/install/yesense_interface/share/ament_index/resource_index/packages/yesense_interface\n'}
[0.906522] (yesense_interface) StdoutLine: {'line': b'-- Up-to-date symlink: /home/ubuntu/rb3302_final_proj_code/robot_ws/install/yesense_interface/share/yesense_interface/cmake/rosidl_cmake-extras.cmake\n'}
[0.906866] (yesense_interface) StdoutLine: {'line': b'-- Up-to-date symlink: /home/ubuntu/rb3302_final_proj_code/robot_ws/install/yesense_interface/share/yesense_interface/cmake/ament_cmake_export_include_directories-extras.cmake\n'}
[0.907138] (yesense_interface) StdoutLine: {'line': b'-- Up-to-date symlink: /home/ubuntu/rb3302_final_proj_code/robot_ws/install/yesense_interface/share/yesense_interface/cmake/ament_cmake_export_libraries-extras.cmake\n'}
[0.907250] (yesense_interface) StdoutLine: {'line': b'-- Up-to-date symlink: /home/ubuntu/rb3302_final_proj_code/robot_ws/install/yesense_interface/share/yesense_interface/cmake/ament_cmake_export_targets-extras.cmake\n'}
[0.907399] (yesense_interface) StdoutLine: {'line': b'-- Up-to-date symlink: /home/ubuntu/rb3302_final_proj_code/robot_ws/install/yesense_interface/share/yesense_interface/cmake/rosidl_cmake_export_typesupport_targets-extras.cmake\n'}
[0.907755] (yesense_interface) StdoutLine: {'line': b'-- Up-to-date symlink: /home/ubuntu/rb3302_final_proj_code/robot_ws/install/yesense_interface/share/yesense_interface/cmake/ament_cmake_export_dependencies-extras.cmake\n'}
[0.907991] (yesense_interface) StdoutLine: {'line': b'-- Up-to-date symlink: /home/ubuntu/rb3302_final_proj_code/robot_ws/install/yesense_interface/share/yesense_interface/cmake/rosidl_cmake_export_typesupport_libraries-extras.cmake\n'}
[0.908224] (yesense_interface) StdoutLine: {'line': b'-- Up-to-date symlink: /home/ubuntu/rb3302_final_proj_code/robot_ws/install/yesense_interface/share/yesense_interface/cmake/rosidl_cmake_aggregate_target-extras.cmake\n'}
[0.908495] (yesense_interface) StdoutLine: {'line': b'-- Up-to-date symlink: /home/ubuntu/rb3302_final_proj_code/robot_ws/install/yesense_interface/share/yesense_interface/cmake/yesense_interfaceConfig.cmake\n'}
[0.908633] (yesense_interface) StdoutLine: {'line': b'-- Up-to-date symlink: /home/ubuntu/rb3302_final_proj_code/robot_ws/install/yesense_interface/share/yesense_interface/cmake/yesense_interfaceConfig-version.cmake\n'}
[0.908857] (yesense_interface) StdoutLine: {'line': b'-- Up-to-date symlink: /home/ubuntu/rb3302_final_proj_code/robot_ws/install/yesense_interface/share/yesense_interface/package.xml\n'}
[0.908970] (yesense_interface) StdoutLine: {'line': b'-- Up-to-date: /home/ubuntu/rb3302_final_proj_code/robot_ws/install/yesense_interface/lib/libyesense_interface__rosidl_generator_c.so\n'}
[0.909548] (yesense_interface) StdoutLine: {'line': b'-- Up-to-date: /home/ubuntu/rb3302_final_proj_code/robot_ws/install/yesense_interface/lib/libyesense_interface__rosidl_typesupport_fastrtps_c.so\n'}
[0.909688] (yesense_interface) StdoutLine: {'line': b'-- Up-to-date: /home/ubuntu/rb3302_final_proj_code/robot_ws/install/yesense_interface/lib/libyesense_interface__rosidl_typesupport_introspection_c.so\n'}
[0.910154] (yesense_interface) StdoutLine: {'line': b'-- Up-to-date: /home/ubuntu/rb3302_final_proj_code/robot_ws/install/yesense_interface/lib/libyesense_interface__rosidl_typesupport_c.so\n'}
[0.910265] (yesense_interface) StdoutLine: {'line': b'-- Up-to-date: /home/ubuntu/rb3302_final_proj_code/robot_ws/install/yesense_interface/lib/libyesense_interface__rosidl_typesupport_fastrtps_cpp.so\n'}
[0.910788] (yesense_interface) StdoutLine: {'line': b'-- Up-to-date: /home/ubuntu/rb3302_final_proj_code/robot_ws/install/yesense_interface/lib/libyesense_interface__rosidl_typesupport_introspection_cpp.so\n'}
[0.910928] (yesense_interface) StdoutLine: {'line': b'-- Up-to-date: /home/ubuntu/rb3302_final_proj_code/robot_ws/install/yesense_interface/lib/libyesense_interface__rosidl_typesupport_cpp.so\n'}
[0.986475] (yesense_interface) StdoutLine: {'line': b"Listing '/home/ubuntu/rb3302_final_proj_code/robot_ws/install/yesense_interface/lib/python3.12/site-packages/yesense_interface'...\n"}
[0.986804] (yesense_interface) StdoutLine: {'line': b"Listing '/home/ubuntu/rb3302_final_proj_code/robot_ws/install/yesense_interface/lib/python3.12/site-packages/yesense_interface/msg'...\n"}
[0.997011] (yesense_interface) StdoutLine: {'line': b'-- Up-to-date: /home/ubuntu/rb3302_final_proj_code/robot_ws/install/yesense_interface/lib/libyesense_interface__rosidl_generator_py.so\n'}
[0.997335] (yesense_interface) StdoutLine: {'line': b'-- Up-to-date: /home/ubuntu/rb3302_final_proj_code/robot_ws/install/yesense_interface/share/yesense_interface/cmake/export_yesense_interface__rosidl_generator_cExport.cmake\n'}
[0.997818] (yesense_interface) StdoutLine: {'line': b'-- Up-to-date: /home/ubuntu/rb3302_final_proj_code/robot_ws/install/yesense_interface/share/yesense_interface/cmake/export_yesense_interface__rosidl_generator_cExport-noconfig.cmake\n'}
[0.997946] (yesense_interface) StdoutLine: {'line': b'-- Up-to-date: /home/ubuntu/rb3302_final_proj_code/robot_ws/install/yesense_interface/share/yesense_interface/cmake/export_yesense_interface__rosidl_typesupport_fastrtps_cExport.cmake\n'}
[0.998304] (yesense_interface) StdoutLine: {'line': b'-- Up-to-date: /home/ubuntu/rb3302_final_proj_code/robot_ws/install/yesense_interface/share/yesense_interface/cmake/export_yesense_interface__rosidl_typesupport_fastrtps_cExport-noconfig.cmake\n'}
[0.998447] (yesense_interface) StdoutLine: {'line': b'-- Up-to-date: /home/ubuntu/rb3302_final_proj_code/robot_ws/install/yesense_interface/share/yesense_interface/cmake/yesense_interface__rosidl_typesupport_introspection_cExport.cmake\n'}
[0.998552] (yesense_interface) StdoutLine: {'line': b'-- Up-to-date: /home/ubuntu/rb3302_final_proj_code/robot_ws/install/yesense_interface/share/yesense_interface/cmake/yesense_interface__rosidl_typesupport_introspection_cExport-noconfig.cmake\n'}
[0.998651] (yesense_interface) StdoutLine: {'line': b'-- Up-to-date: /home/ubuntu/rb3302_final_proj_code/robot_ws/install/yesense_interface/share/yesense_interface/cmake/yesense_interface__rosidl_typesupport_cExport.cmake\n'}
[0.998746] (yesense_interface) StdoutLine: {'line': b'-- Up-to-date: /home/ubuntu/rb3302_final_proj_code/robot_ws/install/yesense_interface/share/yesense_interface/cmake/yesense_interface__rosidl_typesupport_cExport-noconfig.cmake\n'}
[0.998841] (yesense_interface) StdoutLine: {'line': b'-- Up-to-date: /home/ubuntu/rb3302_final_proj_code/robot_ws/install/yesense_interface/share/yesense_interface/cmake/export_yesense_interface__rosidl_generator_cppExport.cmake\n'}
[0.998933] (yesense_interface) StdoutLine: {'line': b'-- Up-to-date: /home/ubuntu/rb3302_final_proj_code/robot_ws/install/yesense_interface/share/yesense_interface/cmake/export_yesense_interface__rosidl_typesupport_fastrtps_cppExport.cmake\n'}
[0.999027] (yesense_interface) StdoutLine: {'line': b'-- Up-to-date: /home/ubuntu/rb3302_final_proj_code/robot_ws/install/yesense_interface/share/yesense_interface/cmake/export_yesense_interface__rosidl_typesupport_fastrtps_cppExport-noconfig.cmake\n'}
[0.999119] (yesense_interface) StdoutLine: {'line': b'-- Up-to-date: /home/ubuntu/rb3302_final_proj_code/robot_ws/install/yesense_interface/share/yesense_interface/cmake/yesense_interface__rosidl_typesupport_introspection_cppExport.cmake\n'}
[0.999212] (yesense_interface) StdoutLine: {'line': b'-- Up-to-date: /home/ubuntu/rb3302_final_proj_code/robot_ws/install/yesense_interface/share/yesense_interface/cmake/yesense_interface__rosidl_typesupport_introspection_cppExport-noconfig.cmake\n'}
[0.999363] (yesense_interface) StdoutLine: {'line': b'-- Up-to-date: /home/ubuntu/rb3302_final_proj_code/robot_ws/install/yesense_interface/share/yesense_interface/cmake/yesense_interface__rosidl_typesupport_cppExport.cmake\n'}
[0.999478] (yesense_interface) StdoutLine: {'line': b'-- Up-to-date: /home/ubuntu/rb3302_final_proj_code/robot_ws/install/yesense_interface/share/yesense_interface/cmake/yesense_interface__rosidl_typesupport_cppExport-noconfig.cmake\n'}
[0.999575] (yesense_interface) StdoutLine: {'line': b'-- Up-to-date: /home/ubuntu/rb3302_final_proj_code/robot_ws/install/yesense_interface/share/yesense_interface/cmake/export_yesense_interface__rosidl_generator_pyExport.cmake\n'}
[0.999670] (yesense_interface) StdoutLine: {'line': b'-- Up-to-date: /home/ubuntu/rb3302_final_proj_code/robot_ws/install/yesense_interface/share/yesense_interface/cmake/export_yesense_interface__rosidl_generator_pyExport-noconfig.cmake\n'}
[1.002582] (yesense_interface) CommandEnded: {'returncode': 0}
[1.005810] (-) TimerEvent: {}
[1.037740] (yesense_interface) JobEnded: {'identifier': 'yesense_interface', 'rc': 0}
[1.039617] (yesense_std_ros2) JobStarted: {'identifier': 'yesense_std_ros2'}
[1.061758] (yesense_std_ros2) JobProgress: {'identifier': 'yesense_std_ros2', 'progress': 'cmake'}
[1.063038] (yesense_std_ros2) JobProgress: {'identifier': 'yesense_std_ros2', 'progress': 'build'}
[1.063194] (yesense_std_ros2) Command: {'cmd': ['/usr/bin/cmake', '--build', '/home/ubuntu/rb3302_final_proj_code/robot_ws/build/yesense_std_ros2', '--', '-j8', '-l8'], 'cwd': '/home/ubuntu/rb3302_final_proj_code/robot_ws/build/yesense_std_ros2', 'env': OrderedDict({'USER': 'ubuntu', 'SSH_CLIENT': '10.42.0.1 52480 22', 'XDG_SESSION_TYPE': 'tty', 'SHLVL': '1', 'LD_LIBRARY_PATH': '/home/ubuntu/rb3302_final_proj_code/robot_ws/install/yesense_interface/lib:/home/ubuntu/rb3302_final_proj_code/robot_ws/install/serial/lib', 'HOME': '/home/ubuntu', 'OLDPWD': '/home/ubuntu', 'SSH_TTY': '/dev/pts/0', 'DBUS_SESSION_BUS_ADDRESS': 'unix:path=/run/user/1000/bus', 'LOGNAME': 'ubuntu', '_': '/usr/bin/colcon', 'XDG_SESSION_CLASS': 'user', 'TERM': 'xterm-256color', 'XDG_SESSION_ID': '6', 'PATH': '/usr/local/sbin:/usr/local/bin:/usr/sbin:/usr/bin:/sbin:/bin:/usr/games:/usr/local/games:/snap/bin', 'VK_ICD_FILENAMES': '/usr/share/vulkan/icd.d/adrenovk.json', 'XDG_RUNTIME_DIR': '/run/user/1000', 'LANG': 'en_US.UTF-8', 'AMENT_PREFIX_PATH': '/home/ubuntu/rb3302_final_proj_code/robot_ws/install/yesense_interface:/home/ubuntu/rb3302_final_proj_code/robot_ws/install/serial', 'SHELL': '/bin/bash', 'PWD': '/home/ubuntu/rb3302_final_proj_code/robot_ws/build/yesense_std_ros2', 'QT_QPA_PLATFORM': 'wayland', 'LC_ALL': 'en_US.UTF-8', 'SSH_CONNECTION': '10.42.0.1 52480 10.42.0.126 22', 'XDG_DATA_DIRS': '/usr/local/share:/usr/share:/var/lib/snapd/desktop', 'PYTHONPATH': '/home/ubuntu/rb3302_final_proj_code/robot_ws/install/yesense_interface/lib/python3.12/site-packages', 'COLCON': '1', 'CMAKE_PREFIX_PATH': '/home/ubuntu/rb3302_final_proj_code/robot_ws/install/yesense_interface:/home/ubuntu/rb3302_final_proj_code/robot_ws/install/serial'}), 'shell': False}
[1.105967] (-) TimerEvent: {}
[1.206446] (-) TimerEvent: {}
[1.248578] (yesense_std_ros2) StdoutLine: {'line': b'[ 33%] Built target yesense_node_subscriber\n'}
[1.268025] (yesense_std_ros2) StdoutLine: {'line': b'[100%] Built target yesense_node_publisher\n'}
[1.287321] (yesense_std_ros2) CommandEnded: {'returncode': 0}
[1.289549] (yesense_std_ros2) JobProgress: {'identifier': 'yesense_std_ros2', 'progress': 'install'}
[1.292039] (yesense_std_ros2) Command: {'cmd': ['/usr/bin/cmake', '--install', '/home/ubuntu/rb3302_final_proj_code/robot_ws/build/yesense_std_ros2'], 'cwd': '/home/ubuntu/rb3302_final_proj_code/robot_ws/build/yesense_std_ros2', 'env': OrderedDict({'USER': 'ubuntu', 'SSH_CLIENT': '10.42.0.1 52480 22', 'XDG_SESSION_TYPE': 'tty', 'SHLVL': '1', 'LD_LIBRARY_PATH': '/home/ubuntu/rb3302_final_proj_code/robot_ws/install/yesense_interface/lib:/home/ubuntu/rb3302_final_proj_code/robot_ws/install/serial/lib', 'HOME': '/home/ubuntu', 'OLDPWD': '/home/ubuntu', 'SSH_TTY': '/dev/pts/0', 'DBUS_SESSION_BUS_ADDRESS': 'unix:path=/run/user/1000/bus', 'LOGNAME': 'ubuntu', '_': '/usr/bin/colcon', 'XDG_SESSION_CLASS': 'user', 'TERM': 'xterm-256color', 'XDG_SESSION_ID': '6', 'PATH': '/usr/local/sbin:/usr/local/bin:/usr/sbin:/usr/bin:/sbin:/bin:/usr/games:/usr/local/games:/snap/bin', 'VK_ICD_FILENAMES': '/usr/share/vulkan/icd.d/adrenovk.json', 'XDG_RUNTIME_DIR': '/run/user/1000', 'LANG': 'en_US.UTF-8', 'AMENT_PREFIX_PATH': '/home/ubuntu/rb3302_final_proj_code/robot_ws/install/yesense_interface:/home/ubuntu/rb3302_final_proj_code/robot_ws/install/serial', 'SHELL': '/bin/bash', 'PWD': '/home/ubuntu/rb3302_final_proj_code/robot_ws/build/yesense_std_ros2', 'QT_QPA_PLATFORM': 'wayland', 'LC_ALL': 'en_US.UTF-8', 'SSH_CONNECTION': '10.42.0.1 52480 10.42.0.126 22', 'XDG_DATA_DIRS': '/usr/local/share:/usr/share:/var/lib/snapd/desktop', 'PYTHONPATH': '/home/ubuntu/rb3302_final_proj_code/robot_ws/install/yesense_interface/lib/python3.12/site-packages', 'COLCON': '1', 'CMAKE_PREFIX_PATH': '/home/ubuntu/rb3302_final_proj_code/robot_ws/install/yesense_interface:/home/ubuntu/rb3302_final_proj_code/robot_ws/install/serial'}), 'shell': False}
[1.305369] (yesense_std_ros2) StdoutLine: {'line': b'-- Install configuration: ""\n'}
[1.305770] (yesense_std_ros2) StdoutLine: {'line': b'-- Execute custom install script\n'}
[1.306301] (yesense_std_ros2) StdoutLine: {'line': b'-- Up-to-date symlink: /home/ubuntu/rb3302_final_proj_code/robot_ws/install/yesense_std_ros2/share/yesense_std_ros2/launch/yesense_node.launch.py\n'}
[1.306537] (-) TimerEvent: {}
[1.307099] (yesense_std_ros2) StdoutLine: {'line': b'-- Up-to-date symlink: /home/ubuntu/rb3302_final_proj_code/robot_ws/install/yesense_std_ros2/share/yesense_std_ros2/config/yesense_config.yaml\n'}
[1.307453] (yesense_std_ros2) StdoutLine: {'line': b'-- Up-to-date symlink: /home/ubuntu/rb3302_final_proj_code/robot_ws/install/yesense_std_ros2/lib/yesense_std_ros2/yesense_node_publisher\n'}
[1.307586] (yesense_std_ros2) StdoutLine: {'line': b'-- Up-to-date symlink: /home/ubuntu/rb3302_final_proj_code/robot_ws/install/yesense_std_ros2/lib/yesense_std_ros2/yesense_node_subscriber\n'}
[1.307705] (yesense_std_ros2) StdoutLine: {'line': b'-- Up-to-date symlink: /home/ubuntu/rb3302_final_proj_code/robot_ws/install/yesense_std_ros2/share/ament_index/resource_index/package_run_dependencies/yesense_std_ros2\n'}
[1.308241] (yesense_std_ros2) StdoutLine: {'line': b'-- Up-to-date symlink: /home/ubuntu/rb3302_final_proj_code/robot_ws/install/yesense_std_ros2/share/ament_index/resource_index/parent_prefix_path/yesense_std_ros2\n'}
[1.308466] (yesense_std_ros2) StdoutLine: {'line': b'-- Up-to-date symlink: /home/ubuntu/rb3302_final_proj_code/robot_ws/install/yesense_std_ros2/share/yesense_std_ros2/environment/ament_prefix_path.sh\n'}
[1.308597] (yesense_std_ros2) StdoutLine: {'line': b'-- Up-to-date symlink: /home/ubuntu/rb3302_final_proj_code/robot_ws/install/yesense_std_ros2/share/yesense_std_ros2/environment/ament_prefix_path.dsv\n'}
[1.308877] (yesense_std_ros2) StdoutLine: {'line': b'-- Up-to-date symlink: /home/ubuntu/rb3302_final_proj_code/robot_ws/install/yesense_std_ros2/share/yesense_std_ros2/environment/path.sh\n'}
[1.309010] (yesense_std_ros2) StdoutLine: {'line': b'-- Up-to-date symlink: /home/ubuntu/rb3302_final_proj_code/robot_ws/install/yesense_std_ros2/share/yesense_std_ros2/environment/path.dsv\n'}
[1.309118] (yesense_std_ros2) StdoutLine: {'line': b'-- Up-to-date symlink: /home/ubuntu/rb3302_final_proj_code/robot_ws/install/yesense_std_ros2/share/yesense_std_ros2/local_setup.bash\n'}
[1.309241] (yesense_std_ros2) StdoutLine: {'line': b'-- Up-to-date symlink: /home/ubuntu/rb3302_final_proj_code/robot_ws/install/yesense_std_ros2/share/yesense_std_ros2/local_setup.sh\n'}
[1.309575] (yesense_std_ros2) StdoutLine: {'line': b'-- Up-to-date symlink: /home/ubuntu/rb3302_final_proj_code/robot_ws/install/yesense_std_ros2/share/yesense_std_ros2/local_setup.zsh\n'}
[1.309707] (yesense_std_ros2) StdoutLine: {'line': b'-- Up-to-date symlink: /home/ubuntu/rb3302_final_proj_code/robot_ws/install/yesense_std_ros2/share/yesense_std_ros2/local_setup.dsv\n'}
[1.309827] (yesense_std_ros2) StdoutLine: {'line': b'-- Symlinking: /home/ubuntu/rb3302_final_proj_code/robot_ws/install/yesense_std_ros2/share/yesense_std_ros2/package.dsv\n'}
[1.341212] (yesense_std_ros2) StdoutLine: {'line': b'-- Up-to-date symlink: /home/ubuntu/rb3302_final_proj_code/robot_ws/install/yesense_std_ros2/share/ament_index/resource_index/packages/yesense_std_ros2\n'}
[1.341657] (yesense_std_ros2) StdoutLine: {'line': b'-- Up-to-date symlink: /home/ubuntu/rb3302_final_proj_code/robot_ws/install/yesense_std_ros2/share/yesense_std_ros2/cmake/yesense_std_ros2Config.cmake\n'}
[1.341814] (yesense_std_ros2) StdoutLine: {'line': b'-- Up-to-date symlink: /home/ubuntu/rb3302_final_proj_code/robot_ws/install/yesense_std_ros2/share/yesense_std_ros2/cmake/yesense_std_ros2Config-version.cmake\n'}
[1.342116] (yesense_std_ros2) StdoutLine: {'line': b'-- Up-to-date symlink: /home/ubuntu/rb3302_final_proj_code/robot_ws/install/yesense_std_ros2/share/yesense_std_ros2/package.xml\n'}
[1.345827] (yesense_std_ros2) CommandEnded: {'returncode': 0}
[1.407007] (-) TimerEvent: {}
[1.441128] (yesense_std_ros2) JobEnded: {'identifier': 'yesense_std_ros2', 'rc': 0}
[1.507387] (-) TimerEvent: {}
[1.590285] (waverover_base) Command: {'cmd': ['/usr/bin/python3', '-W', 'ignore:setup.py install is deprecated', '-W', 'ignore:easy_install command is deprecated', 'setup.py', 'develop', '--editable', '--build-directory', '/home/ubuntu/rb3302_final_proj_code/robot_ws/build/waverover_base/build', '--no-deps', 'symlink_data'], 'cwd': '/home/ubuntu/rb3302_final_proj_code/robot_ws/build/waverover_base', 'env': {'USER': 'ubuntu', 'SSH_CLIENT': '10.42.0.1 52480 22', 'XDG_SESSION_TYPE': 'tty', 'SHLVL': '1', 'HOME': '/home/ubuntu', 'OLDPWD': '/home/ubuntu', 'SSH_TTY': '/dev/pts/0', 'DBUS_SESSION_BUS_ADDRESS': 'unix:path=/run/user/1000/bus', 'LOGNAME': 'ubuntu', '_': '/usr/bin/colcon', 'XDG_SESSION_CLASS': 'user', 'TERM': 'xterm-256color', 'XDG_SESSION_ID': '6', 'PATH': '/usr/local/sbin:/usr/local/bin:/usr/sbin:/usr/bin:/sbin:/bin:/usr/games:/usr/local/games:/snap/bin', 'VK_ICD_FILENAMES': '/usr/share/vulkan/icd.d/adrenovk.json', 'XDG_RUNTIME_DIR': '/run/user/1000', 'LANG': 'en_US.UTF-8', 'SHELL': '/bin/bash', 'PWD': '/home/ubuntu/rb3302_final_proj_code/robot_ws/build/waverover_base', 'QT_QPA_PLATFORM': 'wayland', 'LC_ALL': 'en_US.UTF-8', 'SSH_CONNECTION': '10.42.0.1 52480 10.42.0.126 22', 'XDG_DATA_DIRS': '/usr/local/share:/usr/share:/var/lib/snapd/desktop', 'COLCON': '1', 'PYTHONPATH': '/home/ubuntu/rb3302_final_proj_code/robot_ws/build/waverover_base/prefix_override:/usr/lib/python3/dist-packages/colcon_core/task/python/colcon_distutils_commands:/home/ubuntu/rb3302_final_proj_code/robot_ws/install/waverover_base/lib/python3.12/site-packages:'}, 'shell': False}
[1.607905] (-) TimerEvent: {}
[1.709519] (-) TimerEvent: {}
[1.810526] (-) TimerEvent: {}
[1.911504] (-) TimerEvent: {}
[1.947305] (waverover_base) StdoutLine: {'line': b'running develop\n'}
[2.012103] (-) TimerEvent: {}
[2.113445] (-) TimerEvent: {}
[2.122185] (waverover_base) StdoutLine: {'line': b'running egg_info\n'}
[2.138120] (waverover_base) StdoutLine: {'line': b'writing waverover_base.egg-info/PKG-INFO\n'}
[2.139643] (waverover_base) StdoutLine: {'line': b'writing dependency_links to waverover_base.egg-info/dependency_links.txt\n'}
[2.140887] (waverover_base) StdoutLine: {'line': b'writing entry points to waverover_base.egg-info/entry_points.txt\n'}
[2.141930] (waverover_base) StdoutLine: {'line': b'writing requirements to waverover_base.egg-info/requires.txt\n'}
[2.142955] (waverover_base) StdoutLine: {'line': b'writing top-level names to waverover_base.egg-info/top_level.txt\n'}
[2.174656] (waverover_base) StdoutLine: {'line': b"reading manifest file 'waverover_base.egg-info/SOURCES.txt'\n"}
[2.175933] (waverover_base) StdoutLine: {'line': b"writing manifest file 'waverover_base.egg-info/SOURCES.txt'\n"}
[2.193806] (waverover_base) StdoutLine: {'line': b'running build_ext\n'}
[2.195168] (waverover_base) StdoutLine: {'line': b'Creating /home/ubuntu/rb3302_final_proj_code/robot_ws/install/waverover_base/lib/python3.12/site-packages/waverover-base.egg-link (link to .)\n'}
[2.195775] (waverover_base) StdoutLine: {'line': b'Installing keyboard_teleop script to /home/ubuntu/rb3302_final_proj_code/robot_ws/install/waverover_base/lib/waverover_base\n'}
[2.196148] (waverover_base) StdoutLine: {'line': b'Installing waverover_driver script to /home/ubuntu/rb3302_final_proj_code/robot_ws/install/waverover_base/lib/waverover_base\n'}
[2.196874] (waverover_base) StdoutLine: {'line': b'\n'}
[2.197921] (waverover_base) StdoutLine: {'line': b'Installed /home/ubuntu/rb3302_final_proj_code/robot_ws/build/waverover_base\n'}
[2.199004] (waverover_base) StdoutLine: {'line': b'running symlink_data\n'}
[2.214251] (-) TimerEvent: {}
[2.259205] (waverover_base) CommandEnded: {'returncode': 0}
[2.312099] (waverover_base) JobEnded: {'identifier': 'waverover_base', 'rc': 0}
[2.326106] (-) TimerEvent: {}
[2.327283] (robot_init) JobStarted: {'identifier': 'robot_init'}
[2.352438] (robot_init) JobProgress: {'identifier': 'robot_init', 'progress': 'cmake'}
[2.355028] (robot_init) JobProgress: {'identifier': 'robot_init', 'progress': 'build'}
[2.358417] (robot_init) Command: {'cmd': ['/usr/bin/cmake', '--build', '/home/ubuntu/rb3302_final_proj_code/robot_ws/build/robot_init', '--', '-j8', '-l8'], 'cwd': '/home/ubuntu/rb3302_final_proj_code/robot_ws/build/robot_init', 'env': OrderedDict({'USER': 'ubuntu', 'SSH_CLIENT': '10.42.0.1 52480 22', 'XDG_SESSION_TYPE': 'tty', 'SHLVL': '1', 'LD_LIBRARY_PATH': '/home/ubuntu/rb3302_final_proj_code/robot_ws/install/yesense_interface/lib:/home/ubuntu/rb3302_final_proj_code/robot_ws/install/serial/lib', 'HOME': '/home/ubuntu', 'OLDPWD': '/home/ubuntu', 'SSH_TTY': '/dev/pts/0', 'DBUS_SESSION_BUS_ADDRESS': 'unix:path=/run/user/1000/bus', 'LOGNAME': 'ubuntu', '_': '/usr/bin/colcon', 'XDG_SESSION_CLASS': 'user', 'TERM': 'xterm-256color', 'XDG_SESSION_ID': '6', 'PATH': '/usr/local/sbin:/usr/local/bin:/usr/sbin:/usr/bin:/sbin:/bin:/usr/games:/usr/local/games:/snap/bin', 'VK_ICD_FILENAMES': '/usr/share/vulkan/icd.d/adrenovk.json', 'XDG_RUNTIME_DIR': '/run/user/1000', 'LANG': 'en_US.UTF-8', 'AMENT_PREFIX_PATH': '/home/ubuntu/rb3302_final_proj_code/robot_ws/install/yesense_std_ros2:/home/ubuntu/rb3302_final_proj_code/robot_ws/install/yesense_interface:/home/ubuntu/rb3302_final_proj_code/robot_ws/install/waverover_base:/home/ubuntu/rb3302_final_proj_code/robot_ws/install/serial:/home/ubuntu/rb3302_final_proj_code/robot_ws/install/rplidar_ros:/home/ubuntu/rb3302_final_proj_code/robot_ws/install/robot_model', 'SHELL': '/bin/bash', 'PWD': '/home/ubuntu/rb3302_final_proj_code/robot_ws/build/robot_init', 'QT_QPA_PLATFORM': 'wayland', 'LC_ALL': 'en_US.UTF-8', 'SSH_CONNECTION': '10.42.0.1 52480 10.42.0.126 22', 'XDG_DATA_DIRS': '/usr/local/share:/usr/share:/var/lib/snapd/desktop', 'PYTHONPATH': '/home/ubuntu/rb3302_final_proj_code/robot_ws/install/yesense_interface/lib/python3.12/site-packages:/home/ubuntu/rb3302_final_proj_code/robot_ws/build/waverover_base:/home/ubuntu/rb3302_final_proj_code/robot_ws/install/waverover_base/lib/python3.12/site-packages', 'COLCON': '1', 'CMAKE_PREFIX_PATH': '/home/ubuntu/rb3302_final_proj_code/robot_ws/install/yesense_std_ros2:/home/ubuntu/rb3302_final_proj_code/robot_ws/install/yesense_interface:/home/ubuntu/rb3302_final_proj_code/robot_ws/install/serial:/home/ubuntu/rb3302_final_proj_code/robot_ws/install/rplidar_ros:/home/ubuntu/rb3302_final_proj_code/robot_ws/install/robot_model'}), 'shell': False}
[2.426501] (-) TimerEvent: {}
[2.448543] (robot_init) CommandEnded: {'returncode': 0}
[2.453699] (robot_init) JobProgress: {'identifier': 'robot_init', 'progress': 'install'}
[2.456911] (robot_init) Command: {'cmd': ['/usr/bin/cmake', '--install', '/home/ubuntu/rb3302_final_proj_code/robot_ws/build/robot_init'], 'cwd': '/home/ubuntu/rb3302_final_proj_code/robot_ws/build/robot_init', 'env': OrderedDict({'USER': 'ubuntu', 'SSH_CLIENT': '10.42.0.1 52480 22', 'XDG_SESSION_TYPE': 'tty', 'SHLVL': '1', 'LD_LIBRARY_PATH': '/home/ubuntu/rb3302_final_proj_code/robot_ws/install/yesense_interface/lib:/home/ubuntu/rb3302_final_proj_code/robot_ws/install/serial/lib', 'HOME': '/home/ubuntu', 'OLDPWD': '/home/ubuntu', 'SSH_TTY': '/dev/pts/0', 'DBUS_SESSION_BUS_ADDRESS': 'unix:path=/run/user/1000/bus', 'LOGNAME': 'ubuntu', '_': '/usr/bin/colcon', 'XDG_SESSION_CLASS': 'user', 'TERM': 'xterm-256color', 'XDG_SESSION_ID': '6', 'PATH': '/usr/local/sbin:/usr/local/bin:/usr/sbin:/usr/bin:/sbin:/bin:/usr/games:/usr/local/games:/snap/bin', 'VK_ICD_FILENAMES': '/usr/share/vulkan/icd.d/adrenovk.json', 'XDG_RUNTIME_DIR': '/run/user/1000', 'LANG': 'en_US.UTF-8', 'AMENT_PREFIX_PATH': '/home/ubuntu/rb3302_final_proj_code/robot_ws/install/yesense_std_ros2:/home/ubuntu/rb3302_final_proj_code/robot_ws/install/yesense_interface:/home/ubuntu/rb3302_final_proj_code/robot_ws/install/waverover_base:/home/ubuntu/rb3302_final_proj_code/robot_ws/install/serial:/home/ubuntu/rb3302_final_proj_code/robot_ws/install/rplidar_ros:/home/ubuntu/rb3302_final_proj_code/robot_ws/install/robot_model', 'SHELL': '/bin/bash', 'PWD': '/home/ubuntu/rb3302_final_proj_code/robot_ws/build/robot_init', 'QT_QPA_PLATFORM': 'wayland', 'LC_ALL': 'en_US.UTF-8', 'SSH_CONNECTION': '10.42.0.1 52480 10.42.0.126 22', 'XDG_DATA_DIRS': '/usr/local/share:/usr/share:/var/lib/snapd/desktop', 'PYTHONPATH': '/home/ubuntu/rb3302_final_proj_code/robot_ws/install/yesense_interface/lib/python3.12/site-packages:/home/ubuntu/rb3302_final_proj_code/robot_ws/build/waverover_base:/home/ubuntu/rb3302_final_proj_code/robot_ws/install/waverover_base/lib/python3.12/site-packages', 'COLCON': '1', 'CMAKE_PREFIX_PATH': '/home/ubuntu/rb3302_final_proj_code/robot_ws/install/yesense_std_ros2:/home/ubuntu/rb3302_final_proj_code/robot_ws/install/yesense_interface:/home/ubuntu/rb3302_final_proj_code/robot_ws/install/serial:/home/ubuntu/rb3302_final_proj_code/robot_ws/install/rplidar_ros:/home/ubuntu/rb3302_final_proj_code/robot_ws/install/robot_model'}), 'shell': False}
[2.471492] (robot_init) StdoutLine: {'line': b'-- Install configuration: ""\n'}
[2.473589] (robot_init) StdoutLine: {'line': b'-- Execute custom install script\n'}
[2.475462] (robot_init) StdoutLine: {'line': b'-- Up-to-date symlink: /home/ubuntu/rb3302_final_proj_code/robot_ws/install/robot_init/share/robot_init/launch/robot.launch.py\n'}
[2.476544] (robot_init) StdoutLine: {'line': b'-- Up-to-date symlink: /home/ubuntu/rb3302_final_proj_code/robot_ws/install/robot_init/share/ament_index/resource_index/package_run_dependencies/robot_init\n'}
[2.477669] (robot_init) StdoutLine: {'line': b'-- Up-to-date symlink: /home/ubuntu/rb3302_final_proj_code/robot_ws/install/robot_init/share/ament_index/resource_index/parent_prefix_path/robot_init\n'}
[2.478782] (robot_init) StdoutLine: {'line': b'-- Up-to-date symlink: /home/ubuntu/rb3302_final_proj_code/robot_ws/install/robot_init/share/robot_init/environment/ament_prefix_path.sh\n'}
[2.479859] (robot_init) StdoutLine: {'line': b'-- Up-to-date symlink: /home/ubuntu/rb3302_final_proj_code/robot_ws/install/robot_init/share/robot_init/environment/ament_prefix_path.dsv\n'}
[2.480986] (robot_init) StdoutLine: {'line': b'-- Up-to-date symlink: /home/ubuntu/rb3302_final_proj_code/robot_ws/install/robot_init/share/robot_init/environment/path.sh\n'}
[2.482175] (robot_init) StdoutLine: {'line': b'-- Up-to-date symlink: /home/ubuntu/rb3302_final_proj_code/robot_ws/install/robot_init/share/robot_init/environment/path.dsv\n'}
[2.483394] (robot_init) StdoutLine: {'line': b'-- Up-to-date symlink: /home/ubuntu/rb3302_final_proj_code/robot_ws/install/robot_init/share/robot_init/local_setup.bash\n'}
[2.484521] (robot_init) StdoutLine: {'line': b'-- Up-to-date symlink: /home/ubuntu/rb3302_final_proj_code/robot_ws/install/robot_init/share/robot_init/local_setup.sh\n'}
[2.485644] (robot_init) StdoutLine: {'line': b'-- Up-to-date symlink: /home/ubuntu/rb3302_final_proj_code/robot_ws/install/robot_init/share/robot_init/local_setup.zsh\n'}
[2.486763] (robot_init) StdoutLine: {'line': b'-- Up-to-date symlink: /home/ubuntu/rb3302_final_proj_code/robot_ws/install/robot_init/share/robot_init/local_setup.dsv\n'}
[2.487865] (robot_init) StdoutLine: {'line': b'-- Symlinking: /home/ubuntu/rb3302_final_proj_code/robot_ws/install/robot_init/share/robot_init/package.dsv\n'}
[2.491394] (robot_init) StdoutLine: {'line': b'-- Up-to-date symlink: /home/ubuntu/rb3302_final_proj_code/robot_ws/install/robot_init/share/ament_index/resource_index/packages/robot_init\n'}
[2.492691] (robot_init) StdoutLine: {'line': b'-- Up-to-date symlink: /home/ubuntu/rb3302_final_proj_code/robot_ws/install/robot_init/share/robot_init/cmake/robot_initConfig.cmake\n'}
[2.493658] (robot_init) StdoutLine: {'line': b'-- Up-to-date symlink: /home/ubuntu/rb3302_final_proj_code/robot_ws/install/robot_init/share/robot_init/cmake/robot_initConfig-version.cmake\n'}
[2.496083] (robot_init) StdoutLine: {'line': b'-- Up-to-date symlink: /home/ubuntu/rb3302_final_proj_code/robot_ws/install/robot_init/share/robot_init/package.xml\n'}
[2.500478] (robot_init) CommandEnded: {'returncode': 0}
[2.528304] (-) TimerEvent: {}
[2.590653] (robot_init) JobEnded: {'identifier': 'robot_init', 'rc': 0}
[2.593929] (-) EventReactorShutdown: {}
