[0.000000] (-) TimerEvent: {}
[0.001297] (robot_model) JobQueued: {'identifier': 'robot_model', 'dependencies': OrderedDict()}
[0.001505] (rplidar_ros) JobQueued: {'identifier': 'rplidar_ros', 'dependencies': OrderedDict()}
[0.001622] (serial) JobQueued: {'identifier': 'serial', 'dependencies': OrderedDict()}
[0.001720] (waverover_base) JobQueued: {'identifier': 'waverover_base', 'dependencies': OrderedDict()}
[0.001815] (yesense_interface) JobQueued: {'identifier': 'yesense_interface', 'dependencies': OrderedDict()}
[0.001935] (yesense_std_ros2) JobQueued: {'identifier': 'yesense_std_ros2', 'dependencies': OrderedDict({'serial': '/home/ubuntu/rb3302_final_proj_code/robot_ws/install/serial', 'yesense_interface': '/home/ubuntu/rb3302_final_proj_code/robot_ws/install/yesense_interface'})}
[0.002325] (robot_init) JobQueued: {'identifier': 'robot_init', 'dependencies': OrderedDict({'robot_model': '/home/ubuntu/rb3302_final_proj_code/robot_ws/install/robot_model', 'rplidar_ros': '/home/ubuntu/rb3302_final_proj_code/robot_ws/install/rplidar_ros', 'serial': '/home/ubuntu/rb3302_final_proj_code/robot_ws/install/serial', 'waverover_base': '/home/ubuntu/rb3302_final_proj_code/robot_ws/install/waverover_base', 'yesense_interface': '/home/ubuntu/rb3302_final_proj_code/robot_ws/install/yesense_interface', 'yesense_std_ros2': '/home/ubuntu/rb3302_final_proj_code/robot_ws/install/yesense_std_ros2'})}
[0.002590] (serial) JobStarted: {'identifier': 'serial'}
[0.015511] (yesense_interface) JobStarted: {'identifier': 'yesense_interface'}
[0.020430] (robot_model) JobStarted: {'identifier': 'robot_model'}
[0.025853] (rplidar_ros) JobStarted: {'identifier': 'rplidar_ros'}
[0.031106] (waverover_base) JobStarted: {'identifier': 'waverover_base'}
[0.040092] (serial) JobProgress: {'identifier': 'serial', 'progress': 'cmake'}
[0.040666] (serial) Command: {'cmd': ['/usr/bin/cmake', '/home/ubuntu/rb3302_final_proj_code/robot_ws/src/serial', '-DAMENT_CMAKE_SYMLINK_INSTALL=1', '-DCMAKE_INSTALL_PREFIX=/home/ubuntu/rb3302_final_proj_code/robot_ws/install/serial'], 'cwd': '/home/ubuntu/rb3302_final_proj_code/robot_ws/build/serial', 'env': OrderedDict({'USER': 'ubuntu', 'SSH_CLIENT': '10.42.0.1 50976 22', 'GZ_CONFIG_PATH': '/opt/ros/jazzy/opt/gz_sim_vendor/share/gz:/opt/ros/jazzy/opt/sdformat_vendor/share/gz:/opt/ros/jazzy/opt/gz_gui_vendor/share/gz:/opt/ros/jazzy/opt/gz_transport_vendor/share/gz:/opt/ros/jazzy/opt/gz_rendering_vendor/share/gz:/opt/ros/jazzy/opt/gz_plugin_vendor/share/gz:/opt/ros/jazzy/opt/gz_fuel_tools_vendor/share/gz:/opt/ros/jazzy/opt/gz_msgs_vendor/share/gz:/opt/ros/jazzy/opt/gz_common_vendor/share/gz', 'XDG_SESSION_TYPE': 'tty', 'SHLVL': '2', 'LD_LIBRARY_PATH': '/opt/ros/jazzy/opt/gz_sim_vendor/lib:/opt/ros/jazzy/opt/gz_sensors_vendor/lib:/opt/ros/jazzy/opt/gz_physics_vendor/lib:/opt/ros/jazzy/opt/sdformat_vendor/lib:/opt/ros/jazzy/opt/rviz_ogre_vendor/lib:/opt/ros/jazzy/lib/aarch64-linux-gnu:/opt/ros/jazzy/opt/gz_gui_vendor/lib:/opt/ros/jazzy/opt/gz_transport_vendor/lib:/opt/ros/jazzy/opt/gz_rendering_vendor/lib:/opt/ros/jazzy/opt/gz_plugin_vendor/lib:/opt/ros/jazzy/opt/gz_fuel_tools_vendor/lib:/opt/ros/jazzy/opt/gz_msgs_vendor/lib:/opt/ros/jazzy/opt/gz_common_vendor/lib:/opt/ros/jazzy/opt/gz_math_vendor/lib:/opt/ros/jazzy/opt/gz_utils_vendor/lib:/opt/ros/jazzy/opt/gz_tools_vendor/lib:/opt/ros/jazzy/opt/gz_ogre_next_vendor/lib:/opt/ros/jazzy/opt/gz_dartsim_vendor/lib:/opt/ros/jazzy/opt/gz_cmake_vendor/lib:/opt/ros/jazzy/lib', 'HOME': '/home/ubuntu', 'OLDPWD': '/home/ubuntu', 'SSH_TTY': '/dev/pts/0', 'ROS_PYTHON_VERSION': '3', 'DBUS_SESSION_BUS_ADDRESS': 'unix:path=/run/user/1000/bus', 'ROS_DISTRO': 'jazzy', 'LOGNAME': 'ubuntu', '_': '/usr/bin/colcon', 'ROS_VERSION': '2', 'XDG_SESSION_CLASS': 'user', 'TERM': 'xterm-256color', 'XDG_SESSION_ID': '1', 'PATH': '/opt/ros/jazzy/opt/gz_msgs_vendor/bin:/opt/ros/jazzy/opt/gz_tools_vendor/bin:/opt/ros/jazzy/opt/gz_ogre_next_vendor/bin:/opt/ros/jazzy/bin:/usr/local/sbin:/usr/local/bin:/usr/sbin:/usr/bin:/sbin:/bin:/usr/games:/usr/local/games:/snap/bin', 'VK_ICD_FILENAMES': '/usr/share/vulkan/icd.d/adrenovk.json', 'XDG_RUNTIME_DIR': '/run/user/1000', 'LANG': 'en_US.UTF-8', 'AMENT_PREFIX_PATH': '/opt/ros/jazzy', 'SHELL': '/bin/bash', 'ROS_AUTOMATIC_DISCOVERY_RANGE': 'SUBNET', 'PWD': '/home/ubuntu/rb3302_final_proj_code/robot_ws/build/serial', 'QT_QPA_PLATFORM': 'wayland', 'LC_ALL': 'en_US.UTF-8', 'SSH_CONNECTION': '10.42.0.1 50976 10.42.0.126 22', 'XDG_DATA_DIRS': '/usr/local/share:/usr/share:/var/lib/snapd/desktop', 'PYTHONPATH': '/opt/ros/jazzy/lib/python3.12/site-packages', 'COLCON': '1', 'CMAKE_PREFIX_PATH': '/opt/ros/jazzy/opt/gz_sim_vendor:/opt/ros/jazzy/opt/gz_sensors_vendor:/opt/ros/jazzy/opt/gz_physics_vendor:/opt/ros/jazzy/opt/sdformat_vendor:/opt/ros/jazzy/opt/gz_gui_vendor:/opt/ros/jazzy/opt/gz_transport_vendor:/opt/ros/jazzy/opt/gz_rendering_vendor:/opt/ros/jazzy/opt/gz_plugin_vendor:/opt/ros/jazzy/opt/gz_fuel_tools_vendor:/opt/ros/jazzy/opt/gz_msgs_vendor:/opt/ros/jazzy/opt/gz_common_vendor:/opt/ros/jazzy/opt/gz_math_vendor:/opt/ros/jazzy/opt/gz_utils_vendor:/opt/ros/jazzy/opt/gz_tools_vendor:/opt/ros/jazzy/opt/gz_ogre_next_vendor:/opt/ros/jazzy/opt/gz_dartsim_vendor:/opt/ros/jazzy/opt/gz_cmake_vendor:/opt/ros/jazzy'}), 'shell': False}
[0.045753] (yesense_interface) JobProgress: {'identifier': 'yesense_interface', 'progress': 'cmake'}
[0.046663] (yesense_interface) Command: {'cmd': ['/usr/bin/cmake', '/home/ubuntu/rb3302_final_proj_code/robot_ws/src/yesense_interface', '-DAMENT_CMAKE_SYMLINK_INSTALL=1', '-DCMAKE_INSTALL_PREFIX=/home/ubuntu/rb3302_final_proj_code/robot_ws/install/yesense_interface'], 'cwd': '/home/ubuntu/rb3302_final_proj_code/robot_ws/build/yesense_interface', 'env': OrderedDict({'USER': 'ubuntu', 'SSH_CLIENT': '10.42.0.1 50976 22', 'GZ_CONFIG_PATH': '/opt/ros/jazzy/opt/gz_sim_vendor/share/gz:/opt/ros/jazzy/opt/sdformat_vendor/share/gz:/opt/ros/jazzy/opt/gz_gui_vendor/share/gz:/opt/ros/jazzy/opt/gz_transport_vendor/share/gz:/opt/ros/jazzy/opt/gz_rendering_vendor/share/gz:/opt/ros/jazzy/opt/gz_plugin_vendor/share/gz:/opt/ros/jazzy/opt/gz_fuel_tools_vendor/share/gz:/opt/ros/jazzy/opt/gz_msgs_vendor/share/gz:/opt/ros/jazzy/opt/gz_common_vendor/share/gz', 'XDG_SESSION_TYPE': 'tty', 'SHLVL': '2', 'LD_LIBRARY_PATH': '/opt/ros/jazzy/opt/gz_sim_vendor/lib:/opt/ros/jazzy/opt/gz_sensors_vendor/lib:/opt/ros/jazzy/opt/gz_physics_vendor/lib:/opt/ros/jazzy/opt/sdformat_vendor/lib:/opt/ros/jazzy/opt/rviz_ogre_vendor/lib:/opt/ros/jazzy/lib/aarch64-linux-gnu:/opt/ros/jazzy/opt/gz_gui_vendor/lib:/opt/ros/jazzy/opt/gz_transport_vendor/lib:/opt/ros/jazzy/opt/gz_rendering_vendor/lib:/opt/ros/jazzy/opt/gz_plugin_vendor/lib:/opt/ros/jazzy/opt/gz_fuel_tools_vendor/lib:/opt/ros/jazzy/opt/gz_msgs_vendor/lib:/opt/ros/jazzy/opt/gz_common_vendor/lib:/opt/ros/jazzy/opt/gz_math_vendor/lib:/opt/ros/jazzy/opt/gz_utils_vendor/lib:/opt/ros/jazzy/opt/gz_tools_vendor/lib:/opt/ros/jazzy/opt/gz_ogre_next_vendor/lib:/opt/ros/jazzy/opt/gz_dartsim_vendor/lib:/opt/ros/jazzy/opt/gz_cmake_vendor/lib:/opt/ros/jazzy/lib', 'HOME': '/home/ubuntu', 'OLDPWD': '/home/ubuntu', 'SSH_TTY': '/dev/pts/0', 'ROS_PYTHON_VERSION': '3', 'DBUS_SESSION_BUS_ADDRESS': 'unix:path=/run/user/1000/bus', 'ROS_DISTRO': 'jazzy', 'LOGNAME': 'ubuntu', '_': '/usr/bin/colcon', 'ROS_VERSION': '2', 'XDG_SESSION_CLASS': 'user', 'TERM': 'xterm-256color', 'XDG_SESSION_ID': '1', 'PATH': '/opt/ros/jazzy/opt/gz_msgs_vendor/bin:/opt/ros/jazzy/opt/gz_tools_vendor/bin:/opt/ros/jazzy/opt/gz_ogre_next_vendor/bin:/opt/ros/jazzy/bin:/usr/local/sbin:/usr/local/bin:/usr/sbin:/usr/bin:/sbin:/bin:/usr/games:/usr/local/games:/snap/bin', 'VK_ICD_FILENAMES': '/usr/share/vulkan/icd.d/adrenovk.json', 'XDG_RUNTIME_DIR': '/run/user/1000', 'LANG': 'en_US.UTF-8', 'AMENT_PREFIX_PATH': '/opt/ros/jazzy', 'SHELL': '/bin/bash', 'ROS_AUTOMATIC_DISCOVERY_RANGE': 'SUBNET', 'PWD': '/home/ubuntu/rb3302_final_proj_code/robot_ws/build/yesense_interface', 'QT_QPA_PLATFORM': 'wayland', 'LC_ALL': 'en_US.UTF-8', 'SSH_CONNECTION': '10.42.0.1 50976 10.42.0.126 22', 'XDG_DATA_DIRS': '/usr/local/share:/usr/share:/var/lib/snapd/desktop', 'PYTHONPATH': '/opt/ros/jazzy/lib/python3.12/site-packages', 'COLCON': '1', 'CMAKE_PREFIX_PATH': '/opt/ros/jazzy/opt/gz_sim_vendor:/opt/ros/jazzy/opt/gz_sensors_vendor:/opt/ros/jazzy/opt/gz_physics_vendor:/opt/ros/jazzy/opt/sdformat_vendor:/opt/ros/jazzy/opt/gz_gui_vendor:/opt/ros/jazzy/opt/gz_transport_vendor:/opt/ros/jazzy/opt/gz_rendering_vendor:/opt/ros/jazzy/opt/gz_plugin_vendor:/opt/ros/jazzy/opt/gz_fuel_tools_vendor:/opt/ros/jazzy/opt/gz_msgs_vendor:/opt/ros/jazzy/opt/gz_common_vendor:/opt/ros/jazzy/opt/gz_math_vendor:/opt/ros/jazzy/opt/gz_utils_vendor:/opt/ros/jazzy/opt/gz_tools_vendor:/opt/ros/jazzy/opt/gz_ogre_next_vendor:/opt/ros/jazzy/opt/gz_dartsim_vendor:/opt/ros/jazzy/opt/gz_cmake_vendor:/opt/ros/jazzy'}), 'shell': False}
[0.049980] (robot_model) JobProgress: {'identifier': 'robot_model', 'progress': 'cmake'}
[0.050922] (robot_model) Command: {'cmd': ['/usr/bin/cmake', '/home/ubuntu/rb3302_final_proj_code/robot_ws/src/robot_model', '-DAMENT_CMAKE_SYMLINK_INSTALL=1', '-DCMAKE_INSTALL_PREFIX=/home/ubuntu/rb3302_final_proj_code/robot_ws/install/robot_model'], 'cwd': '/home/ubuntu/rb3302_final_proj_code/robot_ws/build/robot_model', 'env': OrderedDict({'USER': 'ubuntu', 'SSH_CLIENT': '10.42.0.1 50976 22', 'GZ_CONFIG_PATH': '/opt/ros/jazzy/opt/gz_sim_vendor/share/gz:/opt/ros/jazzy/opt/sdformat_vendor/share/gz:/opt/ros/jazzy/opt/gz_gui_vendor/share/gz:/opt/ros/jazzy/opt/gz_transport_vendor/share/gz:/opt/ros/jazzy/opt/gz_rendering_vendor/share/gz:/opt/ros/jazzy/opt/gz_plugin_vendor/share/gz:/opt/ros/jazzy/opt/gz_fuel_tools_vendor/share/gz:/opt/ros/jazzy/opt/gz_msgs_vendor/share/gz:/opt/ros/jazzy/opt/gz_common_vendor/share/gz', 'XDG_SESSION_TYPE': 'tty', 'SHLVL': '2', 'LD_LIBRARY_PATH': '/opt/ros/jazzy/opt/gz_sim_vendor/lib:/opt/ros/jazzy/opt/gz_sensors_vendor/lib:/opt/ros/jazzy/opt/gz_physics_vendor/lib:/opt/ros/jazzy/opt/sdformat_vendor/lib:/opt/ros/jazzy/opt/rviz_ogre_vendor/lib:/opt/ros/jazzy/lib/aarch64-linux-gnu:/opt/ros/jazzy/opt/gz_gui_vendor/lib:/opt/ros/jazzy/opt/gz_transport_vendor/lib:/opt/ros/jazzy/opt/gz_rendering_vendor/lib:/opt/ros/jazzy/opt/gz_plugin_vendor/lib:/opt/ros/jazzy/opt/gz_fuel_tools_vendor/lib:/opt/ros/jazzy/opt/gz_msgs_vendor/lib:/opt/ros/jazzy/opt/gz_common_vendor/lib:/opt/ros/jazzy/opt/gz_math_vendor/lib:/opt/ros/jazzy/opt/gz_utils_vendor/lib:/opt/ros/jazzy/opt/gz_tools_vendor/lib:/opt/ros/jazzy/opt/gz_ogre_next_vendor/lib:/opt/ros/jazzy/opt/gz_dartsim_vendor/lib:/opt/ros/jazzy/opt/gz_cmake_vendor/lib:/opt/ros/jazzy/lib', 'HOME': '/home/ubuntu', 'OLDPWD': '/home/ubuntu', 'SSH_TTY': '/dev/pts/0', 'ROS_PYTHON_VERSION': '3', 'DBUS_SESSION_BUS_ADDRESS': 'unix:path=/run/user/1000/bus', 'ROS_DISTRO': 'jazzy', 'LOGNAME': 'ubuntu', '_': '/usr/bin/colcon', 'ROS_VERSION': '2', 'XDG_SESSION_CLASS': 'user', 'TERM': 'xterm-256color', 'XDG_SESSION_ID': '1', 'PATH': '/opt/ros/jazzy/opt/gz_msgs_vendor/bin:/opt/ros/jazzy/opt/gz_tools_vendor/bin:/opt/ros/jazzy/opt/gz_ogre_next_vendor/bin:/opt/ros/jazzy/bin:/usr/local/sbin:/usr/local/bin:/usr/sbin:/usr/bin:/sbin:/bin:/usr/games:/usr/local/games:/snap/bin', 'VK_ICD_FILENAMES': '/usr/share/vulkan/icd.d/adrenovk.json', 'XDG_RUNTIME_DIR': '/run/user/1000', 'LANG': 'en_US.UTF-8', 'AMENT_PREFIX_PATH': '/opt/ros/jazzy', 'SHELL': '/bin/bash', 'ROS_AUTOMATIC_DISCOVERY_RANGE': 'SUBNET', 'PWD': '/home/ubuntu/rb3302_final_proj_code/robot_ws/build/robot_model', 'QT_QPA_PLATFORM': 'wayland', 'LC_ALL': 'en_US.UTF-8', 'SSH_CONNECTION': '10.42.0.1 50976 10.42.0.126 22', 'XDG_DATA_DIRS': '/usr/local/share:/usr/share:/var/lib/snapd/desktop', 'PYTHONPATH': '/opt/ros/jazzy/lib/python3.12/site-packages', 'COLCON': '1', 'CMAKE_PREFIX_PATH': '/opt/ros/jazzy/opt/gz_sim_vendor:/opt/ros/jazzy/opt/gz_sensors_vendor:/opt/ros/jazzy/opt/gz_physics_vendor:/opt/ros/jazzy/opt/sdformat_vendor:/opt/ros/jazzy/opt/gz_gui_vendor:/opt/ros/jazzy/opt/gz_transport_vendor:/opt/ros/jazzy/opt/gz_rendering_vendor:/opt/ros/jazzy/opt/gz_plugin_vendor:/opt/ros/jazzy/opt/gz_fuel_tools_vendor:/opt/ros/jazzy/opt/gz_msgs_vendor:/opt/ros/jazzy/opt/gz_common_vendor:/opt/ros/jazzy/opt/gz_math_vendor:/opt/ros/jazzy/opt/gz_utils_vendor:/opt/ros/jazzy/opt/gz_tools_vendor:/opt/ros/jazzy/opt/gz_ogre_next_vendor:/opt/ros/jazzy/opt/gz_dartsim_vendor:/opt/ros/jazzy/opt/gz_cmake_vendor:/opt/ros/jazzy'}), 'shell': False}
[0.054781] (rplidar_ros) JobProgress: {'identifier': 'rplidar_ros', 'progress': 'cmake'}
[0.054965] (rplidar_ros) Command: {'cmd': ['/usr/bin/cmake', '/home/ubuntu/rb3302_final_proj_code/robot_ws/src/rplidar_ros', '-DAMENT_CMAKE_SYMLINK_INSTALL=1', '-DCMAKE_INSTALL_PREFIX=/home/ubuntu/rb3302_final_proj_code/robot_ws/install/rplidar_ros'], 'cwd': '/home/ubuntu/rb3302_final_proj_code/robot_ws/build/rplidar_ros', 'env': OrderedDict({'USER': 'ubuntu', 'SSH_CLIENT': '10.42.0.1 50976 22', 'GZ_CONFIG_PATH': '/opt/ros/jazzy/opt/gz_sim_vendor/share/gz:/opt/ros/jazzy/opt/sdformat_vendor/share/gz:/opt/ros/jazzy/opt/gz_gui_vendor/share/gz:/opt/ros/jazzy/opt/gz_transport_vendor/share/gz:/opt/ros/jazzy/opt/gz_rendering_vendor/share/gz:/opt/ros/jazzy/opt/gz_plugin_vendor/share/gz:/opt/ros/jazzy/opt/gz_fuel_tools_vendor/share/gz:/opt/ros/jazzy/opt/gz_msgs_vendor/share/gz:/opt/ros/jazzy/opt/gz_common_vendor/share/gz', 'XDG_SESSION_TYPE': 'tty', 'SHLVL': '2', 'LD_LIBRARY_PATH': '/opt/ros/jazzy/opt/gz_sim_vendor/lib:/opt/ros/jazzy/opt/gz_sensors_vendor/lib:/opt/ros/jazzy/opt/gz_physics_vendor/lib:/opt/ros/jazzy/opt/sdformat_vendor/lib:/opt/ros/jazzy/opt/rviz_ogre_vendor/lib:/opt/ros/jazzy/lib/aarch64-linux-gnu:/opt/ros/jazzy/opt/gz_gui_vendor/lib:/opt/ros/jazzy/opt/gz_transport_vendor/lib:/opt/ros/jazzy/opt/gz_rendering_vendor/lib:/opt/ros/jazzy/opt/gz_plugin_vendor/lib:/opt/ros/jazzy/opt/gz_fuel_tools_vendor/lib:/opt/ros/jazzy/opt/gz_msgs_vendor/lib:/opt/ros/jazzy/opt/gz_common_vendor/lib:/opt/ros/jazzy/opt/gz_math_vendor/lib:/opt/ros/jazzy/opt/gz_utils_vendor/lib:/opt/ros/jazzy/opt/gz_tools_vendor/lib:/opt/ros/jazzy/opt/gz_ogre_next_vendor/lib:/opt/ros/jazzy/opt/gz_dartsim_vendor/lib:/opt/ros/jazzy/opt/gz_cmake_vendor/lib:/opt/ros/jazzy/lib', 'HOME': '/home/ubuntu', 'OLDPWD': '/home/ubuntu', 'SSH_TTY': '/dev/pts/0', 'ROS_PYTHON_VERSION': '3', 'DBUS_SESSION_BUS_ADDRESS': 'unix:path=/run/user/1000/bus', 'ROS_DISTRO': 'jazzy', 'LOGNAME': 'ubuntu', '_': '/usr/bin/colcon', 'ROS_VERSION': '2', 'XDG_SESSION_CLASS': 'user', 'TERM': 'xterm-256color', 'XDG_SESSION_ID': '1', 'PATH': '/opt/ros/jazzy/opt/gz_msgs_vendor/bin:/opt/ros/jazzy/opt/gz_tools_vendor/bin:/opt/ros/jazzy/opt/gz_ogre_next_vendor/bin:/opt/ros/jazzy/bin:/usr/local/sbin:/usr/local/bin:/usr/sbin:/usr/bin:/sbin:/bin:/usr/games:/usr/local/games:/snap/bin', 'VK_ICD_FILENAMES': '/usr/share/vulkan/icd.d/adrenovk.json', 'XDG_RUNTIME_DIR': '/run/user/1000', 'LANG': 'en_US.UTF-8', 'AMENT_PREFIX_PATH': '/opt/ros/jazzy', 'SHELL': '/bin/bash', 'ROS_AUTOMATIC_DISCOVERY_RANGE': 'SUBNET', 'PWD': '/home/ubuntu/rb3302_final_proj_code/robot_ws/build/rplidar_ros', 'QT_QPA_PLATFORM': 'wayland', 'LC_ALL': 'en_US.UTF-8', 'SSH_CONNECTION': '10.42.0.1 50976 10.42.0.126 22', 'XDG_DATA_DIRS': '/usr/local/share:/usr/share:/var/lib/snapd/desktop', 'PYTHONPATH': '/opt/ros/jazzy/lib/python3.12/site-packages', 'COLCON': '1', 'CMAKE_PREFIX_PATH': '/opt/ros/jazzy/opt/gz_sim_vendor:/opt/ros/jazzy/opt/gz_sensors_vendor:/opt/ros/jazzy/opt/gz_physics_vendor:/opt/ros/jazzy/opt/sdformat_vendor:/opt/ros/jazzy/opt/gz_gui_vendor:/opt/ros/jazzy/opt/gz_transport_vendor:/opt/ros/jazzy/opt/gz_rendering_vendor:/opt/ros/jazzy/opt/gz_plugin_vendor:/opt/ros/jazzy/opt/gz_fuel_tools_vendor:/opt/ros/jazzy/opt/gz_msgs_vendor:/opt/ros/jazzy/opt/gz_common_vendor:/opt/ros/jazzy/opt/gz_math_vendor:/opt/ros/jazzy/opt/gz_utils_vendor:/opt/ros/jazzy/opt/gz_tools_vendor:/opt/ros/jazzy/opt/gz_ogre_next_vendor:/opt/ros/jazzy/opt/gz_dartsim_vendor:/opt/ros/jazzy/opt/gz_cmake_vendor:/opt/ros/jazzy'}), 'shell': False}
[0.099599] (-) TimerEvent: {}
[0.200106] (-) TimerEvent: {}
[0.300520] (-) TimerEvent: {}
[0.304147] (robot_model) StdoutLine: {'line': b'-- The C compiler identification is GNU 13.3.0\n'}
[0.320072] (yesense_interface) StdoutLine: {'line': b'-- The C compiler identification is GNU 13.3.0\n'}
[0.336149] (serial) StdoutLine: {'line': b'-- The C compiler identification is GNU 13.3.0\n'}
[0.339892] (rplidar_ros) StdoutLine: {'line': b'-- The C compiler identification is GNU 13.3.0\n'}
[0.400643] (-) TimerEvent: {}
[0.501225] (-) TimerEvent: {}
[0.534837] (robot_model) StdoutLine: {'line': b'-- The CXX compiler identification is GNU 13.3.0\n'}
[0.549492] (serial) StdoutLine: {'line': b'-- The CXX compiler identification is GNU 13.3.0\n'}
[0.550198] (rplidar_ros) StdoutLine: {'line': b'-- The CXX compiler identification is GNU 13.3.0\n'}
[0.562626] (yesense_interface) StdoutLine: {'line': b'-- The CXX compiler identification is GNU 13.3.0\n'}
[0.599354] (yesense_interface) StdoutLine: {'line': b'-- Detecting C compiler ABI info\n'}
[0.600425] (robot_model) StdoutLine: {'line': b'-- Detecting C compiler ABI info\n'}
[0.601307] (-) TimerEvent: {}
[0.602581] (serial) StdoutLine: {'line': b'-- Detecting C compiler ABI info\n'}
[0.611206] (rplidar_ros) StdoutLine: {'line': b'-- Detecting C compiler ABI info\n'}
[0.701729] (-) TimerEvent: {}
[0.802104] (-) TimerEvent: {}
[0.853631] (yesense_interface) StdoutLine: {'line': b'-- Detecting C compiler ABI info - done\n'}
[0.867534] (yesense_interface) StdoutLine: {'line': b'-- Check for working C compiler: /usr/bin/cc - skipped\n'}
[0.870337] (yesense_interface) StdoutLine: {'line': b'-- Detecting C compile features\n'}
[0.873083] (yesense_interface) StdoutLine: {'line': b'-- Detecting C compile features - done\n'}
[0.889057] (serial) StdoutLine: {'line': b'-- Detecting C compiler ABI info - done\n'}
[0.889910] (rplidar_ros) StdoutLine: {'line': b'-- Detecting C compiler ABI info - done\n'}
[0.890616] (robot_model) StdoutLine: {'line': b'-- Detecting C compiler ABI info - done\n'}
[0.902678] (serial) StdoutLine: {'line': b'-- Check for working C compiler: /usr/bin/cc - skipped\n'}
[0.905961] (-) TimerEvent: {}
[0.906697] (serial) StdoutLine: {'line': b'-- Detecting C compile features\n'}
[0.907460] (serial) StdoutLine: {'line': b'-- Detecting C compile features - done\n'}
[0.907952] (yesense_interface) StdoutLine: {'line': b'-- Detecting CXX compiler ABI info\n'}
[0.926776] (serial) StdoutLine: {'line': b'-- Detecting CXX compiler ABI info\n'}
[0.936709] (rplidar_ros) StdoutLine: {'line': b'-- Check for working C compiler: /usr/bin/cc - skipped\n'}
[0.937179] (rplidar_ros) StdoutLine: {'line': b'-- Detecting C compile features\n'}
[0.937658] (rplidar_ros) StdoutLine: {'line': b'-- Detecting C compile features - done\n'}
[0.945002] (robot_model) StdoutLine: {'line': b'-- Check for working C compiler: /usr/bin/cc - skipped\n'}
[0.946309] (robot_model) StdoutLine: {'line': b'-- Detecting C compile features\n'}
[0.947823] (robot_model) StdoutLine: {'line': b'-- Detecting C compile features - done\n'}
[0.963684] (rplidar_ros) StdoutLine: {'line': b'-- Detecting CXX compiler ABI info\n'}
[0.966646] (robot_model) StdoutLine: {'line': b'-- Detecting CXX compiler ABI info\n'}
[1.006156] (-) TimerEvent: {}
[1.106957] (-) TimerEvent: {}
[1.208380] (-) TimerEvent: {}
[1.209246] (yesense_interface) StdoutLine: {'line': b'-- Detecting CXX compiler ABI info - done\n'}
[1.219019] (robot_model) StdoutLine: {'line': b'-- Detecting CXX compiler ABI info - done\n'}
[1.221680] (yesense_interface) StdoutLine: {'line': b'-- Check for working CXX compiler: /usr/bin/c++ - skipped\n'}
[1.222408] (serial) StdoutLine: {'line': b'-- Detecting CXX compiler ABI info - done\n'}
[1.223009] (yesense_interface) StdoutLine: {'line': b'-- Detecting CXX compile features\n'}
[1.223552] (yesense_interface) StdoutLine: {'line': b'-- Detecting CXX compile features - done\n'}
[1.234315] (serial) StdoutLine: {'line': b'-- Check for working CXX compiler: /usr/bin/c++ - skipped\n'}
[1.235175] (serial) StdoutLine: {'line': b'-- Detecting CXX compile features\n'}
[1.235810] (serial) StdoutLine: {'line': b'-- Detecting CXX compile features - done\n'}
[1.241574] (yesense_interface) StdoutLine: {'line': b'-- Found ament_cmake: 2.5.6 (/opt/ros/jazzy/share/ament_cmake/cmake)\n'}
[1.242175] (serial) StdoutLine: {'line': b'-- Found rosidl_default_generators: 1.6.1 (/opt/ros/jazzy/share/rosidl_default_generators/cmake)\n'}
[1.261147] (robot_model) StdoutLine: {'line': b'-- Check for working CXX compiler: /usr/bin/c++ - skipped\n'}
[1.261586] (robot_model) StdoutLine: {'line': b'-- Detecting CXX compile features\n'}
[1.262163] (robot_model) StdoutLine: {'line': b'-- Detecting CXX compile features - done\n'}
[1.267270] (robot_model) StdoutLine: {'line': b'-- Found ament_cmake: 2.5.6 (/opt/ros/jazzy/share/ament_cmake/cmake)\n'}
[1.270257] (rplidar_ros) StdoutLine: {'line': b'-- Detecting CXX compiler ABI info - done\n'}
[1.308491] (-) TimerEvent: {}
[1.339974] (rplidar_ros) StdoutLine: {'line': b'-- Check for working CXX compiler: /usr/bin/c++ - skipped\n'}
[1.341120] (rplidar_ros) StdoutLine: {'line': b'-- Detecting CXX compile features\n'}
[1.343307] (rplidar_ros) StdoutLine: {'line': b'-- Detecting CXX compile features - done\n'}
[1.349120] (rplidar_ros) StdoutLine: {'line': b'-- Found ament_cmake: 2.5.6 (/opt/ros/jazzy/share/ament_cmake/cmake)\n'}
[1.408733] (-) TimerEvent: {}
[1.509543] (-) TimerEvent: {}
[1.592122] (robot_model) StdoutLine: {'line': b'-- Found Python3: /usr/bin/python3 (found version "3.12.3") found components: Interpreter \n'}
[1.607330] (yesense_interface) StdoutLine: {'line': b'-- Found Python3: /usr/bin/python3 (found version "3.12.3") found components: Interpreter \n'}
[1.609696] (-) TimerEvent: {}
[1.617011] (serial) StdoutLine: {'line': b'-- Found Python3: /usr/bin/python3 (found version "3.12.3") found components: Interpreter \n'}
[1.698358] (rplidar_ros) StdoutLine: {'line': b'-- Found Python3: /usr/bin/python3 (found version "3.12.3") found components: Interpreter \n'}
[1.710015] (-) TimerEvent: {}
[1.811289] (-) TimerEvent: {}
[1.813550] (robot_model) StdoutLine: {'line': b'-- Override CMake install command with custom implementation using symlinks instead of copying resources\n'}
[1.815501] (yesense_interface) StdoutLine: {'line': b'-- Override CMake install command with custom implementation using symlinks instead of copying resources\n'}
[1.833043] (serial) StdoutLine: {'line': b'-- Override CMake install command with custom implementation using symlinks instead of copying resources\n'}
[1.888843] (rplidar_ros) StdoutLine: {'line': b'-- Override CMake install command with custom implementation using symlinks instead of copying resources\n'}
[1.908475] (serial) StdoutLine: {'line': b'-- Using all available rosidl_typesupport_c: rosidl_typesupport_fastrtps_c;rosidl_typesupport_introspection_c\n'}
[1.911428] (-) TimerEvent: {}
[1.971101] (yesense_interface) StdoutLine: {'line': b'-- Found rosidl_default_generators: 1.6.1 (/opt/ros/jazzy/share/rosidl_default_generators/cmake)\n'}
[1.982936] (yesense_interface) StdoutLine: {'line': b'-- Using all available rosidl_typesupport_c: rosidl_typesupport_fastrtps_c;rosidl_typesupport_introspection_c\n'}
[2.011592] (-) TimerEvent: {}
[2.017107] (rplidar_ros) StdoutLine: {'line': b'-- Found rclcpp: 28.1.21 (/opt/ros/jazzy/share/rclcpp/cmake)\n'}
[2.111786] (-) TimerEvent: {}
[2.135812] (rplidar_ros) StdoutLine: {'line': b'-- Found rosidl_generator_c: 4.6.9 (/opt/ros/jazzy/share/rosidl_generator_c/cmake)\n'}
[2.142341] (yesense_interface) StdoutLine: {'line': b'-- Using all available rosidl_typesupport_cpp: rosidl_typesupport_fastrtps_cpp;rosidl_typesupport_introspection_cpp\n'}
[2.145486] (robot_model) StdoutLine: {'line': b'-- Configuring done (2.0s)\n'}
[2.163854] (rplidar_ros) StdoutLine: {'line': b'-- Found rosidl_generator_cpp: 4.6.9 (/opt/ros/jazzy/share/rosidl_generator_cpp/cmake)\n'}
[2.164855] (robot_model) StdoutLine: {'line': b'-- Generating done (0.0s)\n'}
[2.173565] (robot_model) StdoutLine: {'line': b'-- Build files have been written to: /home/ubuntu/rb3302_final_proj_code/robot_ws/build/robot_model\n'}
[2.174504] (serial) StdoutLine: {'line': b'-- Using all available rosidl_typesupport_cpp: rosidl_typesupport_fastrtps_cpp;rosidl_typesupport_introspection_cpp\n'}
[2.189158] (robot_model) CommandEnded: {'returncode': 0}
[2.193518] (robot_model) JobProgress: {'identifier': 'robot_model', 'progress': 'build'}
[2.198864] (robot_model) Command: {'cmd': ['/usr/bin/cmake', '--build', '/home/ubuntu/rb3302_final_proj_code/robot_ws/build/robot_model', '--', '-j8', '-l8'], 'cwd': '/home/ubuntu/rb3302_final_proj_code/robot_ws/build/robot_model', 'env': OrderedDict({'USER': 'ubuntu', 'SSH_CLIENT': '10.42.0.1 50976 22', 'GZ_CONFIG_PATH': '/opt/ros/jazzy/opt/gz_sim_vendor/share/gz:/opt/ros/jazzy/opt/sdformat_vendor/share/gz:/opt/ros/jazzy/opt/gz_gui_vendor/share/gz:/opt/ros/jazzy/opt/gz_transport_vendor/share/gz:/opt/ros/jazzy/opt/gz_rendering_vendor/share/gz:/opt/ros/jazzy/opt/gz_plugin_vendor/share/gz:/opt/ros/jazzy/opt/gz_fuel_tools_vendor/share/gz:/opt/ros/jazzy/opt/gz_msgs_vendor/share/gz:/opt/ros/jazzy/opt/gz_common_vendor/share/gz', 'XDG_SESSION_TYPE': 'tty', 'SHLVL': '2', 'LD_LIBRARY_PATH': '/opt/ros/jazzy/opt/gz_sim_vendor/lib:/opt/ros/jazzy/opt/gz_sensors_vendor/lib:/opt/ros/jazzy/opt/gz_physics_vendor/lib:/opt/ros/jazzy/opt/sdformat_vendor/lib:/opt/ros/jazzy/opt/rviz_ogre_vendor/lib:/opt/ros/jazzy/lib/aarch64-linux-gnu:/opt/ros/jazzy/opt/gz_gui_vendor/lib:/opt/ros/jazzy/opt/gz_transport_vendor/lib:/opt/ros/jazzy/opt/gz_rendering_vendor/lib:/opt/ros/jazzy/opt/gz_plugin_vendor/lib:/opt/ros/jazzy/opt/gz_fuel_tools_vendor/lib:/opt/ros/jazzy/opt/gz_msgs_vendor/lib:/opt/ros/jazzy/opt/gz_common_vendor/lib:/opt/ros/jazzy/opt/gz_math_vendor/lib:/opt/ros/jazzy/opt/gz_utils_vendor/lib:/opt/ros/jazzy/opt/gz_tools_vendor/lib:/opt/ros/jazzy/opt/gz_ogre_next_vendor/lib:/opt/ros/jazzy/opt/gz_dartsim_vendor/lib:/opt/ros/jazzy/opt/gz_cmake_vendor/lib:/opt/ros/jazzy/lib', 'HOME': '/home/ubuntu', 'OLDPWD': '/home/ubuntu', 'SSH_TTY': '/dev/pts/0', 'ROS_PYTHON_VERSION': '3', 'DBUS_SESSION_BUS_ADDRESS': 'unix:path=/run/user/1000/bus', 'ROS_DISTRO': 'jazzy', 'LOGNAME': 'ubuntu', '_': '/usr/bin/colcon', 'ROS_VERSION': '2', 'XDG_SESSION_CLASS': 'user', 'TERM': 'xterm-256color', 'XDG_SESSION_ID': '1', 'PATH': '/opt/ros/jazzy/opt/gz_msgs_vendor/bin:/opt/ros/jazzy/opt/gz_tools_vendor/bin:/opt/ros/jazzy/opt/gz_ogre_next_vendor/bin:/opt/ros/jazzy/bin:/usr/local/sbin:/usr/local/bin:/usr/sbin:/usr/bin:/sbin:/bin:/usr/games:/usr/local/games:/snap/bin', 'VK_ICD_FILENAMES': '/usr/share/vulkan/icd.d/adrenovk.json', 'XDG_RUNTIME_DIR': '/run/user/1000', 'LANG': 'en_US.UTF-8', 'AMENT_PREFIX_PATH': '/opt/ros/jazzy', 'SHELL': '/bin/bash', 'ROS_AUTOMATIC_DISCOVERY_RANGE': 'SUBNET', 'PWD': '/home/ubuntu/rb3302_final_proj_code/robot_ws/build/robot_model', 'QT_QPA_PLATFORM': 'wayland', 'LC_ALL': 'en_US.UTF-8', 'SSH_CONNECTION': '10.42.0.1 50976 10.42.0.126 22', 'XDG_DATA_DIRS': '/usr/local/share:/usr/share:/var/lib/snapd/desktop', 'PYTHONPATH': '/opt/ros/jazzy/lib/python3.12/site-packages', 'COLCON': '1', 'CMAKE_PREFIX_PATH': '/opt/ros/jazzy/opt/gz_sim_vendor:/opt/ros/jazzy/opt/gz_sensors_vendor:/opt/ros/jazzy/opt/gz_physics_vendor:/opt/ros/jazzy/opt/sdformat_vendor:/opt/ros/jazzy/opt/gz_gui_vendor:/opt/ros/jazzy/opt/gz_transport_vendor:/opt/ros/jazzy/opt/gz_rendering_vendor:/opt/ros/jazzy/opt/gz_plugin_vendor:/opt/ros/jazzy/opt/gz_fuel_tools_vendor:/opt/ros/jazzy/opt/gz_msgs_vendor:/opt/ros/jazzy/opt/gz_common_vendor:/opt/ros/jazzy/opt/gz_math_vendor:/opt/ros/jazzy/opt/gz_utils_vendor:/opt/ros/jazzy/opt/gz_tools_vendor:/opt/ros/jazzy/opt/gz_ogre_next_vendor:/opt/ros/jazzy/opt/gz_dartsim_vendor:/opt/ros/jazzy/opt/gz_cmake_vendor:/opt/ros/jazzy'}), 'shell': False}
[2.202525] (rplidar_ros) StdoutLine: {'line': b'-- Using all available rosidl_typesupport_c: rosidl_typesupport_fastrtps_c;rosidl_typesupport_introspection_c\n'}
[2.212377] (-) TimerEvent: {}
[2.233148] (rplidar_ros) StdoutLine: {'line': b'-- Using all available rosidl_typesupport_cpp: rosidl_typesupport_fastrtps_cpp;rosidl_typesupport_introspection_cpp\n'}
[2.265125] (serial) StdoutLine: {'line': b'-- Found rosidl_adapter: 4.6.9 (/opt/ros/jazzy/share/rosidl_adapter/cmake)\n'}
[2.269478] (yesense_interface) StdoutLine: {'line': b'-- Found rosidl_adapter: 4.6.9 (/opt/ros/jazzy/share/rosidl_adapter/cmake)\n'}
[2.312607] (-) TimerEvent: {}
[2.356932] (robot_model) CommandEnded: {'returncode': 0}
[2.359903] (robot_model) JobProgress: {'identifier': 'robot_model', 'progress': 'install'}
[2.402342] (robot_model) Command: {'cmd': ['/usr/bin/cmake', '--install', '/home/ubuntu/rb3302_final_proj_code/robot_ws/build/robot_model'], 'cwd': '/home/ubuntu/rb3302_final_proj_code/robot_ws/build/robot_model', 'env': OrderedDict({'USER': 'ubuntu', 'SSH_CLIENT': '10.42.0.1 50976 22', 'GZ_CONFIG_PATH': '/opt/ros/jazzy/opt/gz_sim_vendor/share/gz:/opt/ros/jazzy/opt/sdformat_vendor/share/gz:/opt/ros/jazzy/opt/gz_gui_vendor/share/gz:/opt/ros/jazzy/opt/gz_transport_vendor/share/gz:/opt/ros/jazzy/opt/gz_rendering_vendor/share/gz:/opt/ros/jazzy/opt/gz_plugin_vendor/share/gz:/opt/ros/jazzy/opt/gz_fuel_tools_vendor/share/gz:/opt/ros/jazzy/opt/gz_msgs_vendor/share/gz:/opt/ros/jazzy/opt/gz_common_vendor/share/gz', 'XDG_SESSION_TYPE': 'tty', 'SHLVL': '2', 'LD_LIBRARY_PATH': '/opt/ros/jazzy/opt/gz_sim_vendor/lib:/opt/ros/jazzy/opt/gz_sensors_vendor/lib:/opt/ros/jazzy/opt/gz_physics_vendor/lib:/opt/ros/jazzy/opt/sdformat_vendor/lib:/opt/ros/jazzy/opt/rviz_ogre_vendor/lib:/opt/ros/jazzy/lib/aarch64-linux-gnu:/opt/ros/jazzy/opt/gz_gui_vendor/lib:/opt/ros/jazzy/opt/gz_transport_vendor/lib:/opt/ros/jazzy/opt/gz_rendering_vendor/lib:/opt/ros/jazzy/opt/gz_plugin_vendor/lib:/opt/ros/jazzy/opt/gz_fuel_tools_vendor/lib:/opt/ros/jazzy/opt/gz_msgs_vendor/lib:/opt/ros/jazzy/opt/gz_common_vendor/lib:/opt/ros/jazzy/opt/gz_math_vendor/lib:/opt/ros/jazzy/opt/gz_utils_vendor/lib:/opt/ros/jazzy/opt/gz_tools_vendor/lib:/opt/ros/jazzy/opt/gz_ogre_next_vendor/lib:/opt/ros/jazzy/opt/gz_dartsim_vendor/lib:/opt/ros/jazzy/opt/gz_cmake_vendor/lib:/opt/ros/jazzy/lib', 'HOME': '/home/ubuntu', 'OLDPWD': '/home/ubuntu', 'SSH_TTY': '/dev/pts/0', 'ROS_PYTHON_VERSION': '3', 'DBUS_SESSION_BUS_ADDRESS': 'unix:path=/run/user/1000/bus', 'ROS_DISTRO': 'jazzy', 'LOGNAME': 'ubuntu', '_': '/usr/bin/colcon', 'ROS_VERSION': '2', 'XDG_SESSION_CLASS': 'user', 'TERM': 'xterm-256color', 'XDG_SESSION_ID': '1', 'PATH': '/opt/ros/jazzy/opt/gz_msgs_vendor/bin:/opt/ros/jazzy/opt/gz_tools_vendor/bin:/opt/ros/jazzy/opt/gz_ogre_next_vendor/bin:/opt/ros/jazzy/bin:/usr/local/sbin:/usr/local/bin:/usr/sbin:/usr/bin:/sbin:/bin:/usr/games:/usr/local/games:/snap/bin', 'VK_ICD_FILENAMES': '/usr/share/vulkan/icd.d/adrenovk.json', 'XDG_RUNTIME_DIR': '/run/user/1000', 'LANG': 'en_US.UTF-8', 'AMENT_PREFIX_PATH': '/opt/ros/jazzy', 'SHELL': '/bin/bash', 'ROS_AUTOMATIC_DISCOVERY_RANGE': 'SUBNET', 'PWD': '/home/ubuntu/rb3302_final_proj_code/robot_ws/build/robot_model', 'QT_QPA_PLATFORM': 'wayland', 'LC_ALL': 'en_US.UTF-8', 'SSH_CONNECTION': '10.42.0.1 50976 10.42.0.126 22', 'XDG_DATA_DIRS': '/usr/local/share:/usr/share:/var/lib/snapd/desktop', 'PYTHONPATH': '/opt/ros/jazzy/lib/python3.12/site-packages', 'COLCON': '1', 'CMAKE_PREFIX_PATH': '/opt/ros/jazzy/opt/gz_sim_vendor:/opt/ros/jazzy/opt/gz_sensors_vendor:/opt/ros/jazzy/opt/gz_physics_vendor:/opt/ros/jazzy/opt/sdformat_vendor:/opt/ros/jazzy/opt/gz_gui_vendor:/opt/ros/jazzy/opt/gz_transport_vendor:/opt/ros/jazzy/opt/gz_rendering_vendor:/opt/ros/jazzy/opt/gz_plugin_vendor:/opt/ros/jazzy/opt/gz_fuel_tools_vendor:/opt/ros/jazzy/opt/gz_msgs_vendor:/opt/ros/jazzy/opt/gz_common_vendor:/opt/ros/jazzy/opt/gz_math_vendor:/opt/ros/jazzy/opt/gz_utils_vendor:/opt/ros/jazzy/opt/gz_tools_vendor:/opt/ros/jazzy/opt/gz_ogre_next_vendor:/opt/ros/jazzy/opt/gz_dartsim_vendor:/opt/ros/jazzy/opt/gz_cmake_vendor:/opt/ros/jazzy'}), 'shell': False}
[2.406912] (rplidar_ros) StdoutLine: {'line': b'-- Found rmw_implementation_cmake: 7.3.3 (/opt/ros/jazzy/share/rmw_implementation_cmake/cmake)\n'}
[2.411612] (waverover_base) Command: {'cmd': ['/usr/bin/python3', '-W', 'ignore:setup.py install is deprecated', '-W', 'ignore:easy_install command is deprecated', 'setup.py', 'develop', '--editable', '--build-directory', '/home/ubuntu/rb3302_final_proj_code/robot_ws/build/waverover_base/build', '--no-deps', 'symlink_data'], 'cwd': '/home/ubuntu/rb3302_final_proj_code/robot_ws/build/waverover_base', 'env': {'USER': 'ubuntu', 'SSH_CLIENT': '10.42.0.1 50976 22', 'GZ_CONFIG_PATH': '/opt/ros/jazzy/opt/gz_sim_vendor/share/gz:/opt/ros/jazzy/opt/sdformat_vendor/share/gz:/opt/ros/jazzy/opt/gz_gui_vendor/share/gz:/opt/ros/jazzy/opt/gz_transport_vendor/share/gz:/opt/ros/jazzy/opt/gz_rendering_vendor/share/gz:/opt/ros/jazzy/opt/gz_plugin_vendor/share/gz:/opt/ros/jazzy/opt/gz_fuel_tools_vendor/share/gz:/opt/ros/jazzy/opt/gz_msgs_vendor/share/gz:/opt/ros/jazzy/opt/gz_common_vendor/share/gz', 'XDG_SESSION_TYPE': 'tty', 'SHLVL': '2', 'LD_LIBRARY_PATH': '/opt/ros/jazzy/opt/gz_sim_vendor/lib:/opt/ros/jazzy/opt/gz_sensors_vendor/lib:/opt/ros/jazzy/opt/gz_physics_vendor/lib:/opt/ros/jazzy/opt/sdformat_vendor/lib:/opt/ros/jazzy/opt/rviz_ogre_vendor/lib:/opt/ros/jazzy/lib/aarch64-linux-gnu:/opt/ros/jazzy/opt/gz_gui_vendor/lib:/opt/ros/jazzy/opt/gz_transport_vendor/lib:/opt/ros/jazzy/opt/gz_rendering_vendor/lib:/opt/ros/jazzy/opt/gz_plugin_vendor/lib:/opt/ros/jazzy/opt/gz_fuel_tools_vendor/lib:/opt/ros/jazzy/opt/gz_msgs_vendor/lib:/opt/ros/jazzy/opt/gz_common_vendor/lib:/opt/ros/jazzy/opt/gz_math_vendor/lib:/opt/ros/jazzy/opt/gz_utils_vendor/lib:/opt/ros/jazzy/opt/gz_tools_vendor/lib:/opt/ros/jazzy/opt/gz_ogre_next_vendor/lib:/opt/ros/jazzy/opt/gz_dartsim_vendor/lib:/opt/ros/jazzy/opt/gz_cmake_vendor/lib:/opt/ros/jazzy/lib', 'HOME': '/home/ubuntu', 'OLDPWD': '/home/ubuntu', 'SSH_TTY': '/dev/pts/0', 'ROS_PYTHON_VERSION': '3', 'DBUS_SESSION_BUS_ADDRESS': 'unix:path=/run/user/1000/bus', 'ROS_DISTRO': 'jazzy', 'LOGNAME': 'ubuntu', '_': '/usr/bin/colcon', 'ROS_VERSION': '2', 'XDG_SESSION_CLASS': 'user', 'TERM': 'xterm-256color', 'XDG_SESSION_ID': '1', 'PATH': '/opt/ros/jazzy/opt/gz_msgs_vendor/bin:/opt/ros/jazzy/opt/gz_tools_vendor/bin:/opt/ros/jazzy/opt/gz_ogre_next_vendor/bin:/opt/ros/jazzy/bin:/usr/local/sbin:/usr/local/bin:/usr/sbin:/usr/bin:/sbin:/bin:/usr/games:/usr/local/games:/snap/bin', 'VK_ICD_FILENAMES': '/usr/share/vulkan/icd.d/adrenovk.json', 'XDG_RUNTIME_DIR': '/run/user/1000', 'LANG': 'en_US.UTF-8', 'AMENT_PREFIX_PATH': '/opt/ros/jazzy', 'SHELL': '/bin/bash', 'ROS_AUTOMATIC_DISCOVERY_RANGE': 'SUBNET', 'PWD': '/home/ubuntu/rb3302_final_proj_code/robot_ws/build/waverover_base', 'QT_QPA_PLATFORM': 'wayland', 'LC_ALL': 'en_US.UTF-8', 'SSH_CONNECTION': '10.42.0.1 50976 10.42.0.126 22', 'XDG_DATA_DIRS': '/usr/local/share:/usr/share:/var/lib/snapd/desktop', 'PYTHONPATH': '/home/ubuntu/rb3302_final_proj_code/robot_ws/build/waverover_base/prefix_override:/usr/lib/python3/dist-packages/colcon_core/task/python/colcon_distutils_commands:/home/ubuntu/rb3302_final_proj_code/robot_ws/install/waverover_base/lib/python3.12/site-packages:/opt/ros/jazzy/lib/python3.12/site-packages', 'COLCON': '1', 'CMAKE_PREFIX_PATH': '/opt/ros/jazzy/opt/gz_sim_vendor:/opt/ros/jazzy/opt/gz_sensors_vendor:/opt/ros/jazzy/opt/gz_physics_vendor:/opt/ros/jazzy/opt/sdformat_vendor:/opt/ros/jazzy/opt/gz_gui_vendor:/opt/ros/jazzy/opt/gz_transport_vendor:/opt/ros/jazzy/opt/gz_rendering_vendor:/opt/ros/jazzy/opt/gz_plugin_vendor:/opt/ros/jazzy/opt/gz_fuel_tools_vendor:/opt/ros/jazzy/opt/gz_msgs_vendor:/opt/ros/jazzy/opt/gz_common_vendor:/opt/ros/jazzy/opt/gz_math_vendor:/opt/ros/jazzy/opt/gz_utils_vendor:/opt/ros/jazzy/opt/gz_tools_vendor:/opt/ros/jazzy/opt/gz_ogre_next_vendor:/opt/ros/jazzy/opt/gz_dartsim_vendor:/opt/ros/jazzy/opt/gz_cmake_vendor'}, 'shell': False}
[2.413713] (-) TimerEvent: {}
[2.416753] (rplidar_ros) StdoutLine: {'line': b'-- Found rmw_fastrtps_cpp: 8.4.4 (/opt/ros/jazzy/share/rmw_fastrtps_cpp/cmake)\n'}
[2.440104] (robot_model) StdoutLine: {'line': b'-- Install configuration: ""\n'}
[2.441082] (robot_model) StdoutLine: {'line': b'-- Execute custom install script\n'}
[2.441960] (robot_model) StdoutLine: {'line': b'-- Symlinking: /home/ubuntu/rb3302_final_proj_code/robot_ws/install/robot_model/share/robot_model/urdf/diffbot.urdf.xacro\n'}
[2.474479] (serial) StdoutLine: {'line': b'-- Configuring done (2.4s)\n'}
[2.478093] (robot_model) StdoutLine: {'line': b'-- Symlinking: /home/ubuntu/rb3302_final_proj_code/robot_ws/install/robot_model/share/robot_model/launch/description.launch.py\n'}
[2.482557] (serial) StdoutLine: {'line': b'-- Generating done (0.0s)\n'}
[2.485720] (serial) StdoutLine: {'line': b'-- Build files have been written to: /home/ubuntu/rb3302_final_proj_code/robot_ws/build/serial\n'}
[2.494831] (serial) CommandEnded: {'returncode': 0}
[2.497166] (serial) JobProgress: {'identifier': 'serial', 'progress': 'build'}
[2.497371] (serial) Command: {'cmd': ['/usr/bin/cmake', '--build', '/home/ubuntu/rb3302_final_proj_code/robot_ws/build/serial', '--', '-j8', '-l8'], 'cwd': '/home/ubuntu/rb3302_final_proj_code/robot_ws/build/serial', 'env': OrderedDict({'USER': 'ubuntu', 'SSH_CLIENT': '10.42.0.1 50976 22', 'GZ_CONFIG_PATH': '/opt/ros/jazzy/opt/gz_sim_vendor/share/gz:/opt/ros/jazzy/opt/sdformat_vendor/share/gz:/opt/ros/jazzy/opt/gz_gui_vendor/share/gz:/opt/ros/jazzy/opt/gz_transport_vendor/share/gz:/opt/ros/jazzy/opt/gz_rendering_vendor/share/gz:/opt/ros/jazzy/opt/gz_plugin_vendor/share/gz:/opt/ros/jazzy/opt/gz_fuel_tools_vendor/share/gz:/opt/ros/jazzy/opt/gz_msgs_vendor/share/gz:/opt/ros/jazzy/opt/gz_common_vendor/share/gz', 'XDG_SESSION_TYPE': 'tty', 'SHLVL': '2', 'LD_LIBRARY_PATH': '/opt/ros/jazzy/opt/gz_sim_vendor/lib:/opt/ros/jazzy/opt/gz_sensors_vendor/lib:/opt/ros/jazzy/opt/gz_physics_vendor/lib:/opt/ros/jazzy/opt/sdformat_vendor/lib:/opt/ros/jazzy/opt/rviz_ogre_vendor/lib:/opt/ros/jazzy/lib/aarch64-linux-gnu:/opt/ros/jazzy/opt/gz_gui_vendor/lib:/opt/ros/jazzy/opt/gz_transport_vendor/lib:/opt/ros/jazzy/opt/gz_rendering_vendor/lib:/opt/ros/jazzy/opt/gz_plugin_vendor/lib:/opt/ros/jazzy/opt/gz_fuel_tools_vendor/lib:/opt/ros/jazzy/opt/gz_msgs_vendor/lib:/opt/ros/jazzy/opt/gz_common_vendor/lib:/opt/ros/jazzy/opt/gz_math_vendor/lib:/opt/ros/jazzy/opt/gz_utils_vendor/lib:/opt/ros/jazzy/opt/gz_tools_vendor/lib:/opt/ros/jazzy/opt/gz_ogre_next_vendor/lib:/opt/ros/jazzy/opt/gz_dartsim_vendor/lib:/opt/ros/jazzy/opt/gz_cmake_vendor/lib:/opt/ros/jazzy/lib', 'HOME': '/home/ubuntu', 'OLDPWD': '/home/ubuntu', 'SSH_TTY': '/dev/pts/0', 'ROS_PYTHON_VERSION': '3', 'DBUS_SESSION_BUS_ADDRESS': 'unix:path=/run/user/1000/bus', 'ROS_DISTRO': 'jazzy', 'LOGNAME': 'ubuntu', '_': '/usr/bin/colcon', 'ROS_VERSION': '2', 'XDG_SESSION_CLASS': 'user', 'TERM': 'xterm-256color', 'XDG_SESSION_ID': '1', 'PATH': '/opt/ros/jazzy/opt/gz_msgs_vendor/bin:/opt/ros/jazzy/opt/gz_tools_vendor/bin:/opt/ros/jazzy/opt/gz_ogre_next_vendor/bin:/opt/ros/jazzy/bin:/usr/local/sbin:/usr/local/bin:/usr/sbin:/usr/bin:/sbin:/bin:/usr/games:/usr/local/games:/snap/bin', 'VK_ICD_FILENAMES': '/usr/share/vulkan/icd.d/adrenovk.json', 'XDG_RUNTIME_DIR': '/run/user/1000', 'LANG': 'en_US.UTF-8', 'AMENT_PREFIX_PATH': '/opt/ros/jazzy', 'SHELL': '/bin/bash', 'ROS_AUTOMATIC_DISCOVERY_RANGE': 'SUBNET', 'PWD': '/home/ubuntu/rb3302_final_proj_code/robot_ws/build/serial', 'QT_QPA_PLATFORM': 'wayland', 'LC_ALL': 'en_US.UTF-8', 'SSH_CONNECTION': '10.42.0.1 50976 10.42.0.126 22', 'XDG_DATA_DIRS': '/usr/local/share:/usr/share:/var/lib/snapd/desktop', 'PYTHONPATH': '/opt/ros/jazzy/lib/python3.12/site-packages', 'COLCON': '1', 'CMAKE_PREFIX_PATH': '/opt/ros/jazzy/opt/gz_sim_vendor:/opt/ros/jazzy/opt/gz_sensors_vendor:/opt/ros/jazzy/opt/gz_physics_vendor:/opt/ros/jazzy/opt/sdformat_vendor:/opt/ros/jazzy/opt/gz_gui_vendor:/opt/ros/jazzy/opt/gz_transport_vendor:/opt/ros/jazzy/opt/gz_rendering_vendor:/opt/ros/jazzy/opt/gz_plugin_vendor:/opt/ros/jazzy/opt/gz_fuel_tools_vendor:/opt/ros/jazzy/opt/gz_msgs_vendor:/opt/ros/jazzy/opt/gz_common_vendor:/opt/ros/jazzy/opt/gz_math_vendor:/opt/ros/jazzy/opt/gz_utils_vendor:/opt/ros/jazzy/opt/gz_tools_vendor:/opt/ros/jazzy/opt/gz_ogre_next_vendor:/opt/ros/jazzy/opt/gz_dartsim_vendor:/opt/ros/jazzy/opt/gz_cmake_vendor:/opt/ros/jazzy'}), 'shell': False}
[2.513878] (-) TimerEvent: {}
[2.517102] (robot_model) StdoutLine: {'line': b'-- Symlinking: /home/ubuntu/rb3302_final_proj_code/robot_ws/install/robot_model/share/robot_model/rviz/description.rviz\n'}
[2.555328] (robot_model) StdoutLine: {'line': b'-- Symlinking: /home/ubuntu/rb3302_final_proj_code/robot_ws/install/robot_model/share/ament_index/resource_index/package_run_dependencies/robot_model\n'}
[2.591598] (robot_model) StdoutLine: {'line': b'-- Symlinking: /home/ubuntu/rb3302_final_proj_code/robot_ws/install/robot_model/share/ament_index/resource_index/parent_prefix_path/robot_model\n'}
[2.607873] (robot_model) StdoutLine: {'line': b'-- Symlinking: /home/ubuntu/rb3302_final_proj_code/robot_ws/install/robot_model/share/robot_model/environment/ament_prefix_path.sh\n'}
[2.614105] (-) TimerEvent: {}
[2.639132] (robot_model) StdoutLine: {'line': b'-- Symlinking: /home/ubuntu/rb3302_final_proj_code/robot_ws/install/robot_model/share/robot_model/environment/ament_prefix_path.dsv\n'}
[2.660749] (serial) StdoutLine: {'line': b'[ 25%] \x1b[32mBuilding CXX object CMakeFiles/serial.dir/src/impl/list_ports/list_ports_linux.cc.o\x1b[0m\n'}
[2.672146] (serial) StdoutLine: {'line': b'[ 50%] \x1b[32mBuilding CXX object CMakeFiles/serial.dir/src/serial.cc.o\x1b[0m\n'}
[2.684480] (robot_model) StdoutLine: {'line': b'-- Symlinking: /home/ubuntu/rb3302_final_proj_code/robot_ws/install/robot_model/share/robot_model/environment/path.sh\n'}
[2.684788] (serial) StdoutLine: {'line': b'[ 75%] \x1b[32mBuilding CXX object CMakeFiles/serial.dir/src/impl/unix.cc.o\x1b[0m\n'}
[2.684954] (rplidar_ros) StdoutLine: {'line': b'-- Found OpenSSL: /usr/lib/aarch64-linux-gnu/libcrypto.so (found version "3.0.13")  \n'}
[2.714209] (-) TimerEvent: {}
[2.716440] (rplidar_ros) StdoutLine: {'line': b'-- Found FastRTPS: /opt/ros/jazzy/include (Required is at least version "2.13") \n'}
[2.725924] (robot_model) StdoutLine: {'line': b'-- Symlinking: /home/ubuntu/rb3302_final_proj_code/robot_ws/install/robot_model/share/robot_model/environment/path.dsv\n'}
[2.771468] (robot_model) StdoutLine: {'line': b'-- Symlinking: /home/ubuntu/rb3302_final_proj_code/robot_ws/install/robot_model/share/robot_model/local_setup.bash\n'}
[2.808647] (robot_model) StdoutLine: {'line': b'-- Symlinking: /home/ubuntu/rb3302_final_proj_code/robot_ws/install/robot_model/share/robot_model/local_setup.sh\n'}
[2.814508] (-) TimerEvent: {}
[2.818811] (rplidar_ros) StdoutLine: {'line': b"-- Using RMW implementation 'rmw_fastrtps_cpp' as default\n"}
[2.844658] (robot_model) StdoutLine: {'line': b'-- Symlinking: /home/ubuntu/rb3302_final_proj_code/robot_ws/install/robot_model/share/robot_model/local_setup.zsh\n'}
[2.885782] (robot_model) StdoutLine: {'line': b'-- Symlinking: /home/ubuntu/rb3302_final_proj_code/robot_ws/install/robot_model/share/robot_model/local_setup.dsv\n'}
[2.915143] (-) TimerEvent: {}
[2.940616] (robot_model) StdoutLine: {'line': b'-- Symlinking: /home/ubuntu/rb3302_final_proj_code/robot_ws/install/robot_model/share/robot_model/package.dsv\n'}
[2.992423] (robot_model) StdoutLine: {'line': b'-- Symlinking: /home/ubuntu/rb3302_final_proj_code/robot_ws/install/robot_model/share/ament_index/resource_index/packages/robot_model\n'}
[3.015786] (-) TimerEvent: {}
[3.020619] (waverover_base) StdoutLine: {'line': b'running develop\n'}
[3.053553] (robot_model) StdoutLine: {'line': b'-- Symlinking: /home/ubuntu/rb3302_final_proj_code/robot_ws/install/robot_model/share/robot_model/cmake/robot_modelConfig.cmake\n'}
[3.105569] (robot_model) StdoutLine: {'line': b'-- Symlinking: /home/ubuntu/rb3302_final_proj_code/robot_ws/install/robot_model/share/robot_model/cmake/robot_modelConfig-version.cmake\n'}
[3.116022] (-) TimerEvent: {}
[3.156824] (robot_model) StdoutLine: {'line': b'-- Symlinking: /home/ubuntu/rb3302_final_proj_code/robot_ws/install/robot_model/share/robot_model/package.xml\n'}
[3.216267] (-) TimerEvent: {}
[3.220105] (robot_model) CommandEnded: {'returncode': 0}
[3.294823] (serial) StderrLine: {'line': b'\x1b[01m\x1b[K/home/ubuntu/rb3302_final_proj_code/robot_ws/src/serial/src/impl/list_ports/list_ports_linux.cc:\x1b[m\x1b[K In function \xe2\x80\x98\x1b[01m\x1b[Kstd::vector<std::__cxx11::basic_string<char> >\x1b[01;32m\x1b[K glob\x1b[m\x1b[K(const std::vector<std::__cxx11::basic_string<char> >&)\x1b[m\x1b[K\xe2\x80\x99:\n'}
[3.298648] (serial) StderrLine: {'line': b'\x1b[01m\x1b[K/home/ubuntu/rb3302_final_proj_code/robot_ws/src/serial/src/impl/list_ports/list_ports_linux.cc:66:40:\x1b[m\x1b[K \x1b[01;35m\x1b[Kwarning: \x1b[m\x1b[Kcomparison of integer expressions of different signedness: \xe2\x80\x98\x1b[01m\x1b[Kint\x1b[m\x1b[K\xe2\x80\x99 and \xe2\x80\x98\x1b[01m\x1b[Ksize_t\x1b[m\x1b[K\xe2\x80\x99 {aka \xe2\x80\x98\x1b[01m\x1b[Klong unsigned int\x1b[m\x1b[K\xe2\x80\x99} [\x1b[01;35m\x1b[K\x1b]8;;https://gcc.gnu.org/onlinedocs/gcc/Warning-Options.html#index-Wsign-compare\x07-Wsign-compare\x1b]8;;\x07\x1b[m\x1b[K]\n'}
[3.300016] (serial) StderrLine: {'line': b'   66 |     for(int path_index = 0; \x1b[01;35m\x1b[Kpath_index < glob_results.gl_pathc\x1b[m\x1b[K; path_index++)\n'}
[3.301124] (serial) StderrLine: {'line': b'      |                             \x1b[01;35m\x1b[K~~~~~~~~~~~^~~~~~~~~~~~~~~~~~~~~~~\x1b[m\x1b[K\n'}
[3.301751] (serial) StderrLine: {'line': b'\x1b[01m\x1b[K/home/ubuntu/rb3302_final_proj_code/robot_ws/src/serial/src/impl/list_ports/list_ports_linux.cc:57:9:\x1b[m\x1b[K \x1b[01;35m\x1b[Kwarning: \x1b[m\x1b[Kvariable \xe2\x80\x98\x1b[01m\x1b[Kglob_retval\x1b[m\x1b[K\xe2\x80\x99 set but not used [\x1b[01;35m\x1b[K\x1b]8;;https://gcc.gnu.org/onlinedocs/gcc/Warning-Options.html#index-Wunused-but-set-variable\x07-Wunused-but-set-variable\x1b]8;;\x07\x1b[m\x1b[K]\n'}
[3.302352] (serial) StderrLine: {'line': b'   57 |     int \x1b[01;35m\x1b[Kglob_retval\x1b[m\x1b[K = glob(patterns[0].c_str(), 0, NULL, &glob_results);\n'}
[3.303019] (serial) StderrLine: {'line': b'      |         \x1b[01;35m\x1b[K^~~~~~~~~~~\x1b[m\x1b[K\n'}
[3.303714] (serial) StderrLine: {'line': b'\x1b[01m\x1b[K/home/ubuntu/rb3302_final_proj_code/robot_ws/src/serial/src/impl/list_ports/list_ports_linux.cc:\x1b[m\x1b[K In function \xe2\x80\x98\x1b[01m\x1b[Kstd::string\x1b[01;32m\x1b[K format\x1b[m\x1b[K(const char*, ...)\x1b[m\x1b[K\xe2\x80\x99:\n'}
[3.305625] (serial) StderrLine: {'line': b'\x1b[01m\x1b[K/home/ubuntu/rb3302_final_proj_code/robot_ws/src/serial/src/impl/list_ports/list_ports_linux.cc:246:31:\x1b[m\x1b[K \x1b[01;35m\x1b[Kwarning: \x1b[m\x1b[Kcomparison of integer expressions of different signedness: \xe2\x80\x98\x1b[01m\x1b[Kint\x1b[m\x1b[K\xe2\x80\x99 and \xe2\x80\x98\x1b[01m\x1b[Ksize_t\x1b[m\x1b[K\xe2\x80\x99 {aka \xe2\x80\x98\x1b[01m\x1b[Klong unsigned int\x1b[m\x1b[K\xe2\x80\x99} [\x1b[01;35m\x1b[K\x1b]8;;https://gcc.gnu.org/onlinedocs/gcc/Warning-Options.html#index-Wsign-compare\x07-Wsign-compare\x1b]8;;\x07\x1b[m\x1b[K]\n'}
[3.306669] (serial) StderrLine: {'line': b'  246 |         else if( \x1b[01;35m\x1b[Kreturn_value >= buffer_size_bytes\x1b[m\x1b[K )\n'}
[3.308217] (serial) StderrLine: {'line': b'      |                  \x1b[01;35m\x1b[K~~~~~~~~~~~~~^~~~~~~~~~~~~~~~~~~~\x1b[m\x1b[K\n'}
[3.316535] (-) TimerEvent: {}
[3.343928] (robot_model) JobEnded: {'identifier': 'robot_model', 'rc': 0}
[3.347808] (rplidar_ros) StdoutLine: {'line': b'-- Found sensor_msgs: 5.3.8 (/opt/ros/jazzy/share/sensor_msgs/cmake)\n'}
[3.416771] (-) TimerEvent: {}
[3.435152] (waverover_base) StdoutLine: {'line': b'running egg_info\n'}
[3.436123] (waverover_base) StdoutLine: {'line': b'creating waverover_base.egg-info\n'}
[3.472487] (waverover_base) StdoutLine: {'line': b'writing waverover_base.egg-info/PKG-INFO\n'}
[3.473200] (waverover_base) StdoutLine: {'line': b'writing dependency_links to waverover_base.egg-info/dependency_links.txt\n'}
[3.474816] (waverover_base) StdoutLine: {'line': b'writing entry points to waverover_base.egg-info/entry_points.txt\n'}
[3.475666] (waverover_base) StdoutLine: {'line': b'writing requirements to waverover_base.egg-info/requires.txt\n'}
[3.476296] (waverover_base) StdoutLine: {'line': b'writing top-level names to waverover_base.egg-info/top_level.txt\n'}
[3.476942] (waverover_base) StdoutLine: {'line': b"writing manifest file 'waverover_base.egg-info/SOURCES.txt'\n"}
[3.519566] (-) TimerEvent: {}
[3.556724] (waverover_base) StdoutLine: {'line': b"reading manifest file 'waverover_base.egg-info/SOURCES.txt'\n"}
[3.557578] (waverover_base) StdoutLine: {'line': b"writing manifest file 'waverover_base.egg-info/SOURCES.txt'\n"}
[3.597144] (waverover_base) StdoutLine: {'line': b'running build_ext\n'}
[3.598022] (waverover_base) StdoutLine: {'line': b'Creating /home/ubuntu/rb3302_final_proj_code/robot_ws/install/waverover_base/lib/python3.12/site-packages/waverover-base.egg-link (link to .)\n'}
[3.598965] (waverover_base) StdoutLine: {'line': b'Installing keyboard_teleop script to /home/ubuntu/rb3302_final_proj_code/robot_ws/install/waverover_base/lib/waverover_base\n'}
[3.599817] (waverover_base) StdoutLine: {'line': b'Installing waverover_driver script to /home/ubuntu/rb3302_final_proj_code/robot_ws/install/waverover_base/lib/waverover_base\n'}
[3.600938] (waverover_base) StdoutLine: {'line': b'\n'}
[3.602128] (waverover_base) StdoutLine: {'line': b'Installed /home/ubuntu/rb3302_final_proj_code/robot_ws/build/waverover_base\n'}
[3.603144] (waverover_base) StdoutLine: {'line': b'running symlink_data\n'}
[3.604076] (waverover_base) StdoutLine: {'line': b'creating /home/ubuntu/rb3302_final_proj_code/robot_ws/install/waverover_base/share/ament_index\n'}
[3.605079] (waverover_base) StdoutLine: {'line': b'creating /home/ubuntu/rb3302_final_proj_code/robot_ws/install/waverover_base/share/ament_index/resource_index\n'}
[3.606095] (waverover_base) StdoutLine: {'line': b'creating /home/ubuntu/rb3302_final_proj_code/robot_ws/install/waverover_base/share/ament_index/resource_index/packages\n'}
[3.607077] (waverover_base) StdoutLine: {'line': b'symbolically linking /home/ubuntu/rb3302_final_proj_code/robot_ws/build/waverover_base/resource/waverover_base -> /home/ubuntu/rb3302_final_proj_code/robot_ws/install/waverover_base/share/ament_index/resource_index/packages\n'}
[3.608280] (waverover_base) StdoutLine: {'line': b'symbolically linking /home/ubuntu/rb3302_final_proj_code/robot_ws/build/waverover_base/package.xml -> /home/ubuntu/rb3302_final_proj_code/robot_ws/install/waverover_base/share/waverover_base\n'}
[3.609378] (waverover_base) StdoutLine: {'line': b'creating /home/ubuntu/rb3302_final_proj_code/robot_ws/install/waverover_base/share/waverover_base/launch\n'}
[3.610435] (waverover_base) StdoutLine: {'line': b'symbolically linking /home/ubuntu/rb3302_final_proj_code/robot_ws/build/waverover_base/launch/driver.launch.py -> /home/ubuntu/rb3302_final_proj_code/robot_ws/install/waverover_base/share/waverover_base/launch\n'}
[3.620134] (-) TimerEvent: {}
[3.670786] (rplidar_ros) StdoutLine: {'line': b'-- Found std_srvs: 5.3.8 (/opt/ros/jazzy/share/std_srvs/cmake)\n'}
[3.705638] (waverover_base) CommandEnded: {'returncode': 0}
[3.720227] (waverover_base) JobEnded: {'identifier': 'waverover_base', 'rc': 0}
[3.722165] (-) TimerEvent: {}
[3.783380] (serial) StdoutLine: {'line': b'[100%] \x1b[32m\x1b[1mLinking CXX static library libserial.a\x1b[0m\n'}
[3.822370] (-) TimerEvent: {}
[3.873346] (rplidar_ros) StdoutLine: {'line': b'-- Configuring done (3.8s)\n'}
[3.909458] (rplidar_ros) StdoutLine: {'line': b'-- Generating done (0.0s)\n'}
[3.918666] (rplidar_ros) StdoutLine: {'line': b'-- Build files have been written to: /home/ubuntu/rb3302_final_proj_code/robot_ws/build/rplidar_ros\n'}
[3.922594] (-) TimerEvent: {}
[3.925683] (serial) StdoutLine: {'line': b'[100%] Built target serial\n'}
[3.939968] (rplidar_ros) CommandEnded: {'returncode': 0}
[3.944497] (rplidar_ros) JobProgress: {'identifier': 'rplidar_ros', 'progress': 'build'}
[3.947646] (rplidar_ros) Command: {'cmd': ['/usr/bin/cmake', '--build', '/home/ubuntu/rb3302_final_proj_code/robot_ws/build/rplidar_ros', '--', '-j8', '-l8'], 'cwd': '/home/ubuntu/rb3302_final_proj_code/robot_ws/build/rplidar_ros', 'env': OrderedDict({'USER': 'ubuntu', 'SSH_CLIENT': '10.42.0.1 50976 22', 'GZ_CONFIG_PATH': '/opt/ros/jazzy/opt/gz_sim_vendor/share/gz:/opt/ros/jazzy/opt/sdformat_vendor/share/gz:/opt/ros/jazzy/opt/gz_gui_vendor/share/gz:/opt/ros/jazzy/opt/gz_transport_vendor/share/gz:/opt/ros/jazzy/opt/gz_rendering_vendor/share/gz:/opt/ros/jazzy/opt/gz_plugin_vendor/share/gz:/opt/ros/jazzy/opt/gz_fuel_tools_vendor/share/gz:/opt/ros/jazzy/opt/gz_msgs_vendor/share/gz:/opt/ros/jazzy/opt/gz_common_vendor/share/gz', 'XDG_SESSION_TYPE': 'tty', 'SHLVL': '2', 'LD_LIBRARY_PATH': '/opt/ros/jazzy/opt/gz_sim_vendor/lib:/opt/ros/jazzy/opt/gz_sensors_vendor/lib:/opt/ros/jazzy/opt/gz_physics_vendor/lib:/opt/ros/jazzy/opt/sdformat_vendor/lib:/opt/ros/jazzy/opt/rviz_ogre_vendor/lib:/opt/ros/jazzy/lib/aarch64-linux-gnu:/opt/ros/jazzy/opt/gz_gui_vendor/lib:/opt/ros/jazzy/opt/gz_transport_vendor/lib:/opt/ros/jazzy/opt/gz_rendering_vendor/lib:/opt/ros/jazzy/opt/gz_plugin_vendor/lib:/opt/ros/jazzy/opt/gz_fuel_tools_vendor/lib:/opt/ros/jazzy/opt/gz_msgs_vendor/lib:/opt/ros/jazzy/opt/gz_common_vendor/lib:/opt/ros/jazzy/opt/gz_math_vendor/lib:/opt/ros/jazzy/opt/gz_utils_vendor/lib:/opt/ros/jazzy/opt/gz_tools_vendor/lib:/opt/ros/jazzy/opt/gz_ogre_next_vendor/lib:/opt/ros/jazzy/opt/gz_dartsim_vendor/lib:/opt/ros/jazzy/opt/gz_cmake_vendor/lib:/opt/ros/jazzy/lib', 'HOME': '/home/ubuntu', 'OLDPWD': '/home/ubuntu', 'SSH_TTY': '/dev/pts/0', 'ROS_PYTHON_VERSION': '3', 'DBUS_SESSION_BUS_ADDRESS': 'unix:path=/run/user/1000/bus', 'ROS_DISTRO': 'jazzy', 'LOGNAME': 'ubuntu', '_': '/usr/bin/colcon', 'ROS_VERSION': '2', 'XDG_SESSION_CLASS': 'user', 'TERM': 'xterm-256color', 'XDG_SESSION_ID': '1', 'PATH': '/opt/ros/jazzy/opt/gz_msgs_vendor/bin:/opt/ros/jazzy/opt/gz_tools_vendor/bin:/opt/ros/jazzy/opt/gz_ogre_next_vendor/bin:/opt/ros/jazzy/bin:/usr/local/sbin:/usr/local/bin:/usr/sbin:/usr/bin:/sbin:/bin:/usr/games:/usr/local/games:/snap/bin', 'VK_ICD_FILENAMES': '/usr/share/vulkan/icd.d/adrenovk.json', 'XDG_RUNTIME_DIR': '/run/user/1000', 'LANG': 'en_US.UTF-8', 'AMENT_PREFIX_PATH': '/opt/ros/jazzy', 'SHELL': '/bin/bash', 'ROS_AUTOMATIC_DISCOVERY_RANGE': 'SUBNET', 'PWD': '/home/ubuntu/rb3302_final_proj_code/robot_ws/build/rplidar_ros', 'QT_QPA_PLATFORM': 'wayland', 'LC_ALL': 'en_US.UTF-8', 'SSH_CONNECTION': '10.42.0.1 50976 10.42.0.126 22', 'XDG_DATA_DIRS': '/usr/local/share:/usr/share:/var/lib/snapd/desktop', 'PYTHONPATH': '/opt/ros/jazzy/lib/python3.12/site-packages', 'COLCON': '1', 'CMAKE_PREFIX_PATH': '/opt/ros/jazzy/opt/gz_sim_vendor:/opt/ros/jazzy/opt/gz_sensors_vendor:/opt/ros/jazzy/opt/gz_physics_vendor:/opt/ros/jazzy/opt/sdformat_vendor:/opt/ros/jazzy/opt/gz_gui_vendor:/opt/ros/jazzy/opt/gz_transport_vendor:/opt/ros/jazzy/opt/gz_rendering_vendor:/opt/ros/jazzy/opt/gz_plugin_vendor:/opt/ros/jazzy/opt/gz_fuel_tools_vendor:/opt/ros/jazzy/opt/gz_msgs_vendor:/opt/ros/jazzy/opt/gz_common_vendor:/opt/ros/jazzy/opt/gz_math_vendor:/opt/ros/jazzy/opt/gz_utils_vendor:/opt/ros/jazzy/opt/gz_tools_vendor:/opt/ros/jazzy/opt/gz_ogre_next_vendor:/opt/ros/jazzy/opt/gz_dartsim_vendor:/opt/ros/jazzy/opt/gz_cmake_vendor:/opt/ros/jazzy'}), 'shell': False}
[3.956522] (serial) CommandEnded: {'returncode': 0}
[3.962615] (serial) JobProgress: {'identifier': 'serial', 'progress': 'install'}
[3.964476] (serial) Command: {'cmd': ['/usr/bin/cmake', '--install', '/home/ubuntu/rb3302_final_proj_code/robot_ws/build/serial'], 'cwd': '/home/ubuntu/rb3302_final_proj_code/robot_ws/build/serial', 'env': OrderedDict({'USER': 'ubuntu', 'SSH_CLIENT': '10.42.0.1 50976 22', 'GZ_CONFIG_PATH': '/opt/ros/jazzy/opt/gz_sim_vendor/share/gz:/opt/ros/jazzy/opt/sdformat_vendor/share/gz:/opt/ros/jazzy/opt/gz_gui_vendor/share/gz:/opt/ros/jazzy/opt/gz_transport_vendor/share/gz:/opt/ros/jazzy/opt/gz_rendering_vendor/share/gz:/opt/ros/jazzy/opt/gz_plugin_vendor/share/gz:/opt/ros/jazzy/opt/gz_fuel_tools_vendor/share/gz:/opt/ros/jazzy/opt/gz_msgs_vendor/share/gz:/opt/ros/jazzy/opt/gz_common_vendor/share/gz', 'XDG_SESSION_TYPE': 'tty', 'SHLVL': '2', 'LD_LIBRARY_PATH': '/opt/ros/jazzy/opt/gz_sim_vendor/lib:/opt/ros/jazzy/opt/gz_sensors_vendor/lib:/opt/ros/jazzy/opt/gz_physics_vendor/lib:/opt/ros/jazzy/opt/sdformat_vendor/lib:/opt/ros/jazzy/opt/rviz_ogre_vendor/lib:/opt/ros/jazzy/lib/aarch64-linux-gnu:/opt/ros/jazzy/opt/gz_gui_vendor/lib:/opt/ros/jazzy/opt/gz_transport_vendor/lib:/opt/ros/jazzy/opt/gz_rendering_vendor/lib:/opt/ros/jazzy/opt/gz_plugin_vendor/lib:/opt/ros/jazzy/opt/gz_fuel_tools_vendor/lib:/opt/ros/jazzy/opt/gz_msgs_vendor/lib:/opt/ros/jazzy/opt/gz_common_vendor/lib:/opt/ros/jazzy/opt/gz_math_vendor/lib:/opt/ros/jazzy/opt/gz_utils_vendor/lib:/opt/ros/jazzy/opt/gz_tools_vendor/lib:/opt/ros/jazzy/opt/gz_ogre_next_vendor/lib:/opt/ros/jazzy/opt/gz_dartsim_vendor/lib:/opt/ros/jazzy/opt/gz_cmake_vendor/lib:/opt/ros/jazzy/lib', 'HOME': '/home/ubuntu', 'OLDPWD': '/home/ubuntu', 'SSH_TTY': '/dev/pts/0', 'ROS_PYTHON_VERSION': '3', 'DBUS_SESSION_BUS_ADDRESS': 'unix:path=/run/user/1000/bus', 'ROS_DISTRO': 'jazzy', 'LOGNAME': 'ubuntu', '_': '/usr/bin/colcon', 'ROS_VERSION': '2', 'XDG_SESSION_CLASS': 'user', 'TERM': 'xterm-256color', 'XDG_SESSION_ID': '1', 'PATH': '/opt/ros/jazzy/opt/gz_msgs_vendor/bin:/opt/ros/jazzy/opt/gz_tools_vendor/bin:/opt/ros/jazzy/opt/gz_ogre_next_vendor/bin:/opt/ros/jazzy/bin:/usr/local/sbin:/usr/local/bin:/usr/sbin:/usr/bin:/sbin:/bin:/usr/games:/usr/local/games:/snap/bin', 'VK_ICD_FILENAMES': '/usr/share/vulkan/icd.d/adrenovk.json', 'XDG_RUNTIME_DIR': '/run/user/1000', 'LANG': 'en_US.UTF-8', 'AMENT_PREFIX_PATH': '/opt/ros/jazzy', 'SHELL': '/bin/bash', 'ROS_AUTOMATIC_DISCOVERY_RANGE': 'SUBNET', 'PWD': '/home/ubuntu/rb3302_final_proj_code/robot_ws/build/serial', 'QT_QPA_PLATFORM': 'wayland', 'LC_ALL': 'en_US.UTF-8', 'SSH_CONNECTION': '10.42.0.1 50976 10.42.0.126 22', 'XDG_DATA_DIRS': '/usr/local/share:/usr/share:/var/lib/snapd/desktop', 'PYTHONPATH': '/opt/ros/jazzy/lib/python3.12/site-packages', 'COLCON': '1', 'CMAKE_PREFIX_PATH': '/opt/ros/jazzy/opt/gz_sim_vendor:/opt/ros/jazzy/opt/gz_sensors_vendor:/opt/ros/jazzy/opt/gz_physics_vendor:/opt/ros/jazzy/opt/sdformat_vendor:/opt/ros/jazzy/opt/gz_gui_vendor:/opt/ros/jazzy/opt/gz_transport_vendor:/opt/ros/jazzy/opt/gz_rendering_vendor:/opt/ros/jazzy/opt/gz_plugin_vendor:/opt/ros/jazzy/opt/gz_fuel_tools_vendor:/opt/ros/jazzy/opt/gz_msgs_vendor:/opt/ros/jazzy/opt/gz_common_vendor:/opt/ros/jazzy/opt/gz_math_vendor:/opt/ros/jazzy/opt/gz_utils_vendor:/opt/ros/jazzy/opt/gz_tools_vendor:/opt/ros/jazzy/opt/gz_ogre_next_vendor:/opt/ros/jazzy/opt/gz_dartsim_vendor:/opt/ros/jazzy/opt/gz_cmake_vendor:/opt/ros/jazzy'}), 'shell': False}
[3.979115] (serial) StdoutLine: {'line': b'-- Install configuration: ""\n'}
[3.980766] (serial) StdoutLine: {'line': b'-- Execute custom install script\n'}
[3.982025] (serial) StdoutLine: {'line': b'-- Symlinking: /home/ubuntu/rb3302_final_proj_code/robot_ws/install/serial/lib/libserial.a\n'}
[3.997691] (serial) StdoutLine: {'line': b'-- Symlinking: /home/ubuntu/rb3302_final_proj_code/robot_ws/install/serial/share/serial/environment/library_path.sh\n'}
[4.014850] (serial) StdoutLine: {'line': b'-- Symlinking: /home/ubuntu/rb3302_final_proj_code/robot_ws/install/serial/share/serial/environment/library_path.dsv\n'}
[4.022880] (-) TimerEvent: {}
[4.032320] (serial) StdoutLine: {'line': b'-- Symlinking: /home/ubuntu/rb3302_final_proj_code/robot_ws/install/serial/include/serial/impl/unix.h\n'}
[4.047746] (serial) StdoutLine: {'line': b'-- Symlinking: /home/ubuntu/rb3302_final_proj_code/robot_ws/install/serial/include/serial/impl/win.h\n'}
[4.064438] (serial) StdoutLine: {'line': b'-- Symlinking: /home/ubuntu/rb3302_final_proj_code/robot_ws/install/serial/include/serial/serial.h\n'}
[4.081742] (serial) StdoutLine: {'line': b'-- Symlinking: /home/ubuntu/rb3302_final_proj_code/robot_ws/install/serial/include/serial/v8stdint.h\n'}
[4.094688] (yesense_interface) StdoutLine: {'line': b'-- Found ament_cmake_ros: 0.12.1 (/opt/ros/jazzy/share/ament_cmake_ros/cmake)\n'}
[4.096015] (serial) StdoutLine: {'line': b'-- Symlinking: /home/ubuntu/rb3302_final_proj_code/robot_ws/install/serial/share/ament_index/resource_index/package_run_dependencies/serial\n'}
[4.109966] (serial) StdoutLine: {'line': b'-- Symlinking: /home/ubuntu/rb3302_final_proj_code/robot_ws/install/serial/share/ament_index/resource_index/parent_prefix_path/serial\n'}
[4.122985] (-) TimerEvent: {}
[4.126590] (serial) StdoutLine: {'line': b'-- Symlinking: /home/ubuntu/rb3302_final_proj_code/robot_ws/install/serial/share/serial/environment/ament_prefix_path.sh\n'}
[4.133509] (rplidar_ros) StdoutLine: {'line': b'[  2%] \x1b[32mBuilding CXX object CMakeFiles/rplidar_node.dir/sdk/src/arch/linux/net_socket.cpp.o\x1b[0m\n'}
[4.133833] (rplidar_ros) StdoutLine: {'line': b'[  5%] \x1b[32mBuilding CXX object CMakeFiles/rplidar_node.dir/sdk/src/arch/linux/net_serial.cpp.o\x1b[0m\n'}
[4.134141] (rplidar_ros) StdoutLine: {'line': b'[  7%] \x1b[32mBuilding CXX object CMakeFiles/rplidar_client.dir/src/rplidar_client.cpp.o\x1b[0m\n'}
[4.154337] (serial) StdoutLine: {'line': b'-- Symlinking: /home/ubuntu/rb3302_final_proj_code/robot_ws/install/serial/share/serial/environment/ament_prefix_path.dsv\n'}
[4.155245] (rplidar_ros) StdoutLine: {'line': b'[ 10%] \x1b[32mBuilding CXX object CMakeFiles/rplidar_composition.dir/sdk/src/arch/linux/net_serial.cpp.o\x1b[0m\n'}
[4.158707] (rplidar_ros) StdoutLine: {'line': b'[ 13%] \x1b[32mBuilding CXX object CMakeFiles/rplidar_node.dir/src/rplidar_node.cpp.o\x1b[0m\n'}
[4.163569] (rplidar_ros) StdoutLine: {'line': b'[ 15%] \x1b[32mBuilding CXX object CMakeFiles/rplidar_composition.dir/src/rplidar_node.cpp.o\x1b[0m\n'}
[4.166175] (rplidar_ros) StdoutLine: {'line': b'[ 18%] \x1b[32mBuilding CXX object CMakeFiles/rplidar_node.dir/sdk/src/dataunpacker/dataunpacker.cpp.o\x1b[0m\n'}
[4.173708] (serial) StdoutLine: {'line': b'-- Symlinking: /home/ubuntu/rb3302_final_proj_code/robot_ws/install/serial/share/serial/environment/path.sh\n'}
[4.208198] (rplidar_ros) StdoutLine: {'line': b'[ 21%] \x1b[32mBuilding CXX object CMakeFiles/rplidar_node.dir/sdk/src/arch/linux/timer.cpp.o\x1b[0m\n'}
[4.223114] (-) TimerEvent: {}
[4.244814] (serial) StdoutLine: {'line': b'-- Symlinking: /home/ubuntu/rb3302_final_proj_code/robot_ws/install/serial/share/serial/environment/path.dsv\n'}
[4.277474] (serial) StdoutLine: {'line': b'-- Symlinking: /home/ubuntu/rb3302_final_proj_code/robot_ws/install/serial/share/serial/local_setup.bash\n'}
[4.312833] (serial) StdoutLine: {'line': b'-- Symlinking: /home/ubuntu/rb3302_final_proj_code/robot_ws/install/serial/share/serial/local_setup.sh\n'}
[4.323251] (-) TimerEvent: {}
[4.345595] (serial) StdoutLine: {'line': b'-- Symlinking: /home/ubuntu/rb3302_final_proj_code/robot_ws/install/serial/share/serial/local_setup.zsh\n'}
[4.372203] (serial) StdoutLine: {'line': b'-- Symlinking: /home/ubuntu/rb3302_final_proj_code/robot_ws/install/serial/share/serial/local_setup.dsv\n'}
[4.389910] (serial) StdoutLine: {'line': b'-- Symlinking: /home/ubuntu/rb3302_final_proj_code/robot_ws/install/serial/share/serial/package.dsv\n'}
[4.423379] (-) TimerEvent: {}
[4.423954] (serial) StdoutLine: {'line': b'-- Symlinking: /home/ubuntu/rb3302_final_proj_code/robot_ws/install/serial/share/ament_index/resource_index/packages/serial\n'}
[4.454318] (serial) StdoutLine: {'line': b'-- Symlinking: /home/ubuntu/rb3302_final_proj_code/robot_ws/install/serial/share/serial/cmake/ament_cmake_export_include_directories-extras.cmake\n'}
[4.485377] (serial) StdoutLine: {'line': b'-- Symlinking: /home/ubuntu/rb3302_final_proj_code/robot_ws/install/serial/share/serial/cmake/ament_cmake_export_libraries-extras.cmake\n'}
[4.503904] (serial) StdoutLine: {'line': b'-- Symlinking: /home/ubuntu/rb3302_final_proj_code/robot_ws/install/serial/share/serial/cmake/ament_cmake_export_dependencies-extras.cmake\n'}
[4.521337] (serial) StdoutLine: {'line': b'-- Symlinking: /home/ubuntu/rb3302_final_proj_code/robot_ws/install/serial/share/serial/cmake/serialConfig.cmake\n'}
[4.525565] (-) TimerEvent: {}
[4.551265] (serial) StdoutLine: {'line': b'-- Symlinking: /home/ubuntu/rb3302_final_proj_code/robot_ws/install/serial/share/serial/cmake/serialConfig-version.cmake\n'}
[4.585046] (serial) StdoutLine: {'line': b'-- Symlinking: /home/ubuntu/rb3302_final_proj_code/robot_ws/install/serial/share/serial/package.xml\n'}
[4.629630] (serial) CommandEnded: {'returncode': 0}
[4.630346] (-) TimerEvent: {}
[4.682588] (serial) JobEnded: {'identifier': 'serial', 'rc': 0}
[4.730504] (-) TimerEvent: {}
[4.830892] (-) TimerEvent: {}
[4.926150] (rplidar_ros) StderrLine: {'line': b'\x1b[01m\x1b[K/home/ubuntu/rb3302_final_proj_code/robot_ws/src/rplidar_ros/sdk/src/arch/linux/net_serial.cpp:\x1b[m\x1b[K In member function \xe2\x80\x98\x1b[01m\x1b[Kbool rp::arch::net::raw_serial::\x1b[01;32m\x1b[Kopen\x1b[m\x1b[K(const char*, uint32_t, uint32_t)\x1b[m\x1b[K\xe2\x80\x99:\n'}
[4.926786] (rplidar_ros) StderrLine: {'line': b'\x1b[01m\x1b[K/home/ubuntu/rb3302_final_proj_code/robot_ws/src/rplidar_ros/sdk/src/arch/linux/net_serial.cpp:97:74:\x1b[m\x1b[K \x1b[01;35m\x1b[Kwarning: \x1b[m\x1b[Kunused parameter \xe2\x80\x98\x1b[01m\x1b[Kflags\x1b[m\x1b[K\xe2\x80\x99 [\x1b[01;35m\x1b[K\x1b]8;;https://gcc.gnu.org/onlinedocs/gcc/Warning-Options.html#index-Wunused-parameter\x07-Wunused-parameter\x1b]8;;\x07\x1b[m\x1b[K]\n'}
[4.927102] (rplidar_ros) StderrLine: {'line': b'   97 | bool raw_serial::open(const char * portname, uint32_t baudrate, \x1b[01;35m\x1b[Kuint32_t flags\x1b[m\x1b[K)\n'}
[4.927637] (rplidar_ros) StderrLine: {'line': b'      |                                                                 \x1b[01;35m\x1b[K~~~~~~~~~^~~~~\x1b[m\x1b[K\n'}
[4.929651] (rplidar_ros) StderrLine: {'line': b'\x1b[01m\x1b[K/home/ubuntu/rb3302_final_proj_code/robot_ws/src/rplidar_ros/sdk/src/arch/linux/net_serial.cpp:\x1b[m\x1b[K In member function \xe2\x80\x98\x1b[01m\x1b[Kvirtual void rp::arch::net::raw_serial::\x1b[01;32m\x1b[Kflush\x1b[m\x1b[K(_u32)\x1b[m\x1b[K\xe2\x80\x99:\n'}
[4.929969] (rplidar_ros) StderrLine: {'line': b'\x1b[01m\x1b[K/home/ubuntu/rb3302_final_proj_code/robot_ws/src/rplidar_ros/sdk/src/arch/linux/net_serial.cpp:281:30:\x1b[m\x1b[K \x1b[01;35m\x1b[Kwarning: \x1b[m\x1b[Kunused parameter \xe2\x80\x98\x1b[01m\x1b[Kflags\x1b[m\x1b[K\xe2\x80\x99 [\x1b[01;35m\x1b[K\x1b]8;;https://gcc.gnu.org/onlinedocs/gcc/Warning-Options.html#index-Wunused-parameter\x07-Wunused-parameter\x1b]8;;\x07\x1b[m\x1b[K]\n'}
[4.930133] (rplidar_ros) StderrLine: {'line': b'  281 | void raw_serial::flush( \x1b[01;35m\x1b[K_u32 flags\x1b[m\x1b[K)\n'}
[4.930265] (rplidar_ros) StderrLine: {'line': b'      |                         \x1b[01;35m\x1b[K~~~~~^~~~~\x1b[m\x1b[K\n'}
[4.930450] (rplidar_ros) StderrLine: {'line': b'\x1b[01m\x1b[K/home/ubuntu/rb3302_final_proj_code/robot_ws/src/rplidar_ros/sdk/src/arch/linux/net_serial.cpp:\x1b[m\x1b[K In member function \xe2\x80\x98\x1b[01m\x1b[Kvirtual int rp::arch::net::raw_serial::\x1b[01;32m\x1b[Kwaitforsent\x1b[m\x1b[K(_u32, size_t*)\x1b[m\x1b[K\xe2\x80\x99:\n'}
[4.930578] (rplidar_ros) StderrLine: {'line': b'\x1b[01m\x1b[K/home/ubuntu/rb3302_final_proj_code/robot_ws/src/rplidar_ros/sdk/src/arch/linux/net_serial.cpp:286:34:\x1b[m\x1b[K \x1b[01;35m\x1b[Kwarning: \x1b[m\x1b[Kunused parameter \xe2\x80\x98\x1b[01m\x1b[Ktimeout\x1b[m\x1b[K\xe2\x80\x99 [\x1b[01;35m\x1b[K\x1b]8;;https://gcc.gnu.org/onlinedocs/gcc/Warning-Options.html#index-Wunused-parameter\x07-Wunused-parameter\x1b]8;;\x07\x1b[m\x1b[K]\n'}
[4.930688] (rplidar_ros) StderrLine: {'line': b'  286 | int raw_serial::waitforsent(\x1b[01;35m\x1b[K_u32 timeout\x1b[m\x1b[K, size_t * returned_size)\n'}
[4.930787] (rplidar_ros) StderrLine: {'line': b'      |                             \x1b[01;35m\x1b[K~~~~~^~~~~~~\x1b[m\x1b[K\n'}
[4.930885] (-) TimerEvent: {}
[4.934565] (rplidar_ros) StderrLine: {'line': b'\x1b[01m\x1b[K/home/ubuntu/rb3302_final_proj_code/robot_ws/src/rplidar_ros/sdk/src/arch/linux/net_serial.cpp:\x1b[m\x1b[K In member function \xe2\x80\x98\x1b[01m\x1b[Kvirtual int rp::arch::net::raw_serial::\x1b[01;32m\x1b[Kwaitforrecv\x1b[m\x1b[K(_u32, size_t*)\x1b[m\x1b[K\xe2\x80\x99:\n'}
[4.934857] (rplidar_ros) StderrLine: {'line': b'\x1b[01m\x1b[K/home/ubuntu/rb3302_final_proj_code/robot_ws/src/rplidar_ros/sdk/src/arch/linux/net_serial.cpp:292:34:\x1b[m\x1b[K \x1b[01;35m\x1b[Kwarning: \x1b[m\x1b[Kunused parameter \xe2\x80\x98\x1b[01m\x1b[Ktimeout\x1b[m\x1b[K\xe2\x80\x99 [\x1b[01;35m\x1b[K\x1b]8;;https://gcc.gnu.org/onlinedocs/gcc/Warning-Options.html#index-Wunused-parameter\x07-Wunused-parameter\x1b]8;;\x07\x1b[m\x1b[K]\n'}
[4.934993] (rplidar_ros) StderrLine: {'line': b'  292 | int raw_serial::waitforrecv(\x1b[01;35m\x1b[K_u32 timeout\x1b[m\x1b[K, size_t * returned_size)\n'}
[4.935115] (rplidar_ros) StderrLine: {'line': b'      |                             \x1b[01;35m\x1b[K~~~~~^~~~~~~\x1b[m\x1b[K\n'}
[4.935217] (rplidar_ros) StderrLine: {'line': b'\x1b[01m\x1b[K/home/ubuntu/rb3302_final_proj_code/robot_ws/src/rplidar_ros/sdk/src/arch/linux/net_serial.cpp:\x1b[m\x1b[K In member function \xe2\x80\x98\x1b[01m\x1b[Kvirtual void rp::arch::net::raw_serial::\x1b[01;32m\x1b[KcancelOperation\x1b[m\x1b[K()\x1b[m\x1b[K\xe2\x80\x99:\n'}
[4.935341] (rplidar_ros) StderrLine: {'line': b'\x1b[01m\x1b[K/home/ubuntu/rb3302_final_proj_code/robot_ws/src/rplidar_ros/sdk/src/arch/linux/net_serial.cpp:427:5:\x1b[m\x1b[K \x1b[01;35m\x1b[Kwarning: \x1b[m\x1b[Kvalue computed is not used [\x1b[01;35m\x1b[K\x1b]8;;https://gcc.gnu.org/onlinedocs/gcc/Warning-Options.html#index-Wunused-value\x07-Wunused-value\x1b]8;;\x07\x1b[m\x1b[K]\n'}
[4.935511] (rplidar_ros) StderrLine: {'line': b'  427 |     \x1b[01;35m\x1b[K(int)::write(_selfpipe[1], "x", 1)\x1b[m\x1b[K;\n'}
[4.935634] (rplidar_ros) StderrLine: {'line': b'      |     \x1b[01;35m\x1b[K^~~~~~~~~~~~~~~~~~~~~~~~~~~~~~~~~~\x1b[m\x1b[K\n'}
[5.031045] (-) TimerEvent: {}
[5.112799] (rplidar_ros) StdoutLine: {'line': b'[ 23%] \x1b[32mBuilding CXX object CMakeFiles/rplidar_composition.dir/sdk/src/arch/linux/net_socket.cpp.o\x1b[0m\n'}
[5.114275] (rplidar_ros) StdoutLine: {'line': b'[ 26%] \x1b[32mBuilding CXX object CMakeFiles/rplidar_node.dir/sdk/src/dataunpacker/unpacker/handler_capsules.cpp.o\x1b[0m\n'}
[5.131248] (-) TimerEvent: {}
[5.196686] (rplidar_ros) StderrLine: {'line': b'\x1b[01m\x1b[K/home/ubuntu/rb3302_final_proj_code/robot_ws/src/rplidar_ros/sdk/src/arch/linux/net_serial.cpp:\x1b[m\x1b[K In member function \xe2\x80\x98\x1b[01m\x1b[Kbool rp::arch::net::raw_serial::\x1b[01;32m\x1b[Kopen\x1b[m\x1b[K(const char*, uint32_t, uint32_t)\x1b[m\x1b[K\xe2\x80\x99:\n'}
[5.196984] (rplidar_ros) StderrLine: {'line': b'\x1b[01m\x1b[K/home/ubuntu/rb3302_final_proj_code/robot_ws/src/rplidar_ros/sdk/src/arch/linux/net_serial.cpp:97:74:\x1b[m\x1b[K \x1b[01;35m\x1b[Kwarning: \x1b[m\x1b[Kunused parameter \xe2\x80\x98\x1b[01m\x1b[Kflags\x1b[m\x1b[K\xe2\x80\x99 [\x1b[01;35m\x1b[K\x1b]8;;https://gcc.gnu.org/onlinedocs/gcc/Warning-Options.html#index-Wunused-parameter\x07-Wunused-parameter\x1b]8;;\x07\x1b[m\x1b[K]\n'}
[5.197134] (rplidar_ros) StderrLine: {'line': b'   97 | bool raw_serial::open(const char * portname, uint32_t baudrate, \x1b[01;35m\x1b[Kuint32_t flags\x1b[m\x1b[K)\n'}
[5.197259] (rplidar_ros) StderrLine: {'line': b'      |                                                                 \x1b[01;35m\x1b[K~~~~~~~~~^~~~~\x1b[m\x1b[K\n'}
[5.199583] (rplidar_ros) StderrLine: {'line': b'\x1b[01m\x1b[K/home/ubuntu/rb3302_final_proj_code/robot_ws/src/rplidar_ros/sdk/src/arch/linux/net_serial.cpp:\x1b[m\x1b[K In member function \xe2\x80\x98\x1b[01m\x1b[Kvirtual void rp::arch::net::raw_serial::\x1b[01;32m\x1b[Kflush\x1b[m\x1b[K(_u32)\x1b[m\x1b[K\xe2\x80\x99:\n'}
[5.199880] (rplidar_ros) StderrLine: {'line': b'\x1b[01m\x1b[K/home/ubuntu/rb3302_final_proj_code/robot_ws/src/rplidar_ros/sdk/src/arch/linux/net_serial.cpp:281:30:\x1b[m\x1b[K \x1b[01;35m\x1b[Kwarning: \x1b[m\x1b[Kunused parameter \xe2\x80\x98\x1b[01m\x1b[Kflags\x1b[m\x1b[K\xe2\x80\x99 [\x1b[01;35m\x1b[K\x1b]8;;https://gcc.gnu.org/onlinedocs/gcc/Warning-Options.html#index-Wunused-parameter\x07-Wunused-parameter\x1b]8;;\x07\x1b[m\x1b[K]\n'}
[5.200017] (rplidar_ros) StderrLine: {'line': b'  281 | void raw_serial::flush( \x1b[01;35m\x1b[K_u32 flags\x1b[m\x1b[K)\n'}
[5.200125] (rplidar_ros) StderrLine: {'line': b'      |                         \x1b[01;35m\x1b[K~~~~~^~~~~\x1b[m\x1b[K\n'}
[5.202539] (rplidar_ros) StderrLine: {'line': b'\x1b[01m\x1b[K/home/ubuntu/rb3302_final_proj_code/robot_ws/src/rplidar_ros/sdk/src/arch/linux/net_serial.cpp:\x1b[m\x1b[K In member function \xe2\x80\x98\x1b[01m\x1b[Kvirtual int rp::arch::net::raw_serial::\x1b[01;32m\x1b[Kwaitforsent\x1b[m\x1b[K(_u32, size_t*)\x1b[m\x1b[K\xe2\x80\x99:\n'}
[5.202858] (rplidar_ros) StderrLine: {'line': b'\x1b[01m\x1b[K/home/ubuntu/rb3302_final_proj_code/robot_ws/src/rplidar_ros/sdk/src/arch/linux/net_serial.cpp:286:34:\x1b[m\x1b[K \x1b[01;35m\x1b[Kwarning: \x1b[m\x1b[Kunused parameter \xe2\x80\x98\x1b[01m\x1b[Ktimeout\x1b[m\x1b[K\xe2\x80\x99 [\x1b[01;35m\x1b[K\x1b]8;;https://gcc.gnu.org/onlinedocs/gcc/Warning-Options.html#index-Wunused-parameter\x07-Wunused-parameter\x1b]8;;\x07\x1b[m\x1b[K]\n'}
[5.203034] (rplidar_ros) StderrLine: {'line': b'  286 | int raw_serial::waitforsent(\x1b[01;35m\x1b[K_u32 timeout\x1b[m\x1b[K, size_t * returned_size)\n'}
[5.203152] (rplidar_ros) StderrLine: {'line': b'      |                             \x1b[01;35m\x1b[K~~~~~^~~~~~~\x1b[m\x1b[K\n'}
[5.203255] (rplidar_ros) StderrLine: {'line': b'\x1b[01m\x1b[K/home/ubuntu/rb3302_final_proj_code/robot_ws/src/rplidar_ros/sdk/src/arch/linux/net_serial.cpp:\x1b[m\x1b[K In member function \xe2\x80\x98\x1b[01m\x1b[Kvirtual int rp::arch::net::raw_serial::\x1b[01;32m\x1b[Kwaitforrecv\x1b[m\x1b[K(_u32, size_t*)\x1b[m\x1b[K\xe2\x80\x99:\n'}
[5.203358] (rplidar_ros) StderrLine: {'line': b'\x1b[01m\x1b[K/home/ubuntu/rb3302_final_proj_code/robot_ws/src/rplidar_ros/sdk/src/arch/linux/net_serial.cpp:292:34:\x1b[m\x1b[K \x1b[01;35m\x1b[Kwarning: \x1b[m\x1b[Kunused parameter \xe2\x80\x98\x1b[01m\x1b[Ktimeout\x1b[m\x1b[K\xe2\x80\x99 [\x1b[01;35m\x1b[K\x1b]8;;https://gcc.gnu.org/onlinedocs/gcc/Warning-Options.html#index-Wunused-parameter\x07-Wunused-parameter\x1b]8;;\x07\x1b[m\x1b[K]\n'}
[5.203603] (rplidar_ros) StderrLine: {'line': b'  292 | int raw_serial::waitforrecv(\x1b[01;35m\x1b[K_u32 timeout\x1b[m\x1b[K, size_t * returned_size)\n'}
[5.203723] (rplidar_ros) StderrLine: {'line': b'      |                             \x1b[01;35m\x1b[K~~~~~^~~~~~~\x1b[m\x1b[K\n'}
[5.208466] (rplidar_ros) StderrLine: {'line': b'\x1b[01m\x1b[K/home/ubuntu/rb3302_final_proj_code/robot_ws/src/rplidar_ros/sdk/src/arch/linux/net_serial.cpp:\x1b[m\x1b[K In member function \xe2\x80\x98\x1b[01m\x1b[Kvirtual void rp::arch::net::raw_serial::\x1b[01;32m\x1b[KcancelOperation\x1b[m\x1b[K()\x1b[m\x1b[K\xe2\x80\x99:\n'}
[5.208769] (rplidar_ros) StderrLine: {'line': b'\x1b[01m\x1b[K/home/ubuntu/rb3302_final_proj_code/robot_ws/src/rplidar_ros/sdk/src/arch/linux/net_serial.cpp:427:5:\x1b[m\x1b[K \x1b[01;35m\x1b[Kwarning: \x1b[m\x1b[Kvalue computed is not used [\x1b[01;35m\x1b[K\x1b]8;;https://gcc.gnu.org/onlinedocs/gcc/Warning-Options.html#index-Wunused-value\x07-Wunused-value\x1b]8;;\x07\x1b[m\x1b[K]\n'}
[5.208905] (rplidar_ros) StderrLine: {'line': b'  427 |     \x1b[01;35m\x1b[K(int)::write(_selfpipe[1], "x", 1)\x1b[m\x1b[K;\n'}
[5.209014] (rplidar_ros) StderrLine: {'line': b'      |     \x1b[01;35m\x1b[K^~~~~~~~~~~~~~~~~~~~~~~~~~~~~~~~~~\x1b[m\x1b[K\n'}
[5.232721] (-) TimerEvent: {}
[5.282579] (yesense_interface) StdoutLine: {'line': b'-- Using all available rosidl_typesupport_c: rosidl_typesupport_fastrtps_c;rosidl_typesupport_introspection_c\n'}
[5.332868] (-) TimerEvent: {}
[5.433371] (-) TimerEvent: {}
[5.448348] (rplidar_ros) StderrLine: {'line': b'In file included from \x1b[01m\x1b[K/home/ubuntu/rb3302_final_proj_code/robot_ws/src/rplidar_ros/sdk/include/rplidar_protocol.h:36\x1b[m\x1b[K,\n'}
[5.448743] (rplidar_ros) StderrLine: {'line': b'                 from \x1b[01m\x1b[K/home/ubuntu/rb3302_final_proj_code/robot_ws/src/rplidar_ros/sdk/include/rplidar.h:39\x1b[m\x1b[K,\n'}
[5.448853] (rplidar_ros) StderrLine: {'line': b'                 from \x1b[01m\x1b[K/home/ubuntu/rb3302_final_proj_code/robot_ws/src/rplidar_ros/sdk/src/sdkcommon.h:49\x1b[m\x1b[K,\n'}
[5.448946] (rplidar_ros) StderrLine: {'line': b'                 from \x1b[01m\x1b[K/home/ubuntu/rb3302_final_proj_code/robot_ws/src/rplidar_ros/sdk/src/dataunpacker/dataunnpacker_commondef.h:41\x1b[m\x1b[K,\n'}
[5.449037] (rplidar_ros) StderrLine: {'line': b'                 from \x1b[01m\x1b[K/home/ubuntu/rb3302_final_proj_code/robot_ws/src/rplidar_ros/sdk/src/dataunpacker/dataunpacker.cpp:39\x1b[m\x1b[K:\n'}
[5.449126] (rplidar_ros) StderrLine: {'line': b'\x1b[01m\x1b[K/home/ubuntu/rb3302_final_proj_code/robot_ws/src/rplidar_ros/sdk/include/sl_lidar_protocol.h:66:16:\x1b[m\x1b[K \x1b[01;35m\x1b[Kwarning: \x1b[m\x1b[KISO C++ forbids zero-size array \xe2\x80\x98\x1b[01m\x1b[Kdata\x1b[m\x1b[K\xe2\x80\x99 [\x1b[01;35m\x1b[K\x1b]8;;https://gcc.gnu.org/onlinedocs/gcc/Warning-Options.html#index-Wpedantic\x07-Wpedantic\x1b]8;;\x07\x1b[m\x1b[K]\n'}
[5.449254] (rplidar_ros) StderrLine: {'line': b'   66 |     sl_u8 data[\x1b[01;35m\x1b[K0\x1b[m\x1b[K];\n'}
[5.449699] (rplidar_ros) StderrLine: {'line': b'      |                \x1b[01;35m\x1b[K^\x1b[m\x1b[K\n'}
[5.449849] (rplidar_ros) StderrLine: {'line': b'In file included from \x1b[01m\x1b[K/home/ubuntu/rb3302_final_proj_code/robot_ws/src/rplidar_ros/sdk/include/rplidar_cmd.h:36\x1b[m\x1b[K,\n'}
[5.449944] (rplidar_ros) StderrLine: {'line': b'                 from \x1b[01m\x1b[K/home/ubuntu/rb3302_final_proj_code/robot_ws/src/rplidar_ros/sdk/include/rplidar.h:40\x1b[m\x1b[K:\n'}
[5.450058] (rplidar_ros) StderrLine: {'line': b'\x1b[01m\x1b[K/home/ubuntu/rb3302_final_proj_code/robot_ws/src/rplidar_ros/sdk/include/sl_lidar_cmd.h:324:20:\x1b[m\x1b[K \x1b[01;35m\x1b[Kwarning: \x1b[m\x1b[KISO C++ forbids zero-size array \xe2\x80\x98\x1b[01m\x1b[Kpayload\x1b[m\x1b[K\xe2\x80\x99 [\x1b[01;35m\x1b[K\x1b]8;;https://gcc.gnu.org/onlinedocs/gcc/Warning-Options.html#index-Wpedantic\x07-Wpedantic\x1b]8;;\x07\x1b[m\x1b[K]\n'}
[5.450155] (rplidar_ros) StderrLine: {'line': b'  324 |     sl_u8  payload[\x1b[01;35m\x1b[K0\x1b[m\x1b[K];\n'}
[5.450243] (rplidar_ros) StderrLine: {'line': b'      |                    \x1b[01;35m\x1b[K^\x1b[m\x1b[K\n'}
[5.533527] (-) TimerEvent: {}
[5.633911] (-) TimerEvent: {}
[5.645100] (rplidar_ros) StderrLine: {'line': b'In file included from \x1b[01m\x1b[K/home/ubuntu/rb3302_final_proj_code/robot_ws/src/rplidar_ros/sdk/src/dataunpacker/dataunpacker.cpp:40\x1b[m\x1b[K:\n'}
[5.645444] (rplidar_ros) StderrLine: {'line': b'\x1b[01m\x1b[K/home/ubuntu/rb3302_final_proj_code/robot_ws/src/rplidar_ros/sdk/src/dataunpacker/dataunpacker.h:\x1b[m\x1b[K In member function \xe2\x80\x98\x1b[01m\x1b[Kvirtual void sl::internal::LIDARSampleDataListener::\x1b[01;32m\x1b[KonCustomSampleDataDecoded\x1b[m\x1b[K(_u8, _u32, const void*, size_t)\x1b[m\x1b[K\xe2\x80\x99:\n'}
[5.645623] (rplidar_ros) StderrLine: {'line': b'\x1b[01m\x1b[K/home/ubuntu/rb3302_final_proj_code/robot_ws/src/rplidar_ros/sdk/src/dataunpacker/dataunpacker.h:54:52:\x1b[m\x1b[K \x1b[01;35m\x1b[Kwarning: \x1b[m\x1b[Kunused parameter \xe2\x80\x98\x1b[01m\x1b[KansType\x1b[m\x1b[K\xe2\x80\x99 [\x1b[01;35m\x1b[K\x1b]8;;https://gcc.gnu.org/onlinedocs/gcc/Warning-Options.html#index-Wunused-parameter\x07-Wunused-parameter\x1b]8;;\x07\x1b[m\x1b[K]\n'}
[5.645765] (rplidar_ros) StderrLine: {'line': b'   54 |         virtual void onCustomSampleDataDecoded(\x1b[01;35m\x1b[K_u8 ansType\x1b[m\x1b[K, _u32 customCode, const void* data, size_t size) {}\n'}
[5.645864] (rplidar_ros) StderrLine: {'line': b'      |                                                \x1b[01;35m\x1b[K~~~~^~~~~~~\x1b[m\x1b[K\n'}
[5.651614] (rplidar_ros) StderrLine: {'line': b'\x1b[01m\x1b[K/home/ubuntu/rb3302_final_proj_code/robot_ws/src/rplidar_ros/sdk/src/dataunpacker/dataunpacker.h:54:66:\x1b[m\x1b[K \x1b[01;35m\x1b[Kwarning: \x1b[m\x1b[Kunused parameter \xe2\x80\x98\x1b[01m\x1b[KcustomCode\x1b[m\x1b[K\xe2\x80\x99 [\x1b[01;35m\x1b[K\x1b]8;;https://gcc.gnu.org/onlinedocs/gcc/Warning-Options.html#index-Wunused-parameter\x07-Wunused-parameter\x1b]8;;\x07\x1b[m\x1b[K]\n'}
[5.651902] (rplidar_ros) StderrLine: {'line': b'   54 |         virtual void onCustomSampleDataDecoded(_u8 ansType, \x1b[01;35m\x1b[K_u32 customCode\x1b[m\x1b[K, const void* data, size_t size) {}\n'}
[5.652019] (rplidar_ros) StderrLine: {'line': b'      |                                                             \x1b[01;35m\x1b[K~~~~~^~~~~~~~~~\x1b[m\x1b[K\n'}
[5.652116] (rplidar_ros) StderrLine: {'line': b'\x1b[01m\x1b[K/home/ubuntu/rb3302_final_proj_code/robot_ws/src/rplidar_ros/sdk/src/dataunpacker/dataunpacker.h:54:90:\x1b[m\x1b[K \x1b[01;35m\x1b[Kwarning: \x1b[m\x1b[Kunused parameter \xe2\x80\x98\x1b[01m\x1b[Kdata\x1b[m\x1b[K\xe2\x80\x99 [\x1b[01;35m\x1b[K\x1b]8;;https://gcc.gnu.org/onlinedocs/gcc/Warning-Options.html#index-Wunused-parameter\x07-Wunused-parameter\x1b]8;;\x07\x1b[m\x1b[K]\n'}
[5.652217] (rplidar_ros) StderrLine: {'line': b'   54 |         virtual void onCustomSampleDataDecoded(_u8 ansType, _u32 customCode, \x1b[01;35m\x1b[Kconst void* data\x1b[m\x1b[K, size_t size) {}\n'}
[5.652309] (rplidar_ros) StderrLine: {'line': b'      |                                                                              \x1b[01;35m\x1b[K~~~~~~~~~~~~^~~~\x1b[m\x1b[K\n'}
[5.652489] (rplidar_ros) StderrLine: {'line': b'\x1b[01m\x1b[K/home/ubuntu/rb3302_final_proj_code/robot_ws/src/rplidar_ros/sdk/src/dataunpacker/dataunpacker.h:54:103:\x1b[m\x1b[K \x1b[01;35m\x1b[Kwarning: \x1b[m\x1b[Kunused parameter \xe2\x80\x98\x1b[01m\x1b[Ksize\x1b[m\x1b[K\xe2\x80\x99 [\x1b[01;35m\x1b[K\x1b]8;;https://gcc.gnu.org/onlinedocs/gcc/Warning-Options.html#index-Wunused-parameter\x07-Wunused-parameter\x1b]8;;\x07\x1b[m\x1b[K]\n'}
[5.652602] (rplidar_ros) StderrLine: {'line': b'   54 |         virtual void onCustomSampleDataDecoded(_u8 ansType, _u32 customCode, const void* data, \x1b[01;35m\x1b[Ksize_t size\x1b[m\x1b[K) {}\n'}
[5.652693] (rplidar_ros) StderrLine: {'line': b'      |                                                                                                \x1b[01;35m\x1b[K~~~~~~~^~~~\x1b[m\x1b[K\n'}
[5.652780] (rplidar_ros) StderrLine: {'line': b'\x1b[01m\x1b[K/home/ubuntu/rb3302_final_proj_code/robot_ws/src/rplidar_ros/sdk/src/dataunpacker/dataunpacker.h:\x1b[m\x1b[K In member function \xe2\x80\x98\x1b[01m\x1b[Kvirtual void sl::internal::LIDARSampleDataListener::\x1b[01;32m\x1b[KonDecodingError\x1b[m\x1b[K(int, _u8, const void*, size_t)\x1b[m\x1b[K\xe2\x80\x99:\n'}
[5.652890] (rplidar_ros) StderrLine: {'line': b'\x1b[01m\x1b[K/home/ubuntu/rb3302_final_proj_code/robot_ws/src/rplidar_ros/sdk/src/dataunpacker/dataunpacker.h:56:42:\x1b[m\x1b[K \x1b[01;35m\x1b[Kwarning: \x1b[m\x1b[Kunused parameter \xe2\x80\x98\x1b[01m\x1b[KerrMsg\x1b[m\x1b[K\xe2\x80\x99 [\x1b[01;35m\x1b[K\x1b]8;;https://gcc.gnu.org/onlinedocs/gcc/Warning-Options.html#index-Wunused-parameter\x07-Wunused-parameter\x1b]8;;\x07\x1b[m\x1b[K]\n'}
[5.652985] (rplidar_ros) StderrLine: {'line': b'   56 |         virtual void onDecodingError(\x1b[01;35m\x1b[Kint errMsg\x1b[m\x1b[K, _u8 ansType, const void* payload, size_t size) {}\n'}
[5.653076] (rplidar_ros) StderrLine: {'line': b'      |                                      \x1b[01;35m\x1b[K~~~~^~~~~~\x1b[m\x1b[K\n'}
[5.653163] (rplidar_ros) StderrLine: {'line': b'\x1b[01m\x1b[K/home/ubuntu/rb3302_final_proj_code/robot_ws/src/rplidar_ros/sdk/src/dataunpacker/dataunpacker.h:56:54:\x1b[m\x1b[K \x1b[01;35m\x1b[Kwarning: \x1b[m\x1b[Kunused parameter \xe2\x80\x98\x1b[01m\x1b[KansType\x1b[m\x1b[K\xe2\x80\x99 [\x1b[01;35m\x1b[K\x1b]8;;https://gcc.gnu.org/onlinedocs/gcc/Warning-Options.html#index-Wunused-parameter\x07-Wunused-parameter\x1b]8;;\x07\x1b[m\x1b[K]\n'}
[5.653275] (rplidar_ros) StderrLine: {'line': b'   56 |         virtual void onDecodingError(int errMsg, \x1b[01;35m\x1b[K_u8 ansType\x1b[m\x1b[K, const void* payload, size_t size) {}\n'}
[5.653366] (rplidar_ros) StderrLine: {'line': b'      |                                                  \x1b[01;35m\x1b[K~~~~^~~~~~~\x1b[m\x1b[K\n'}
[5.653521] (rplidar_ros) StderrLine: {'line': b'\x1b[01m\x1b[K/home/ubuntu/rb3302_final_proj_code/robot_ws/src/rplidar_ros/sdk/src/dataunpacker/dataunpacker.h:56:75:\x1b[m\x1b[K \x1b[01;35m\x1b[Kwarning: \x1b[m\x1b[Kunused parameter \xe2\x80\x98\x1b[01m\x1b[Kpayload\x1b[m\x1b[K\xe2\x80\x99 [\x1b[01;35m\x1b[K\x1b]8;;https://gcc.gnu.org/onlinedocs/gcc/Warning-Options.html#index-Wunused-parameter\x07-Wunused-parameter\x1b]8;;\x07\x1b[m\x1b[K]\n'}
[5.653622] (rplidar_ros) StderrLine: {'line': b'   56 |         virtual void onDecodingError(int errMsg, _u8 ansType, \x1b[01;35m\x1b[Kconst void* payload\x1b[m\x1b[K, size_t size) {}\n'}
[5.653710] (rplidar_ros) StderrLine: {'line': b'      |                                                               \x1b[01;35m\x1b[K~~~~~~~~~~~~^~~~~~~\x1b[m\x1b[K\n'}
[5.653800] (rplidar_ros) StderrLine: {'line': b'\x1b[01m\x1b[K/home/ubuntu/rb3302_final_proj_code/robot_ws/src/rplidar_ros/sdk/src/dataunpacker/dataunpacker.h:56:91:\x1b[m\x1b[K \x1b[01;35m\x1b[Kwarning: \x1b[m\x1b[Kunused parameter \xe2\x80\x98\x1b[01m\x1b[Ksize\x1b[m\x1b[K\xe2\x80\x99 [\x1b[01;35m\x1b[K\x1b]8;;https://gcc.gnu.org/onlinedocs/gcc/Warning-Options.html#index-Wunused-parameter\x07-Wunused-parameter\x1b]8;;\x07\x1b[m\x1b[K]\n'}
[5.653925] (rplidar_ros) StderrLine: {'line': b'   56 |         virtual void onDecodingError(int errMsg, _u8 ansType, const void* payload, \x1b[01;35m\x1b[Ksize_t size\x1b[m\x1b[K) {}\n'}
[5.654012] (rplidar_ros) StderrLine: {'line': b'      |                                                                                    \x1b[01;35m\x1b[K~~~~~~~^~~~\x1b[m\x1b[K\n'}
[5.734077] (-) TimerEvent: {}
[5.771499] (rplidar_ros) StdoutLine: {'line': b'[ 28%] \x1b[32mBuilding CXX object CMakeFiles/rplidar_node.dir/sdk/src/dataunpacker/unpacker/handler_hqnode.cpp.o\x1b[0m\n'}
[5.834225] (-) TimerEvent: {}
[5.936531] (-) TimerEvent: {}
[6.034473] (rplidar_ros) StderrLine: {'line': b'In file included from \x1b[01m\x1b[K/home/ubuntu/rb3302_final_proj_code/robot_ws/src/rplidar_ros/sdk/include/rplidar_protocol.h:36\x1b[m\x1b[K,\n'}
[6.034886] (rplidar_ros) StderrLine: {'line': b'                 from \x1b[01m\x1b[K/home/ubuntu/rb3302_final_proj_code/robot_ws/src/rplidar_ros/sdk/include/rplidar.h:39\x1b[m\x1b[K,\n'}
[6.035139] (rplidar_ros) StderrLine: {'line': b'                 from \x1b[01m\x1b[K/home/ubuntu/rb3302_final_proj_code/robot_ws/src/rplidar_ros/sdk/src/sdkcommon.h:49\x1b[m\x1b[K,\n'}
[6.035350] (rplidar_ros) StderrLine: {'line': b'                 from \x1b[01m\x1b[K/home/ubuntu/rb3302_final_proj_code/robot_ws/src/rplidar_ros/sdk/src/dataunpacker/unpacker/../dataunnpacker_commondef.h:41\x1b[m\x1b[K,\n'}
[6.035628] (rplidar_ros) StderrLine: {'line': b'                 from \x1b[01m\x1b[K/home/ubuntu/rb3302_final_proj_code/robot_ws/src/rplidar_ros/sdk/src/dataunpacker/unpacker/handler_capsules.cpp:39\x1b[m\x1b[K:\n'}
[6.035868] (rplidar_ros) StderrLine: {'line': b'\x1b[01m\x1b[K/home/ubuntu/rb3302_final_proj_code/robot_ws/src/rplidar_ros/sdk/include/sl_lidar_protocol.h:66:16:\x1b[m\x1b[K \x1b[01;35m\x1b[Kwarning: \x1b[m\x1b[KISO C++ forbids zero-size array \xe2\x80\x98\x1b[01m\x1b[Kdata\x1b[m\x1b[K\xe2\x80\x99 [\x1b[01;35m\x1b[K\x1b]8;;https://gcc.gnu.org/onlinedocs/gcc/Warning-Options.html#index-Wpedantic\x07-Wpedantic\x1b]8;;\x07\x1b[m\x1b[K]\n'}
[6.036092] (rplidar_ros) StderrLine: {'line': b'   66 |     sl_u8 data[\x1b[01;35m\x1b[K0\x1b[m\x1b[K];\n'}
[6.036309] (rplidar_ros) StderrLine: {'line': b'      |                \x1b[01;35m\x1b[K^\x1b[m\x1b[K\n'}
[6.036594] (-) TimerEvent: {}
[6.037775] (rplidar_ros) StderrLine: {'line': b'In file included from \x1b[01m\x1b[K/home/ubuntu/rb3302_final_proj_code/robot_ws/src/rplidar_ros/sdk/include/rplidar_cmd.h:36\x1b[m\x1b[K,\n'}
[6.038168] (rplidar_ros) StderrLine: {'line': b'                 from \x1b[01m\x1b[K/home/ubuntu/rb3302_final_proj_code/robot_ws/src/rplidar_ros/sdk/include/rplidar.h:40\x1b[m\x1b[K:\n'}
[6.038457] (rplidar_ros) StderrLine: {'line': b'\x1b[01m\x1b[K/home/ubuntu/rb3302_final_proj_code/robot_ws/src/rplidar_ros/sdk/include/sl_lidar_cmd.h:324:20:\x1b[m\x1b[K \x1b[01;35m\x1b[Kwarning: \x1b[m\x1b[KISO C++ forbids zero-size array \xe2\x80\x98\x1b[01m\x1b[Kpayload\x1b[m\x1b[K\xe2\x80\x99 [\x1b[01;35m\x1b[K\x1b]8;;https://gcc.gnu.org/onlinedocs/gcc/Warning-Options.html#index-Wpedantic\x07-Wpedantic\x1b]8;;\x07\x1b[m\x1b[K]\n'}
[6.041581] (rplidar_ros) StderrLine: {'line': b'  324 |     sl_u8  payload[\x1b[01;35m\x1b[K0\x1b[m\x1b[K];\n'}
[6.041870] (rplidar_ros) StderrLine: {'line': b'      |                    \x1b[01;35m\x1b[K^\x1b[m\x1b[K\n'}
[6.136727] (-) TimerEvent: {}
[6.204690] (rplidar_ros) StderrLine: {'line': b'In file included from \x1b[01m\x1b[K/home/ubuntu/rb3302_final_proj_code/robot_ws/src/rplidar_ros/sdk/src/dataunpacker/unpacker/handler_capsules.cpp:40\x1b[m\x1b[K:\n'}
[6.205188] (rplidar_ros) StderrLine: {'line': b'\x1b[01m\x1b[K/home/ubuntu/rb3302_final_proj_code/robot_ws/src/rplidar_ros/sdk/src/dataunpacker/unpacker/../dataunpacker.h:\x1b[m\x1b[K In member function \xe2\x80\x98\x1b[01m\x1b[Kvirtual void sl::internal::LIDARSampleDataListener::\x1b[01;32m\x1b[KonCustomSampleDataDecoded\x1b[m\x1b[K(_u8, _u32, const void*, size_t)\x1b[m\x1b[K\xe2\x80\x99:\n'}
[6.205573] (rplidar_ros) StderrLine: {'line': b'\x1b[01m\x1b[K/home/ubuntu/rb3302_final_proj_code/robot_ws/src/rplidar_ros/sdk/src/dataunpacker/unpacker/../dataunpacker.h:54:52:\x1b[m\x1b[K \x1b[01;35m\x1b[Kwarning: \x1b[m\x1b[Kunused parameter \xe2\x80\x98\x1b[01m\x1b[KansType\x1b[m\x1b[K\xe2\x80\x99 [\x1b[01;35m\x1b[K\x1b]8;;https://gcc.gnu.org/onlinedocs/gcc/Warning-Options.html#index-Wunused-parameter\x07-Wunused-parameter\x1b]8;;\x07\x1b[m\x1b[K]\n'}
[6.205917] (rplidar_ros) StderrLine: {'line': b'   54 |         virtual void onCustomSampleDataDecoded(\x1b[01;35m\x1b[K_u8 ansType\x1b[m\x1b[K, _u32 customCode, const void* data, size_t size) {}\n'}
[6.206197] (rplidar_ros) StderrLine: {'line': b'      |                                                \x1b[01;35m\x1b[K~~~~^~~~~~~\x1b[m\x1b[K\n'}
[6.206569] (rplidar_ros) StderrLine: {'line': b'\x1b[01m\x1b[K/home/ubuntu/rb3302_final_proj_code/robot_ws/src/rplidar_ros/sdk/src/dataunpacker/unpacker/../dataunpacker.h:54:66:\x1b[m\x1b[K \x1b[01;35m\x1b[Kwarning: \x1b[m\x1b[Kunused parameter \xe2\x80\x98\x1b[01m\x1b[KcustomCode\x1b[m\x1b[K\xe2\x80\x99 [\x1b[01;35m\x1b[K\x1b]8;;https://gcc.gnu.org/onlinedocs/gcc/Warning-Options.html#index-Wunused-parameter\x07-Wunused-parameter\x1b]8;;\x07\x1b[m\x1b[K]\n'}
[6.206904] (rplidar_ros) StderrLine: {'line': b'   54 |         virtual void onCustomSampleDataDecoded(_u8 ansType, \x1b[01;35m\x1b[K_u32 customCode\x1b[m\x1b[K, const void* data, size_t size) {}\n'}
[6.207139] (rplidar_ros) StderrLine: {'line': b'      |                                                             \x1b[01;35m\x1b[K~~~~~^~~~~~~~~~\x1b[m\x1b[K\n'}
[6.207791] (rplidar_ros) StderrLine: {'line': b'\x1b[01m\x1b[K/home/ubuntu/rb3302_final_proj_code/robot_ws/src/rplidar_ros/sdk/src/dataunpacker/unpacker/../dataunpacker.h:54:90:\x1b[m\x1b[K \x1b[01;35m\x1b[Kwarning: \x1b[m\x1b[Kunused parameter \xe2\x80\x98\x1b[01m\x1b[Kdata\x1b[m\x1b[K\xe2\x80\x99 [\x1b[01;35m\x1b[K\x1b]8;;https://gcc.gnu.org/onlinedocs/gcc/Warning-Options.html#index-Wunused-parameter\x07-Wunused-parameter\x1b]8;;\x07\x1b[m\x1b[K]\n'}
[6.208087] (rplidar_ros) StderrLine: {'line': b'   54 |         virtual void onCustomSampleDataDecoded(_u8 ansType, _u32 customCode, \x1b[01;35m\x1b[Kconst void* data\x1b[m\x1b[K, size_t size) {}\n'}
[6.208239] (rplidar_ros) StderrLine: {'line': b'      |                                                                              \x1b[01;35m\x1b[K~~~~~~~~~~~~^~~~\x1b[m\x1b[K\n'}
[6.208864] (rplidar_ros) StderrLine: {'line': b'\x1b[01m\x1b[K/home/ubuntu/rb3302_final_proj_code/robot_ws/src/rplidar_ros/sdk/src/dataunpacker/unpacker/../dataunpacker.h:54:103:\x1b[m\x1b[K \x1b[01;35m\x1b[Kwarning: \x1b[m\x1b[Kunused parameter \xe2\x80\x98\x1b[01m\x1b[Ksize\x1b[m\x1b[K\xe2\x80\x99 [\x1b[01;35m\x1b[K\x1b]8;;https://gcc.gnu.org/onlinedocs/gcc/Warning-Options.html#index-Wunused-parameter\x07-Wunused-parameter\x1b]8;;\x07\x1b[m\x1b[K]\n'}
[6.209136] (rplidar_ros) StderrLine: {'line': b'   54 |         virtual void onCustomSampleDataDecoded(_u8 ansType, _u32 customCode, const void* data, \x1b[01;35m\x1b[Ksize_t size\x1b[m\x1b[K) {}\n'}
[6.209253] (rplidar_ros) StderrLine: {'line': b'      |                                                                                                \x1b[01;35m\x1b[K~~~~~~~^~~~\x1b[m\x1b[K\n'}
[6.209351] (rplidar_ros) StderrLine: {'line': b'\x1b[01m\x1b[K/home/ubuntu/rb3302_final_proj_code/robot_ws/src/rplidar_ros/sdk/src/dataunpacker/unpacker/../dataunpacker.h:\x1b[m\x1b[K In member function \xe2\x80\x98\x1b[01m\x1b[Kvirtual void sl::internal::LIDARSampleDataListener::\x1b[01;32m\x1b[KonDecodingError\x1b[m\x1b[K(int, _u8, const void*, size_t)\x1b[m\x1b[K\xe2\x80\x99:\n'}
[6.209518] (rplidar_ros) StderrLine: {'line': b'\x1b[01m\x1b[K/home/ubuntu/rb3302_final_proj_code/robot_ws/src/rplidar_ros/sdk/src/dataunpacker/unpacker/../dataunpacker.h:56:42:\x1b[m\x1b[K \x1b[01;35m\x1b[Kwarning: \x1b[m\x1b[Kunused parameter \xe2\x80\x98\x1b[01m\x1b[KerrMsg\x1b[m\x1b[K\xe2\x80\x99 [\x1b[01;35m\x1b[K\x1b]8;;https://gcc.gnu.org/onlinedocs/gcc/Warning-Options.html#index-Wunused-parameter\x07-Wunused-parameter\x1b]8;;\x07\x1b[m\x1b[K]\n'}
[6.209661] (rplidar_ros) StderrLine: {'line': b'   56 |         virtual void onDecodingError(\x1b[01;35m\x1b[Kint errMsg\x1b[m\x1b[K, _u8 ansType, const void* payload, size_t size) {}\n'}
[6.209758] (rplidar_ros) StderrLine: {'line': b'      |                                      \x1b[01;35m\x1b[K~~~~^~~~~~\x1b[m\x1b[K\n'}
[6.209851] (rplidar_ros) StderrLine: {'line': b'\x1b[01m\x1b[K/home/ubuntu/rb3302_final_proj_code/robot_ws/src/rplidar_ros/sdk/src/dataunpacker/unpacker/../dataunpacker.h:56:54:\x1b[m\x1b[K \x1b[01;35m\x1b[Kwarning: \x1b[m\x1b[Kunused parameter \xe2\x80\x98\x1b[01m\x1b[KansType\x1b[m\x1b[K\xe2\x80\x99 [\x1b[01;35m\x1b[K\x1b]8;;https://gcc.gnu.org/onlinedocs/gcc/Warning-Options.html#index-Wunused-parameter\x07-Wunused-parameter\x1b]8;;\x07\x1b[m\x1b[K]\n'}
[6.209984] (rplidar_ros) StderrLine: {'line': b'   56 |         virtual void onDecodingError(int errMsg, \x1b[01;35m\x1b[K_u8 ansType\x1b[m\x1b[K, const void* payload, size_t size) {}\n'}
[6.210098] (rplidar_ros) StderrLine: {'line': b'      |                                                  \x1b[01;35m\x1b[K~~~~^~~~~~~\x1b[m\x1b[K\n'}
[6.214500] (rplidar_ros) StderrLine: {'line': b'\x1b[01m\x1b[K/home/ubuntu/rb3302_final_proj_code/robot_ws/src/rplidar_ros/sdk/src/dataunpacker/unpacker/../dataunpacker.h:56:75:\x1b[m\x1b[K \x1b[01;35m\x1b[Kwarning: \x1b[m\x1b[Kunused parameter \xe2\x80\x98\x1b[01m\x1b[Kpayload\x1b[m\x1b[K\xe2\x80\x99 [\x1b[01;35m\x1b[K\x1b]8;;https://gcc.gnu.org/onlinedocs/gcc/Warning-Options.html#index-Wunused-parameter\x07-Wunused-parameter\x1b]8;;\x07\x1b[m\x1b[K]\n'}
[6.214836] (rplidar_ros) StderrLine: {'line': b'   56 |         virtual void onDecodingError(int errMsg, _u8 ansType, \x1b[01;35m\x1b[Kconst void* payload\x1b[m\x1b[K, size_t size) {}\n'}
[6.214964] (rplidar_ros) StderrLine: {'line': b'      |                                                               \x1b[01;35m\x1b[K~~~~~~~~~~~~^~~~~~~\x1b[m\x1b[K\n'}
[6.215083] (rplidar_ros) StderrLine: {'line': b'\x1b[01m\x1b[K/home/ubuntu/rb3302_final_proj_code/robot_ws/src/rplidar_ros/sdk/src/dataunpacker/unpacker/../dataunpacker.h:56:91:\x1b[m\x1b[K \x1b[01;35m\x1b[Kwarning: \x1b[m\x1b[Kunused parameter \xe2\x80\x98\x1b[01m\x1b[Ksize\x1b[m\x1b[K\xe2\x80\x99 [\x1b[01;35m\x1b[K\x1b]8;;https://gcc.gnu.org/onlinedocs/gcc/Warning-Options.html#index-Wunused-parameter\x07-Wunused-parameter\x1b]8;;\x07\x1b[m\x1b[K]\n'}
[6.215189] (rplidar_ros) StderrLine: {'line': b'   56 |         virtual void onDecodingError(int errMsg, _u8 ansType, const void* payload, \x1b[01;35m\x1b[Ksize_t size\x1b[m\x1b[K) {}\n'}
[6.215317] (rplidar_ros) StderrLine: {'line': b'      |                                                                                    \x1b[01;35m\x1b[K~~~~~~~^~~~\x1b[m\x1b[K\n'}
[6.231206] (rplidar_ros) StderrLine: {'line': b'\x1b[01m\x1b[K/home/ubuntu/rb3302_final_proj_code/robot_ws/src/rplidar_ros/sdk/src/dataunpacker/unpacker/handler_capsules.cpp:\x1b[m\x1b[K In member function \xe2\x80\x98\x1b[01m\x1b[Kvoid sl::internal::unpacker::UnpackerHandler_DenseCapsuleNode::\x1b[01;32m\x1b[K_onScanNodeDenseCapsuleData\x1b[m\x1b[K(rplidar_response_dense_capsule_measurement_nodes_t&, sl::internal::LIDARSampleDataUnpackerInner*)\x1b[m\x1b[K\xe2\x80\x99:\n'}
[6.231713] (rplidar_ros) StderrLine: {'line': b'\x1b[01m\x1b[K/home/ubuntu/rb3302_final_proj_code/robot_ws/src/rplidar_ros/sdk/src/dataunpacker/unpacker/handler_capsules.cpp:763:30:\x1b[m\x1b[K \x1b[01;35m\x1b[Kwarning: \x1b[m\x1b[Ktype qualifiers ignored on cast result type [\x1b[01;35m\x1b[K\x1b]8;;https://gcc.gnu.org/onlinedocs/gcc/Warning-Options.html#index-Wignored-qualifiers\x07-Wignored-qualifiers\x1b]8;;\x07\x1b[m\x1b[K]\n'}
[6.232025] (rplidar_ros) StderrLine: {'line': b'  763 |             const int dist = \x1b[01;35m\x1b[Kstatic_cast<const int>(_cached_previous_dense_capsuledata.cabins[pos].distance)\x1b[m\x1b[K;\n'}
[6.232281] (rplidar_ros) StderrLine: {'line': b'      |                              \x1b[01;35m\x1b[K^~~~~~~~~~~~~~~~~~~~~~~~~~~~~~~~~~~~~~~~~~~~~~~~~~~~~~~~~~~~~~~~~~~~~~~~~~~~~~~\x1b[m\x1b[K\n'}
[6.235955] (rplidar_ros) StdoutLine: {'line': b'[ 31%] \x1b[32mBuilding CXX object CMakeFiles/rplidar_node.dir/sdk/src/dataunpacker/unpacker/handler_normalnode.cpp.o\x1b[0m\n'}
[6.236864] (-) TimerEvent: {}
[6.340735] (-) TimerEvent: {}
[6.441445] (-) TimerEvent: {}
[6.541852] (-) TimerEvent: {}
[6.589588] (rplidar_ros) StdoutLine: {'line': b'[ 34%] \x1b[32mBuilding CXX object CMakeFiles/rplidar_node.dir/sdk/src/hal/thread.cpp.o\x1b[0m\n'}
[6.599940] (rplidar_ros) StderrLine: {'line': b'In file included from \x1b[01m\x1b[K/home/ubuntu/rb3302_final_proj_code/robot_ws/src/rplidar_ros/sdk/include/rplidar_protocol.h:36\x1b[m\x1b[K,\n'}
[6.600309] (rplidar_ros) StderrLine: {'line': b'                 from \x1b[01m\x1b[K/home/ubuntu/rb3302_final_proj_code/robot_ws/src/rplidar_ros/sdk/include/rplidar.h:39\x1b[m\x1b[K,\n'}
[6.600532] (rplidar_ros) StderrLine: {'line': b'                 from \x1b[01m\x1b[K/home/ubuntu/rb3302_final_proj_code/robot_ws/src/rplidar_ros/sdk/src/sdkcommon.h:49\x1b[m\x1b[K,\n'}
[6.600688] (rplidar_ros) StderrLine: {'line': b'                 from \x1b[01m\x1b[K/home/ubuntu/rb3302_final_proj_code/robot_ws/src/rplidar_ros/sdk/src/arch/linux/net_socket.cpp:10\x1b[m\x1b[K:\n'}
[6.600835] (rplidar_ros) StderrLine: {'line': b'\x1b[01m\x1b[K/home/ubuntu/rb3302_final_proj_code/robot_ws/src/rplidar_ros/sdk/include/sl_lidar_protocol.h:66:16:\x1b[m\x1b[K \x1b[01;35m\x1b[Kwarning: \x1b[m\x1b[KISO C++ forbids zero-size array \xe2\x80\x98\x1b[01m\x1b[Kdata\x1b[m\x1b[K\xe2\x80\x99 [\x1b[01;35m\x1b[K\x1b]8;;https://gcc.gnu.org/onlinedocs/gcc/Warning-Options.html#index-Wpedantic\x07-Wpedantic\x1b]8;;\x07\x1b[m\x1b[K]\n'}
[6.600986] (rplidar_ros) StderrLine: {'line': b'   66 |     sl_u8 data[\x1b[01;35m\x1b[K0\x1b[m\x1b[K];\n'}
[6.602843] (rplidar_ros) StderrLine: {'line': b'      |                \x1b[01;35m\x1b[K^\x1b[m\x1b[K\n'}
[6.603216] (rplidar_ros) StderrLine: {'line': b'In file included from \x1b[01m\x1b[K/home/ubuntu/rb3302_final_proj_code/robot_ws/src/rplidar_ros/sdk/include/rplidar_cmd.h:36\x1b[m\x1b[K,\n'}
[6.605491] (rplidar_ros) StderrLine: {'line': b'                 from \x1b[01m\x1b[K/home/ubuntu/rb3302_final_proj_code/robot_ws/src/rplidar_ros/sdk/include/rplidar.h:40\x1b[m\x1b[K:\n'}
[6.605896] (rplidar_ros) StderrLine: {'line': b'\x1b[01m\x1b[K/home/ubuntu/rb3302_final_proj_code/robot_ws/src/rplidar_ros/sdk/include/sl_lidar_cmd.h:324:20:\x1b[m\x1b[K \x1b[01;35m\x1b[Kwarning: \x1b[m\x1b[KISO C++ forbids zero-size array \xe2\x80\x98\x1b[01m\x1b[Kpayload\x1b[m\x1b[K\xe2\x80\x99 [\x1b[01;35m\x1b[K\x1b]8;;https://gcc.gnu.org/onlinedocs/gcc/Warning-Options.html#index-Wpedantic\x07-Wpedantic\x1b]8;;\x07\x1b[m\x1b[K]\n'}
[6.606092] (rplidar_ros) StderrLine: {'line': b'  324 |     sl_u8  payload[\x1b[01;35m\x1b[K0\x1b[m\x1b[K];\n'}
[6.606216] (rplidar_ros) StderrLine: {'line': b'      |                    \x1b[01;35m\x1b[K^\x1b[m\x1b[K\n'}
[6.615857] (rplidar_ros) StderrLine: {'line': b'In file included from \x1b[01m\x1b[K/home/ubuntu/rb3302_final_proj_code/robot_ws/src/rplidar_ros/sdk/include/rplidar_protocol.h:36\x1b[m\x1b[K,\n'}
[6.616146] (rplidar_ros) StderrLine: {'line': b'                 from \x1b[01m\x1b[K/home/ubuntu/rb3302_final_proj_code/robot_ws/src/rplidar_ros/sdk/include/rplidar.h:39\x1b[m\x1b[K,\n'}
[6.616469] (rplidar_ros) StderrLine: {'line': b'                 from \x1b[01m\x1b[K/home/ubuntu/rb3302_final_proj_code/robot_ws/src/rplidar_ros/sdk/src/sdkcommon.h:49\x1b[m\x1b[K,\n'}
[6.616652] (rplidar_ros) StderrLine: {'line': b'                 from \x1b[01m\x1b[K/home/ubuntu/rb3302_final_proj_code/robot_ws/src/rplidar_ros/sdk/src/arch/linux/net_socket.cpp:10\x1b[m\x1b[K:\n'}
[6.616765] (rplidar_ros) StderrLine: {'line': b'\x1b[01m\x1b[K/home/ubuntu/rb3302_final_proj_code/robot_ws/src/rplidar_ros/sdk/include/sl_lidar_protocol.h:66:16:\x1b[m\x1b[K \x1b[01;35m\x1b[Kwarning: \x1b[m\x1b[KISO C++ forbids zero-size array \xe2\x80\x98\x1b[01m\x1b[Kdata\x1b[m\x1b[K\xe2\x80\x99 [\x1b[01;35m\x1b[K\x1b]8;;https://gcc.gnu.org/onlinedocs/gcc/Warning-Options.html#index-Wpedantic\x07-Wpedantic\x1b]8;;\x07\x1b[m\x1b[K]\n'}
[6.616906] (rplidar_ros) StderrLine: {'line': b'   66 |     sl_u8 data[\x1b[01;35m\x1b[K0\x1b[m\x1b[K];\n'}
[6.617008] (rplidar_ros) StderrLine: {'line': b'      |                \x1b[01;35m\x1b[K^\x1b[m\x1b[K\n'}
[6.620521] (rplidar_ros) StderrLine: {'line': b'In file included from \x1b[01m\x1b[K/home/ubuntu/rb3302_final_proj_code/robot_ws/src/rplidar_ros/sdk/include/rplidar_cmd.h:36\x1b[m\x1b[K,\n'}
[6.620884] (rplidar_ros) StderrLine: {'line': b'                 from \x1b[01m\x1b[K/home/ubuntu/rb3302_final_proj_code/robot_ws/src/rplidar_ros/sdk/include/rplidar.h:40\x1b[m\x1b[K:\n'}
[6.621073] (rplidar_ros) StderrLine: {'line': b'\x1b[01m\x1b[K/home/ubuntu/rb3302_final_proj_code/robot_ws/src/rplidar_ros/sdk/include/sl_lidar_cmd.h:324:20:\x1b[m\x1b[K \x1b[01;35m\x1b[Kwarning: \x1b[m\x1b[KISO C++ forbids zero-size array \xe2\x80\x98\x1b[01m\x1b[Kpayload\x1b[m\x1b[K\xe2\x80\x99 [\x1b[01;35m\x1b[K\x1b]8;;https://gcc.gnu.org/onlinedocs/gcc/Warning-Options.html#index-Wpedantic\x07-Wpedantic\x1b]8;;\x07\x1b[m\x1b[K]\n'}
[6.621242] (rplidar_ros) StderrLine: {'line': b'  324 |     sl_u8  payload[\x1b[01;35m\x1b[K0\x1b[m\x1b[K];\n'}
[6.621355] (rplidar_ros) StderrLine: {'line': b'      |                    \x1b[01;35m\x1b[K^\x1b[m\x1b[K\n'}
[6.641990] (-) TimerEvent: {}
[6.676520] (rplidar_ros) StderrLine: {'line': b'In file included from \x1b[01m\x1b[K/home/ubuntu/rb3302_final_proj_code/robot_ws/src/rplidar_ros/sdk/include/rplidar_protocol.h:36\x1b[m\x1b[K,\n'}
[6.676921] (rplidar_ros) StderrLine: {'line': b'                 from \x1b[01m\x1b[K/home/ubuntu/rb3302_final_proj_code/robot_ws/src/rplidar_ros/sdk/include/rplidar.h:39\x1b[m\x1b[K,\n'}
[6.677088] (rplidar_ros) StderrLine: {'line': b'                 from \x1b[01m\x1b[K/home/ubuntu/rb3302_final_proj_code/robot_ws/src/rplidar_ros/sdk/src/sdkcommon.h:49\x1b[m\x1b[K,\n'}
[6.677215] (rplidar_ros) StderrLine: {'line': b'                 from \x1b[01m\x1b[K/home/ubuntu/rb3302_final_proj_code/robot_ws/src/rplidar_ros/sdk/src/dataunpacker/unpacker/../dataunnpacker_commondef.h:41\x1b[m\x1b[K,\n'}
[6.677330] (rplidar_ros) StderrLine: {'line': b'                 from \x1b[01m\x1b[K/home/ubuntu/rb3302_final_proj_code/robot_ws/src/rplidar_ros/sdk/src/dataunpacker/unpacker/handler_hqnode.cpp:39\x1b[m\x1b[K:\n'}
[6.677531] (rplidar_ros) StderrLine: {'line': b'\x1b[01m\x1b[K/home/ubuntu/rb3302_final_proj_code/robot_ws/src/rplidar_ros/sdk/include/sl_lidar_protocol.h:66:16:\x1b[m\x1b[K \x1b[01;35m\x1b[Kwarning: \x1b[m\x1b[KISO C++ forbids zero-size array \xe2\x80\x98\x1b[01m\x1b[Kdata\x1b[m\x1b[K\xe2\x80\x99 [\x1b[01;35m\x1b[K\x1b]8;;https://gcc.gnu.org/onlinedocs/gcc/Warning-Options.html#index-Wpedantic\x07-Wpedantic\x1b]8;;\x07\x1b[m\x1b[K]\n'}
[6.677677] (rplidar_ros) StderrLine: {'line': b'   66 |     sl_u8 data[\x1b[01;35m\x1b[K0\x1b[m\x1b[K];\n'}
[6.677793] (rplidar_ros) StderrLine: {'line': b'      |                \x1b[01;35m\x1b[K^\x1b[m\x1b[K\n'}
[6.677899] (rplidar_ros) StderrLine: {'line': b'In file included from \x1b[01m\x1b[K/home/ubuntu/rb3302_final_proj_code/robot_ws/src/rplidar_ros/sdk/include/rplidar_cmd.h:36\x1b[m\x1b[K,\n'}
[6.678002] (rplidar_ros) StderrLine: {'line': b'                 from \x1b[01m\x1b[K/home/ubuntu/rb3302_final_proj_code/robot_ws/src/rplidar_ros/sdk/include/rplidar.h:40\x1b[m\x1b[K:\n'}
[6.678099] (rplidar_ros) StderrLine: {'line': b'\x1b[01m\x1b[K/home/ubuntu/rb3302_final_proj_code/robot_ws/src/rplidar_ros/sdk/include/sl_lidar_cmd.h:324:20:\x1b[m\x1b[K \x1b[01;35m\x1b[Kwarning: \x1b[m\x1b[KISO C++ forbids zero-size array \xe2\x80\x98\x1b[01m\x1b[Kpayload\x1b[m\x1b[K\xe2\x80\x99 [\x1b[01;35m\x1b[K\x1b]8;;https://gcc.gnu.org/onlinedocs/gcc/Warning-Options.html#index-Wpedantic\x07-Wpedantic\x1b]8;;\x07\x1b[m\x1b[K]\n'}
[6.678210] (rplidar_ros) StderrLine: {'line': b'  324 |     sl_u8  payload[\x1b[01;35m\x1b[K0\x1b[m\x1b[K];\n'}
[6.678307] (rplidar_ros) StderrLine: {'line': b'      |                    \x1b[01;35m\x1b[K^\x1b[m\x1b[K\n'}
[6.742137] (-) TimerEvent: {}
[6.827540] (yesense_interface) StdoutLine: {'line': b'-- Using all available rosidl_typesupport_cpp: rosidl_typesupport_fastrtps_cpp;rosidl_typesupport_introspection_cpp\n'}
[6.829816] (rplidar_ros) StderrLine: {'line': b'In file included from \x1b[01m\x1b[K/home/ubuntu/rb3302_final_proj_code/robot_ws/src/rplidar_ros/sdk/src/arch/linux/arch_linux.h:42\x1b[m\x1b[K,\n'}
[6.831048] (rplidar_ros) StderrLine: {'line': b'                 from \x1b[01m\x1b[K/home/ubuntu/rb3302_final_proj_code/robot_ws/src/rplidar_ros/sdk/src/sdkcommon.h:41\x1b[m\x1b[K:\n'}
[6.835935] (rplidar_ros) StderrLine: {'line': b'\x1b[01m\x1b[K/home/ubuntu/rb3302_final_proj_code/robot_ws/src/rplidar_ros/sdk/src/arch/linux/net_socket.cpp:\x1b[m\x1b[K In member function \xe2\x80\x98\x1b[01m\x1b[Kvirtual u_result rp::arch::net::DGramSocketImpl::\x1b[01;32m\x1b[KsendTo\x1b[m\x1b[K(const rp::net::SocketAddress*, const void*, size_t)\x1b[m\x1b[K\xe2\x80\x99:\n'}
[6.836813] (rplidar_ros) StderrLine: {'line': b'\x1b[01m\x1b[K/home/ubuntu/rb3302_final_proj_code/robot_ws/src/rplidar_ros/sdk/src/arch/linux/net_socket.cpp:733:24:\x1b[m\x1b[K \x1b[01;35m\x1b[Kwarning: \x1b[m\x1b[Kcomparison of integer expressions of different signedness: \xe2\x80\x98\x1b[01m\x1b[Kint\x1b[m\x1b[K\xe2\x80\x99 and \xe2\x80\x98\x1b[01m\x1b[Ksize_t\x1b[m\x1b[K\xe2\x80\x99 {aka \xe2\x80\x98\x1b[01m\x1b[Klong unsigned int\x1b[m\x1b[K\xe2\x80\x99} [\x1b[01;35m\x1b[K\x1b]8;;https://gcc.gnu.org/onlinedocs/gcc/Warning-Options.html#index-Wsign-compare\x07-Wsign-compare\x1b]8;;\x07\x1b[m\x1b[K]\n'}
[6.837338] (rplidar_ros) StderrLine: {'line': b'  733 |             assert(\x1b[01;35m\x1b[Kans == len\x1b[m\x1b[K);\n'}
[6.837872] (rplidar_ros) StderrLine: {'line': b'      |                    \x1b[01;35m\x1b[K~~~~^~~~~~\x1b[m\x1b[K\n'}
[6.838329] (yesense_interface) StdoutLine: {'line': b'-- Found python_cmake_module: 0.11.1 (/opt/ros/jazzy/share/python_cmake_module/cmake)\n'}
[6.845615] (rplidar_ros) StderrLine: {'line': b'In file included from \x1b[01m\x1b[K/home/ubuntu/rb3302_final_proj_code/robot_ws/src/rplidar_ros/sdk/src/arch/linux/arch_linux.h:42\x1b[m\x1b[K,\n'}
[6.846517] (-) TimerEvent: {}
[6.847095] (rplidar_ros) StderrLine: {'line': b'                 from \x1b[01m\x1b[K/home/ubuntu/rb3302_final_proj_code/robot_ws/src/rplidar_ros/sdk/src/sdkcommon.h:41\x1b[m\x1b[K:\n'}
[6.847817] (rplidar_ros) StderrLine: {'line': b'\x1b[01m\x1b[K/home/ubuntu/rb3302_final_proj_code/robot_ws/src/rplidar_ros/sdk/src/arch/linux/net_socket.cpp:\x1b[m\x1b[K In member function \xe2\x80\x98\x1b[01m\x1b[Kvirtual u_result rp::arch::net::DGramSocketImpl::\x1b[01;32m\x1b[KsendTo\x1b[m\x1b[K(const rp::net::SocketAddress*, const void*, size_t)\x1b[m\x1b[K\xe2\x80\x99:\n'}
[6.848352] (rplidar_ros) StderrLine: {'line': b'\x1b[01m\x1b[K/home/ubuntu/rb3302_final_proj_code/robot_ws/src/rplidar_ros/sdk/src/arch/linux/net_socket.cpp:733:24:\x1b[m\x1b[K \x1b[01;35m\x1b[Kwarning: \x1b[m\x1b[Kcomparison of integer expressions of different signedness: \xe2\x80\x98\x1b[01m\x1b[Kint\x1b[m\x1b[K\xe2\x80\x99 and \xe2\x80\x98\x1b[01m\x1b[Ksize_t\x1b[m\x1b[K\xe2\x80\x99 {aka \xe2\x80\x98\x1b[01m\x1b[Klong unsigned int\x1b[m\x1b[K\xe2\x80\x99} [\x1b[01;35m\x1b[K\x1b]8;;https://gcc.gnu.org/onlinedocs/gcc/Warning-Options.html#index-Wsign-compare\x07-Wsign-compare\x1b]8;;\x07\x1b[m\x1b[K]\n'}
[6.852438] (rplidar_ros) StderrLine: {'line': b'  733 |             assert(\x1b[01;35m\x1b[Kans == len\x1b[m\x1b[K);\n'}
[6.853151] (rplidar_ros) StderrLine: {'line': b'      |                    \x1b[01;35m\x1b[K~~~~^~~~~~\x1b[m\x1b[K\n'}
[6.904057] (rplidar_ros) StderrLine: {'line': b'In file included from \x1b[01m\x1b[K/home/ubuntu/rb3302_final_proj_code/robot_ws/src/rplidar_ros/sdk/src/dataunpacker/unpacker/handler_hqnode.cpp:40\x1b[m\x1b[K:\n'}
[6.904604] (rplidar_ros) StderrLine: {'line': b'\x1b[01m\x1b[K/home/ubuntu/rb3302_final_proj_code/robot_ws/src/rplidar_ros/sdk/src/dataunpacker/unpacker/../dataunpacker.h:\x1b[m\x1b[K In member function \xe2\x80\x98\x1b[01m\x1b[Kvirtual void sl::internal::LIDARSampleDataListener::\x1b[01;32m\x1b[KonCustomSampleDataDecoded\x1b[m\x1b[K(_u8, _u32, const void*, size_t)\x1b[m\x1b[K\xe2\x80\x99:\n'}
[6.904958] (rplidar_ros) StderrLine: {'line': b'\x1b[01m\x1b[K/home/ubuntu/rb3302_final_proj_code/robot_ws/src/rplidar_ros/sdk/src/dataunpacker/unpacker/../dataunpacker.h:54:52:\x1b[m\x1b[K \x1b[01;35m\x1b[Kwarning: \x1b[m\x1b[Kunused parameter \xe2\x80\x98\x1b[01m\x1b[KansType\x1b[m\x1b[K\xe2\x80\x99 [\x1b[01;35m\x1b[K\x1b]8;;https://gcc.gnu.org/onlinedocs/gcc/Warning-Options.html#index-Wunused-parameter\x07-Wunused-parameter\x1b]8;;\x07\x1b[m\x1b[K]\n'}
[6.905239] (rplidar_ros) StderrLine: {'line': b'   54 |         virtual void onCustomSampleDataDecoded(\x1b[01;35m\x1b[K_u8 ansType\x1b[m\x1b[K, _u32 customCode, const void* data, size_t size) {}\n'}
[6.905618] (rplidar_ros) StderrLine: {'line': b'      |                                                \x1b[01;35m\x1b[K~~~~^~~~~~~\x1b[m\x1b[K\n'}
[6.906055] (rplidar_ros) StderrLine: {'line': b'\x1b[01m\x1b[K/home/ubuntu/rb3302_final_proj_code/robot_ws/src/rplidar_ros/sdk/src/dataunpacker/unpacker/../dataunpacker.h:54:66:\x1b[m\x1b[K \x1b[01;35m\x1b[Kwarning: \x1b[m\x1b[Kunused parameter \xe2\x80\x98\x1b[01m\x1b[KcustomCode\x1b[m\x1b[K\xe2\x80\x99 [\x1b[01;35m\x1b[K\x1b]8;;https://gcc.gnu.org/onlinedocs/gcc/Warning-Options.html#index-Wunused-parameter\x07-Wunused-parameter\x1b]8;;\x07\x1b[m\x1b[K]\n'}
[6.906531] (rplidar_ros) StderrLine: {'line': b'   54 |         virtual void onCustomSampleDataDecoded(_u8 ansType, \x1b[01;35m\x1b[K_u32 customCode\x1b[m\x1b[K, const void* data, size_t size) {}\n'}
[6.906851] (rplidar_ros) StderrLine: {'line': b'      |                                                             \x1b[01;35m\x1b[K~~~~~^~~~~~~~~~\x1b[m\x1b[K\n'}
[6.907205] (rplidar_ros) StderrLine: {'line': b'\x1b[01m\x1b[K/home/ubuntu/rb3302_final_proj_code/robot_ws/src/rplidar_ros/sdk/src/dataunpacker/unpacker/../dataunpacker.h:54:90:\x1b[m\x1b[K \x1b[01;35m\x1b[Kwarning: \x1b[m\x1b[Kunused parameter \xe2\x80\x98\x1b[01m\x1b[Kdata\x1b[m\x1b[K\xe2\x80\x99 [\x1b[01;35m\x1b[K\x1b]8;;https://gcc.gnu.org/onlinedocs/gcc/Warning-Options.html#index-Wunused-parameter\x07-Wunused-parameter\x1b]8;;\x07\x1b[m\x1b[K]\n'}
[6.907540] (rplidar_ros) StderrLine: {'line': b'   54 |         virtual void onCustomSampleDataDecoded(_u8 ansType, _u32 customCode, \x1b[01;35m\x1b[Kconst void* data\x1b[m\x1b[K, size_t size) {}\n'}
[6.907738] (rplidar_ros) StderrLine: {'line': b'      |                                                                              \x1b[01;35m\x1b[K~~~~~~~~~~~~^~~~\x1b[m\x1b[K\n'}
[6.908167] (rplidar_ros) StderrLine: {'line': b'\x1b[01m\x1b[K/home/ubuntu/rb3302_final_proj_code/robot_ws/src/rplidar_ros/sdk/src/dataunpacker/unpacker/../dataunpacker.h:54:103:\x1b[m\x1b[K \x1b[01;35m\x1b[Kwarning: \x1b[m\x1b[Kunused parameter \xe2\x80\x98\x1b[01m\x1b[Ksize\x1b[m\x1b[K\xe2\x80\x99 [\x1b[01;35m\x1b[K\x1b]8;;https://gcc.gnu.org/onlinedocs/gcc/Warning-Options.html#index-Wunused-parameter\x07-Wunused-parameter\x1b]8;;\x07\x1b[m\x1b[K]\n'}
[6.908470] (rplidar_ros) StderrLine: {'line': b'   54 |         virtual void onCustomSampleDataDecoded(_u8 ansType, _u32 customCode, const void* data, \x1b[01;35m\x1b[Ksize_t size\x1b[m\x1b[K) {}\n'}
[6.908638] (rplidar_ros) StderrLine: {'line': b'      |                                                                                                \x1b[01;35m\x1b[K~~~~~~~^~~~\x1b[m\x1b[K\n'}
[6.909121] (rplidar_ros) StderrLine: {'line': b'\x1b[01m\x1b[K/home/ubuntu/rb3302_final_proj_code/robot_ws/src/rplidar_ros/sdk/src/dataunpacker/unpacker/../dataunpacker.h:\x1b[m\x1b[K In member function \xe2\x80\x98\x1b[01m\x1b[Kvirtual void sl::internal::LIDARSampleDataListener::\x1b[01;32m\x1b[KonDecodingError\x1b[m\x1b[K(int, _u8, const void*, size_t)\x1b[m\x1b[K\xe2\x80\x99:\n'}
[6.909345] (rplidar_ros) StderrLine: {'line': b'\x1b[01m\x1b[K/home/ubuntu/rb3302_final_proj_code/robot_ws/src/rplidar_ros/sdk/src/dataunpacker/unpacker/../dataunpacker.h:56:42:\x1b[m\x1b[K \x1b[01;35m\x1b[Kwarning: \x1b[m\x1b[Kunused parameter \xe2\x80\x98\x1b[01m\x1b[KerrMsg\x1b[m\x1b[K\xe2\x80\x99 [\x1b[01;35m\x1b[K\x1b]8;;https://gcc.gnu.org/onlinedocs/gcc/Warning-Options.html#index-Wunused-parameter\x07-Wunused-parameter\x1b]8;;\x07\x1b[m\x1b[K]\n'}
[6.909574] (rplidar_ros) StderrLine: {'line': b'   56 |         virtual void onDecodingError(\x1b[01;35m\x1b[Kint errMsg\x1b[m\x1b[K, _u8 ansType, const void* payload, size_t size) {}\n'}
[6.909697] (rplidar_ros) StderrLine: {'line': b'      |                                      \x1b[01;35m\x1b[K~~~~^~~~~~\x1b[m\x1b[K\n'}
[6.911620] (rplidar_ros) StderrLine: {'line': b'\x1b[01m\x1b[K/home/ubuntu/rb3302_final_proj_code/robot_ws/src/rplidar_ros/sdk/src/dataunpacker/unpacker/../dataunpacker.h:56:54:\x1b[m\x1b[K \x1b[01;35m\x1b[Kwarning: \x1b[m\x1b[Kunused parameter \xe2\x80\x98\x1b[01m\x1b[KansType\x1b[m\x1b[K\xe2\x80\x99 [\x1b[01;35m\x1b[K\x1b]8;;https://gcc.gnu.org/onlinedocs/gcc/Warning-Options.html#index-Wunused-parameter\x07-Wunused-parameter\x1b]8;;\x07\x1b[m\x1b[K]\n'}
[6.911950] (rplidar_ros) StderrLine: {'line': b'   56 |         virtual void onDecodingError(int errMsg, \x1b[01;35m\x1b[K_u8 ansType\x1b[m\x1b[K, const void* payload, size_t size) {}\n'}
[6.912089] (rplidar_ros) StderrLine: {'line': b'      |                                                  \x1b[01;35m\x1b[K~~~~^~~~~~~\x1b[m\x1b[K\n'}
[6.912202] (rplidar_ros) StderrLine: {'line': b'\x1b[01m\x1b[K/home/ubuntu/rb3302_final_proj_code/robot_ws/src/rplidar_ros/sdk/src/dataunpacker/unpacker/../dataunpacker.h:56:75:\x1b[m\x1b[K \x1b[01;35m\x1b[Kwarning: \x1b[m\x1b[Kunused parameter \xe2\x80\x98\x1b[01m\x1b[Kpayload\x1b[m\x1b[K\xe2\x80\x99 [\x1b[01;35m\x1b[K\x1b]8;;https://gcc.gnu.org/onlinedocs/gcc/Warning-Options.html#index-Wunused-parameter\x07-Wunused-parameter\x1b]8;;\x07\x1b[m\x1b[K]\n'}
[6.912374] (rplidar_ros) StderrLine: {'line': b'   56 |         virtual void onDecodingError(int errMsg, _u8 ansType, \x1b[01;35m\x1b[Kconst void* payload\x1b[m\x1b[K, size_t size) {}\n'}
[6.912583] (rplidar_ros) StderrLine: {'line': b'      |                                                               \x1b[01;35m\x1b[K~~~~~~~~~~~~^~~~~~~\x1b[m\x1b[K\n'}
[6.912693] (rplidar_ros) StderrLine: {'line': b'\x1b[01m\x1b[K/home/ubuntu/rb3302_final_proj_code/robot_ws/src/rplidar_ros/sdk/src/dataunpacker/unpacker/../dataunpacker.h:56:91:\x1b[m\x1b[K \x1b[01;35m\x1b[Kwarning: \x1b[m\x1b[Kunused parameter \xe2\x80\x98\x1b[01m\x1b[Ksize\x1b[m\x1b[K\xe2\x80\x99 [\x1b[01;35m\x1b[K\x1b]8;;https://gcc.gnu.org/onlinedocs/gcc/Warning-Options.html#index-Wunused-parameter\x07-Wunused-parameter\x1b]8;;\x07\x1b[m\x1b[K]\n'}
[6.912829] (rplidar_ros) StderrLine: {'line': b'   56 |         virtual void onDecodingError(int errMsg, _u8 ansType, const void* payload, \x1b[01;35m\x1b[Ksize_t size\x1b[m\x1b[K) {}\n'}
[6.912935] (rplidar_ros) StderrLine: {'line': b'      |                                                                                    \x1b[01;35m\x1b[K~~~~~~~^~~~\x1b[m\x1b[K\n'}
[6.947499] (-) TimerEvent: {}
[7.050741] (-) TimerEvent: {}
[7.135477] (yesense_interface) StdoutLine: {'line': b'-- Found PythonExtra: /usr/bin/python3  \n'}
[7.140558] (rplidar_ros) StderrLine: {'line': b'In file included from \x1b[01m\x1b[K/home/ubuntu/rb3302_final_proj_code/robot_ws/src/rplidar_ros/sdk/include/rplidar_protocol.h:36\x1b[m\x1b[K,\n'}
[7.140875] (rplidar_ros) StderrLine: {'line': b'                 from \x1b[01m\x1b[K/home/ubuntu/rb3302_final_proj_code/robot_ws/src/rplidar_ros/sdk/include/rplidar.h:39\x1b[m\x1b[K,\n'}
[7.141007] (rplidar_ros) StderrLine: {'line': b'                 from \x1b[01m\x1b[K/home/ubuntu/rb3302_final_proj_code/robot_ws/src/rplidar_ros/sdk/src/sdkcommon.h:49\x1b[m\x1b[K,\n'}
[7.141117] (rplidar_ros) StderrLine: {'line': b'                 from \x1b[01m\x1b[K/home/ubuntu/rb3302_final_proj_code/robot_ws/src/rplidar_ros/sdk/src/dataunpacker/unpacker/../dataunnpacker_commondef.h:41\x1b[m\x1b[K,\n'}
[7.141223] (rplidar_ros) StderrLine: {'line': b'                 from \x1b[01m\x1b[K/home/ubuntu/rb3302_final_proj_code/robot_ws/src/rplidar_ros/sdk/src/dataunpacker/unpacker/handler_normalnode.cpp:39\x1b[m\x1b[K:\n'}
[7.141355] (rplidar_ros) StderrLine: {'line': b'\x1b[01m\x1b[K/home/ubuntu/rb3302_final_proj_code/robot_ws/src/rplidar_ros/sdk/include/sl_lidar_protocol.h:66:16:\x1b[m\x1b[K \x1b[01;35m\x1b[Kwarning: \x1b[m\x1b[KISO C++ forbids zero-size array \xe2\x80\x98\x1b[01m\x1b[Kdata\x1b[m\x1b[K\xe2\x80\x99 [\x1b[01;35m\x1b[K\x1b]8;;https://gcc.gnu.org/onlinedocs/gcc/Warning-Options.html#index-Wpedantic\x07-Wpedantic\x1b]8;;\x07\x1b[m\x1b[K]\n'}
[7.141523] (rplidar_ros) StderrLine: {'line': b'   66 |     sl_u8 data[\x1b[01;35m\x1b[K0\x1b[m\x1b[K];\n'}
[7.141629] (rplidar_ros) StderrLine: {'line': b'      |                \x1b[01;35m\x1b[K^\x1b[m\x1b[K\n'}
[7.141858] (rplidar_ros) StderrLine: {'line': b'In file included from \x1b[01m\x1b[K/home/ubuntu/rb3302_final_proj_code/robot_ws/src/rplidar_ros/sdk/include/rplidar_cmd.h:36\x1b[m\x1b[K,\n'}
[7.141995] (rplidar_ros) StderrLine: {'line': b'                 from \x1b[01m\x1b[K/home/ubuntu/rb3302_final_proj_code/robot_ws/src/rplidar_ros/sdk/include/rplidar.h:40\x1b[m\x1b[K:\n'}
[7.142111] (rplidar_ros) StderrLine: {'line': b'\x1b[01m\x1b[K/home/ubuntu/rb3302_final_proj_code/robot_ws/src/rplidar_ros/sdk/include/sl_lidar_cmd.h:324:20:\x1b[m\x1b[K \x1b[01;35m\x1b[Kwarning: \x1b[m\x1b[KISO C++ forbids zero-size array \xe2\x80\x98\x1b[01m\x1b[Kpayload\x1b[m\x1b[K\xe2\x80\x99 [\x1b[01;35m\x1b[K\x1b]8;;https://gcc.gnu.org/onlinedocs/gcc/Warning-Options.html#index-Wpedantic\x07-Wpedantic\x1b]8;;\x07\x1b[m\x1b[K]\n'}
[7.142240] (rplidar_ros) StderrLine: {'line': b'  324 |     sl_u8  payload[\x1b[01;35m\x1b[K0\x1b[m\x1b[K];\n'}
[7.142343] (rplidar_ros) StderrLine: {'line': b'      |                    \x1b[01;35m\x1b[K^\x1b[m\x1b[K\n'}
[7.151521] (-) TimerEvent: {}
[7.194878] (rplidar_ros) StdoutLine: {'line': b'[ 36%] \x1b[32mBuilding CXX object CMakeFiles/rplidar_node.dir/sdk/src/rplidar_driver.cpp.o\x1b[0m\n'}
[7.251645] (-) TimerEvent: {}
[7.325247] (rplidar_ros) StderrLine: {'line': b'In file included from \x1b[01m\x1b[K/home/ubuntu/rb3302_final_proj_code/robot_ws/src/rplidar_ros/sdk/src/dataunpacker/unpacker/handler_normalnode.cpp:40\x1b[m\x1b[K:\n'}
[7.326103] (rplidar_ros) StderrLine: {'line': b'\x1b[01m\x1b[K/home/ubuntu/rb3302_final_proj_code/robot_ws/src/rplidar_ros/sdk/src/dataunpacker/unpacker/../dataunpacker.h:\x1b[m\x1b[K In member function \xe2\x80\x98\x1b[01m\x1b[Kvirtual void sl::internal::LIDARSampleDataListener::\x1b[01;32m\x1b[KonCustomSampleDataDecoded\x1b[m\x1b[K(_u8, _u32, const void*, size_t)\x1b[m\x1b[K\xe2\x80\x99:\n'}
[7.326440] (rplidar_ros) StderrLine: {'line': b'\x1b[01m\x1b[K/home/ubuntu/rb3302_final_proj_code/robot_ws/src/rplidar_ros/sdk/src/dataunpacker/unpacker/../dataunpacker.h:54:52:\x1b[m\x1b[K \x1b[01;35m\x1b[Kwarning: \x1b[m\x1b[Kunused parameter \xe2\x80\x98\x1b[01m\x1b[KansType\x1b[m\x1b[K\xe2\x80\x99 [\x1b[01;35m\x1b[K\x1b]8;;https://gcc.gnu.org/onlinedocs/gcc/Warning-Options.html#index-Wunused-parameter\x07-Wunused-parameter\x1b]8;;\x07\x1b[m\x1b[K]\n'}
[7.326615] (rplidar_ros) StderrLine: {'line': b'   54 |         virtual void onCustomSampleDataDecoded(\x1b[01;35m\x1b[K_u8 ansType\x1b[m\x1b[K, _u32 customCode, const void* data, size_t size) {}\n'}
[7.326726] (rplidar_ros) StderrLine: {'line': b'      |                                                \x1b[01;35m\x1b[K~~~~^~~~~~~\x1b[m\x1b[K\n'}
[7.327699] (rplidar_ros) StderrLine: {'line': b'\x1b[01m\x1b[K/home/ubuntu/rb3302_final_proj_code/robot_ws/src/rplidar_ros/sdk/src/dataunpacker/unpacker/../dataunpacker.h:54:66:\x1b[m\x1b[K \x1b[01;35m\x1b[Kwarning: \x1b[m\x1b[Kunused parameter \xe2\x80\x98\x1b[01m\x1b[KcustomCode\x1b[m\x1b[K\xe2\x80\x99 [\x1b[01;35m\x1b[K\x1b]8;;https://gcc.gnu.org/onlinedocs/gcc/Warning-Options.html#index-Wunused-parameter\x07-Wunused-parameter\x1b]8;;\x07\x1b[m\x1b[K]\n'}
[7.328042] (rplidar_ros) StderrLine: {'line': b'   54 |         virtual void onCustomSampleDataDecoded(_u8 ansType, \x1b[01;35m\x1b[K_u32 customCode\x1b[m\x1b[K, const void* data, size_t size) {}\n'}
[7.328192] (rplidar_ros) StderrLine: {'line': b'      |                                                             \x1b[01;35m\x1b[K~~~~~^~~~~~~~~~\x1b[m\x1b[K\n'}
[7.328316] (rplidar_ros) StderrLine: {'line': b'\x1b[01m\x1b[K/home/ubuntu/rb3302_final_proj_code/robot_ws/src/rplidar_ros/sdk/src/dataunpacker/unpacker/../dataunpacker.h:54:90:\x1b[m\x1b[K \x1b[01;35m\x1b[Kwarning: \x1b[m\x1b[Kunused parameter \xe2\x80\x98\x1b[01m\x1b[Kdata\x1b[m\x1b[K\xe2\x80\x99 [\x1b[01;35m\x1b[K\x1b]8;;https://gcc.gnu.org/onlinedocs/gcc/Warning-Options.html#index-Wunused-parameter\x07-Wunused-parameter\x1b]8;;\x07\x1b[m\x1b[K]\n'}
[7.328504] (rplidar_ros) StderrLine: {'line': b'   54 |         virtual void onCustomSampleDataDecoded(_u8 ansType, _u32 customCode, \x1b[01;35m\x1b[Kconst void* data\x1b[m\x1b[K, size_t size) {}\n'}
[7.328665] (rplidar_ros) StderrLine: {'line': b'      |                                                                              \x1b[01;35m\x1b[K~~~~~~~~~~~~^~~~\x1b[m\x1b[K\n'}
[7.328775] (rplidar_ros) StderrLine: {'line': b'\x1b[01m\x1b[K/home/ubuntu/rb3302_final_proj_code/robot_ws/src/rplidar_ros/sdk/src/dataunpacker/unpacker/../dataunpacker.h:54:103:\x1b[m\x1b[K \x1b[01;35m\x1b[Kwarning: \x1b[m\x1b[Kunused parameter \xe2\x80\x98\x1b[01m\x1b[Ksize\x1b[m\x1b[K\xe2\x80\x99 [\x1b[01;35m\x1b[K\x1b]8;;https://gcc.gnu.org/onlinedocs/gcc/Warning-Options.html#index-Wunused-parameter\x07-Wunused-parameter\x1b]8;;\x07\x1b[m\x1b[K]\n'}
[7.328896] (rplidar_ros) StderrLine: {'line': b'   54 |         virtual void onCustomSampleDataDecoded(_u8 ansType, _u32 customCode, const void* data, \x1b[01;35m\x1b[Ksize_t size\x1b[m\x1b[K) {}\n'}
[7.329011] (rplidar_ros) StderrLine: {'line': b'      |                                                                                                \x1b[01;35m\x1b[K~~~~~~~^~~~\x1b[m\x1b[K\n'}
[7.333498] (rplidar_ros) StderrLine: {'line': b'\x1b[01m\x1b[K/home/ubuntu/rb3302_final_proj_code/robot_ws/src/rplidar_ros/sdk/src/dataunpacker/unpacker/../dataunpacker.h:\x1b[m\x1b[K In member function \xe2\x80\x98\x1b[01m\x1b[Kvirtual void sl::internal::LIDARSampleDataListener::\x1b[01;32m\x1b[KonDecodingError\x1b[m\x1b[K(int, _u8, const void*, size_t)\x1b[m\x1b[K\xe2\x80\x99:\n'}
[7.333863] (rplidar_ros) StderrLine: {'line': b'\x1b[01m\x1b[K/home/ubuntu/rb3302_final_proj_code/robot_ws/src/rplidar_ros/sdk/src/dataunpacker/unpacker/../dataunpacker.h:56:42:\x1b[m\x1b[K \x1b[01;35m\x1b[Kwarning: \x1b[m\x1b[Kunused parameter \xe2\x80\x98\x1b[01m\x1b[KerrMsg\x1b[m\x1b[K\xe2\x80\x99 [\x1b[01;35m\x1b[K\x1b]8;;https://gcc.gnu.org/onlinedocs/gcc/Warning-Options.html#index-Wunused-parameter\x07-Wunused-parameter\x1b]8;;\x07\x1b[m\x1b[K]\n'}
[7.334039] (rplidar_ros) StderrLine: {'line': b'   56 |         virtual void onDecodingError(\x1b[01;35m\x1b[Kint errMsg\x1b[m\x1b[K, _u8 ansType, const void* payload, size_t size) {}\n'}
[7.334189] (rplidar_ros) StderrLine: {'line': b'      |                                      \x1b[01;35m\x1b[K~~~~^~~~~~\x1b[m\x1b[K\n'}
[7.334343] (rplidar_ros) StderrLine: {'line': b'\x1b[01m\x1b[K/home/ubuntu/rb3302_final_proj_code/robot_ws/src/rplidar_ros/sdk/src/dataunpacker/unpacker/../dataunpacker.h:56:54:\x1b[m\x1b[K \x1b[01;35m\x1b[Kwarning: \x1b[m\x1b[Kunused parameter \xe2\x80\x98\x1b[01m\x1b[KansType\x1b[m\x1b[K\xe2\x80\x99 [\x1b[01;35m\x1b[K\x1b]8;;https://gcc.gnu.org/onlinedocs/gcc/Warning-Options.html#index-Wunused-parameter\x07-Wunused-parameter\x1b]8;;\x07\x1b[m\x1b[K]\n'}
[7.334539] (rplidar_ros) StderrLine: {'line': b'   56 |         virtual void onDecodingError(int errMsg, \x1b[01;35m\x1b[K_u8 ansType\x1b[m\x1b[K, const void* payload, size_t size) {}\n'}
[7.334694] (rplidar_ros) StderrLine: {'line': b'      |                                                  \x1b[01;35m\x1b[K~~~~^~~~~~~\x1b[m\x1b[K\n'}
[7.334820] (rplidar_ros) StderrLine: {'line': b'\x1b[01m\x1b[K/home/ubuntu/rb3302_final_proj_code/robot_ws/src/rplidar_ros/sdk/src/dataunpacker/unpacker/../dataunpacker.h:56:75:\x1b[m\x1b[K \x1b[01;35m\x1b[Kwarning: \x1b[m\x1b[Kunused parameter \xe2\x80\x98\x1b[01m\x1b[Kpayload\x1b[m\x1b[K\xe2\x80\x99 [\x1b[01;35m\x1b[K\x1b]8;;https://gcc.gnu.org/onlinedocs/gcc/Warning-Options.html#index-Wunused-parameter\x07-Wunused-parameter\x1b]8;;\x07\x1b[m\x1b[K]\n'}
[7.334958] (rplidar_ros) StderrLine: {'line': b'   56 |         virtual void onDecodingError(int errMsg, _u8 ansType, \x1b[01;35m\x1b[Kconst void* payload\x1b[m\x1b[K, size_t size) {}\n'}
[7.335083] (rplidar_ros) StderrLine: {'line': b'      |                                                               \x1b[01;35m\x1b[K~~~~~~~~~~~~^~~~~~~\x1b[m\x1b[K\n'}
[7.335204] (rplidar_ros) StderrLine: {'line': b'\x1b[01m\x1b[K/home/ubuntu/rb3302_final_proj_code/robot_ws/src/rplidar_ros/sdk/src/dataunpacker/unpacker/../dataunpacker.h:56:91:\x1b[m\x1b[K \x1b[01;35m\x1b[Kwarning: \x1b[m\x1b[Kunused parameter \xe2\x80\x98\x1b[01m\x1b[Ksize\x1b[m\x1b[K\xe2\x80\x99 [\x1b[01;35m\x1b[K\x1b]8;;https://gcc.gnu.org/onlinedocs/gcc/Warning-Options.html#index-Wunused-parameter\x07-Wunused-parameter\x1b]8;;\x07\x1b[m\x1b[K]\n'}
[7.335334] (rplidar_ros) StderrLine: {'line': b'   56 |         virtual void onDecodingError(int errMsg, _u8 ansType, const void* payload, \x1b[01;35m\x1b[Ksize_t size\x1b[m\x1b[K) {}\n'}
[7.335554] (rplidar_ros) StderrLine: {'line': b'      |                                                                                    \x1b[01;35m\x1b[K~~~~~~~^~~~\x1b[m\x1b[K\n'}
[7.351788] (-) TimerEvent: {}
[7.452360] (-) TimerEvent: {}
[7.550511] (rplidar_ros) StderrLine: {'line': b'In file included from \x1b[01m\x1b[K/home/ubuntu/rb3302_final_proj_code/robot_ws/src/rplidar_ros/sdk/include/rplidar_protocol.h:36\x1b[m\x1b[K,\n'}
[7.551097] (rplidar_ros) StderrLine: {'line': b'                 from \x1b[01m\x1b[K/home/ubuntu/rb3302_final_proj_code/robot_ws/src/rplidar_ros/sdk/include/rplidar.h:39\x1b[m\x1b[K,\n'}
[7.551375] (rplidar_ros) StderrLine: {'line': b'                 from \x1b[01m\x1b[K/home/ubuntu/rb3302_final_proj_code/robot_ws/src/rplidar_ros/sdk/src/sdkcommon.h:49\x1b[m\x1b[K,\n'}
[7.552677] (rplidar_ros) StderrLine: {'line': b'                 from \x1b[01m\x1b[K/home/ubuntu/rb3302_final_proj_code/robot_ws/src/rplidar_ros/sdk/src/hal/thread.cpp:35\x1b[m\x1b[K:\n'}
[7.552963] (-) TimerEvent: {}
[7.553159] (rplidar_ros) StderrLine: {'line': b'\x1b[01m\x1b[K/home/ubuntu/rb3302_final_proj_code/robot_ws/src/rplidar_ros/sdk/include/sl_lidar_protocol.h:66:16:\x1b[m\x1b[K \x1b[01;35m\x1b[Kwarning: \x1b[m\x1b[KISO C++ forbids zero-size array \xe2\x80\x98\x1b[01m\x1b[Kdata\x1b[m\x1b[K\xe2\x80\x99 [\x1b[01;35m\x1b[K\x1b]8;;https://gcc.gnu.org/onlinedocs/gcc/Warning-Options.html#index-Wpedantic\x07-Wpedantic\x1b]8;;\x07\x1b[m\x1b[K]\n'}
[7.553321] (rplidar_ros) StderrLine: {'line': b'   66 |     sl_u8 data[\x1b[01;35m\x1b[K0\x1b[m\x1b[K];\n'}
[7.553491] (rplidar_ros) StderrLine: {'line': b'      |                \x1b[01;35m\x1b[K^\x1b[m\x1b[K\n'}
[7.553760] (rplidar_ros) StderrLine: {'line': b'In file included from \x1b[01m\x1b[K/home/ubuntu/rb3302_final_proj_code/robot_ws/src/rplidar_ros/sdk/include/rplidar_cmd.h:36\x1b[m\x1b[K,\n'}
[7.553981] (rplidar_ros) StderrLine: {'line': b'                 from \x1b[01m\x1b[K/home/ubuntu/rb3302_final_proj_code/robot_ws/src/rplidar_ros/sdk/include/rplidar.h:40\x1b[m\x1b[K:\n'}
[7.554195] (rplidar_ros) StderrLine: {'line': b'\x1b[01m\x1b[K/home/ubuntu/rb3302_final_proj_code/robot_ws/src/rplidar_ros/sdk/include/sl_lidar_cmd.h:324:20:\x1b[m\x1b[K \x1b[01;35m\x1b[Kwarning: \x1b[m\x1b[KISO C++ forbids zero-size array \xe2\x80\x98\x1b[01m\x1b[Kpayload\x1b[m\x1b[K\xe2\x80\x99 [\x1b[01;35m\x1b[K\x1b]8;;https://gcc.gnu.org/onlinedocs/gcc/Warning-Options.html#index-Wpedantic\x07-Wpedantic\x1b]8;;\x07\x1b[m\x1b[K]\n'}
[7.554522] (rplidar_ros) StderrLine: {'line': b'  324 |     sl_u8  payload[\x1b[01;35m\x1b[K0\x1b[m\x1b[K];\n'}
[7.556515] (rplidar_ros) StderrLine: {'line': b'      |                    \x1b[01;35m\x1b[K^\x1b[m\x1b[K\n'}
[7.607715] (rplidar_ros) StderrLine: {'line': b'In file included from \x1b[01m\x1b[K/home/ubuntu/rb3302_final_proj_code/robot_ws/src/rplidar_ros/sdk/src/hal/thread.cpp:43\x1b[m\x1b[K:\n'}
[7.608358] (rplidar_ros) StderrLine: {'line': b'\x1b[01m\x1b[K/home/ubuntu/rb3302_final_proj_code/robot_ws/src/rplidar_ros/sdk/src/arch/linux/thread.hpp:\x1b[m\x1b[K In static member function \xe2\x80\x98\x1b[01m\x1b[Kstatic rp::hal::Thread rp::hal::Thread::\x1b[01;32m\x1b[Kcreate\x1b[m\x1b[K(thread_proc_t, void*)\x1b[m\x1b[K\xe2\x80\x99:\n'}
[7.610504] (rplidar_ros) StderrLine: {'line': b'\x1b[01m\x1b[K/home/ubuntu/rb3302_final_proj_code/robot_ws/src/rplidar_ros/sdk/src/arch/linux/thread.hpp:52:57:\x1b[m\x1b[K \x1b[01;35m\x1b[Kwarning: \x1b[m\x1b[Kcast between incompatible function types from \xe2\x80\x98\x1b[01m\x1b[Kthread_proc_t\x1b[m\x1b[K\xe2\x80\x99 {aka \xe2\x80\x98\x1b[01m\x1b[Klong unsigned int (*)(void*)\x1b[m\x1b[K\xe2\x80\x99} to \xe2\x80\x98\x1b[01m\x1b[Kvoid* (*)(void*)\x1b[m\x1b[K\xe2\x80\x99 [\x1b[01;35m\x1b[K\x1b]8;;https://gcc.gnu.org/onlinedocs/gcc/Warning-Options.html#index-Wcast-function-type\x07-Wcast-function-type\x1b]8;;\x07\x1b[m\x1b[K]\n'}
[7.610943] (rplidar_ros) StderrLine: {'line': b'   52 |     pthread_create((pthread_t *)&newborn._handle, NULL, \x1b[01;35m\x1b[K(void * (*)(void *))proc\x1b[m\x1b[K, data);\n'}
[7.611114] (rplidar_ros) StderrLine: {'line': b'      |                                                         \x1b[01;35m\x1b[K^~~~~~~~~~~~~~~~~~~~~~~~\x1b[m\x1b[K\n'}
[7.611536] (rplidar_ros) StderrLine: {'line': b'\x1b[01m\x1b[K/home/ubuntu/rb3302_final_proj_code/robot_ws/src/rplidar_ros/sdk/src/arch/linux/thread.hpp:\x1b[m\x1b[K In member function \xe2\x80\x98\x1b[01m\x1b[Ku_result rp::hal::Thread::\x1b[01;32m\x1b[Kjoin\x1b[m\x1b[K(long unsigned int)\x1b[m\x1b[K\xe2\x80\x99:\n'}
[7.611875] (rplidar_ros) StderrLine: {'line': b'\x1b[01m\x1b[K/home/ubuntu/rb3302_final_proj_code/robot_ws/src/rplidar_ros/sdk/src/arch/linux/thread.hpp:176:37:\x1b[m\x1b[K \x1b[01;35m\x1b[Kwarning: \x1b[m\x1b[Kunused parameter \xe2\x80\x98\x1b[01m\x1b[Ktimeout\x1b[m\x1b[K\xe2\x80\x99 [\x1b[01;35m\x1b[K\x1b]8;;https://gcc.gnu.org/onlinedocs/gcc/Warning-Options.html#index-Wunused-parameter\x07-Wunused-parameter\x1b]8;;\x07\x1b[m\x1b[K]\n'}
[7.612118] (rplidar_ros) StderrLine: {'line': b'  176 | u_result Thread::join(\x1b[01;35m\x1b[Kunsigned long timeout\x1b[m\x1b[K)\n'}
[7.612353] (rplidar_ros) StderrLine: {'line': b'      |                       \x1b[01;35m\x1b[K~~~~~~~~~~~~~~^~~~~~~\x1b[m\x1b[K\n'}
[7.613552] (rplidar_ros) StdoutLine: {'line': b'[ 39%] \x1b[32mBuilding CXX object CMakeFiles/rplidar_composition.dir/sdk/src/arch/linux/timer.cpp.o\x1b[0m\n'}
[7.655509] (-) TimerEvent: {}
[7.755950] (-) TimerEvent: {}
[7.773343] (rplidar_ros) StdoutLine: {'line': b'[ 42%] \x1b[32mBuilding CXX object CMakeFiles/rplidar_composition.dir/sdk/src/dataunpacker/dataunpacker.cpp.o\x1b[0m\n'}
[7.785614] (rplidar_ros) StdoutLine: {'line': b'[ 44%] \x1b[32mBuilding CXX object CMakeFiles/rplidar_node.dir/sdk/src/sl_async_transceiver.cpp.o\x1b[0m\n'}
[7.829382] (rplidar_ros) StdoutLine: {'line': b'[ 47%] \x1b[32mBuilding CXX object CMakeFiles/rplidar_node.dir/sdk/src/sl_crc.cpp.o\x1b[0m\n'}
[7.856112] (-) TimerEvent: {}
[7.899512] (rplidar_ros) StderrLine: {'line': b'In file included from \x1b[01m\x1b[K/home/ubuntu/rb3302_final_proj_code/robot_ws/src/rplidar_ros/sdk/include/sl_lidar_cmd.h:41\x1b[m\x1b[K,\n'}
[7.899841] (rplidar_ros) StderrLine: {'line': b'                 from \x1b[01m\x1b[K/home/ubuntu/rb3302_final_proj_code/robot_ws/src/rplidar_ros/sdk/include/sl_crc.h:36\x1b[m\x1b[K,\n'}
[7.899969] (rplidar_ros) StderrLine: {'line': b'                 from \x1b[01m\x1b[K/home/ubuntu/rb3302_final_proj_code/robot_ws/src/rplidar_ros/sdk/src/sl_crc.cpp:33\x1b[m\x1b[K:\n'}
[7.900081] (rplidar_ros) StderrLine: {'line': b'\x1b[01m\x1b[K/home/ubuntu/rb3302_final_proj_code/robot_ws/src/rplidar_ros/sdk/include/sl_lidar_protocol.h:66:16:\x1b[m\x1b[K \x1b[01;35m\x1b[Kwarning: \x1b[m\x1b[KISO C++ forbids zero-size array \xe2\x80\x98\x1b[01m\x1b[Kdata\x1b[m\x1b[K\xe2\x80\x99 [\x1b[01;35m\x1b[K\x1b]8;;https://gcc.gnu.org/onlinedocs/gcc/Warning-Options.html#index-Wpedantic\x07-Wpedantic\x1b]8;;\x07\x1b[m\x1b[K]\n'}
[7.900303] (rplidar_ros) StderrLine: {'line': b'   66 |     sl_u8 data[\x1b[01;35m\x1b[K0\x1b[m\x1b[K];\n'}
[7.900549] (rplidar_ros) StderrLine: {'line': b'      |                \x1b[01;35m\x1b[K^\x1b[m\x1b[K\n'}
[7.900953] (rplidar_ros) StderrLine: {'line': b'\x1b[01m\x1b[K/home/ubuntu/rb3302_final_proj_code/robot_ws/src/rplidar_ros/sdk/include/sl_lidar_cmd.h:324:20:\x1b[m\x1b[K \x1b[01;35m\x1b[Kwarning: \x1b[m\x1b[KISO C++ forbids zero-size array \xe2\x80\x98\x1b[01m\x1b[Kpayload\x1b[m\x1b[K\xe2\x80\x99 [\x1b[01;35m\x1b[K\x1b]8;;https://gcc.gnu.org/onlinedocs/gcc/Warning-Options.html#index-Wpedantic\x07-Wpedantic\x1b]8;;\x07\x1b[m\x1b[K]\n'}
[7.901152] (rplidar_ros) StderrLine: {'line': b'  324 |     sl_u8  payload[\x1b[01;35m\x1b[K0\x1b[m\x1b[K];\n'}
[7.901264] (rplidar_ros) StderrLine: {'line': b'      |                    \x1b[01;35m\x1b[K^\x1b[m\x1b[K\n'}
[7.956550] (-) TimerEvent: {}
[7.970916] (rplidar_ros) StdoutLine: {'line': b'[ 50%] \x1b[32mBuilding CXX object CMakeFiles/rplidar_node.dir/sdk/src/sl_lidar_driver.cpp.o\x1b[0m\n'}
[8.059537] (-) TimerEvent: {}
[8.079735] (rplidar_ros) StderrLine: {'line': b'In file included from \x1b[01m\x1b[K/home/ubuntu/rb3302_final_proj_code/robot_ws/src/rplidar_ros/sdk/include/rplidar_protocol.h:36\x1b[m\x1b[K,\n'}
[8.080181] (rplidar_ros) StderrLine: {'line': b'                 from \x1b[01m\x1b[K/home/ubuntu/rb3302_final_proj_code/robot_ws/src/rplidar_ros/sdk/include/rplidar.h:39\x1b[m\x1b[K,\n'}
[8.081451] (rplidar_ros) StderrLine: {'line': b'                 from \x1b[01m\x1b[K/home/ubuntu/rb3302_final_proj_code/robot_ws/src/rplidar_ros/sdk/src/sdkcommon.h:49\x1b[m\x1b[K,\n'}
[8.081734] (rplidar_ros) StderrLine: {'line': b'                 from \x1b[01m\x1b[K/home/ubuntu/rb3302_final_proj_code/robot_ws/src/rplidar_ros/sdk/src/rplidar_driver.cpp:33\x1b[m\x1b[K:\n'}
[8.081861] (rplidar_ros) StderrLine: {'line': b'\x1b[01m\x1b[K/home/ubuntu/rb3302_final_proj_code/robot_ws/src/rplidar_ros/sdk/include/sl_lidar_protocol.h:66:16:\x1b[m\x1b[K \x1b[01;35m\x1b[Kwarning: \x1b[m\x1b[KISO C++ forbids zero-size array \xe2\x80\x98\x1b[01m\x1b[Kdata\x1b[m\x1b[K\xe2\x80\x99 [\x1b[01;35m\x1b[K\x1b]8;;https://gcc.gnu.org/onlinedocs/gcc/Warning-Options.html#index-Wpedantic\x07-Wpedantic\x1b]8;;\x07\x1b[m\x1b[K]\n'}
[8.081974] (rplidar_ros) StderrLine: {'line': b'   66 |     sl_u8 data[\x1b[01;35m\x1b[K0\x1b[m\x1b[K];\n'}
[8.082075] (rplidar_ros) StderrLine: {'line': b'      |                \x1b[01;35m\x1b[K^\x1b[m\x1b[K\n'}
[8.083637] (rplidar_ros) StderrLine: {'line': b'In file included from \x1b[01m\x1b[K/home/ubuntu/rb3302_final_proj_code/robot_ws/src/rplidar_ros/sdk/include/rplidar_cmd.h:36\x1b[m\x1b[K,\n'}
[8.083950] (rplidar_ros) StderrLine: {'line': b'                 from \x1b[01m\x1b[K/home/ubuntu/rb3302_final_proj_code/robot_ws/src/rplidar_ros/sdk/include/rplidar.h:40\x1b[m\x1b[K:\n'}
[8.084079] (rplidar_ros) StderrLine: {'line': b'\x1b[01m\x1b[K/home/ubuntu/rb3302_final_proj_code/robot_ws/src/rplidar_ros/sdk/include/sl_lidar_cmd.h:324:20:\x1b[m\x1b[K \x1b[01;35m\x1b[Kwarning: \x1b[m\x1b[KISO C++ forbids zero-size array \xe2\x80\x98\x1b[01m\x1b[Kpayload\x1b[m\x1b[K\xe2\x80\x99 [\x1b[01;35m\x1b[K\x1b]8;;https://gcc.gnu.org/onlinedocs/gcc/Warning-Options.html#index-Wpedantic\x07-Wpedantic\x1b]8;;\x07\x1b[m\x1b[K]\n'}
[8.084201] (rplidar_ros) StderrLine: {'line': b'  324 |     sl_u8  payload[\x1b[01;35m\x1b[K0\x1b[m\x1b[K];\n'}
[8.084303] (rplidar_ros) StderrLine: {'line': b'      |                    \x1b[01;35m\x1b[K^\x1b[m\x1b[K\n'}
[8.162519] (-) TimerEvent: {}
[8.173788] (rplidar_ros) StderrLine: {'line': b'\x1b[01m\x1b[K/home/ubuntu/rb3302_final_proj_code/robot_ws/src/rplidar_ros/sdk/src/rplidar_driver.cpp:\x1b[m\x1b[K In member function \xe2\x80\x98\x1b[01m\x1b[Ku_result rp::standalone::rplidar::RPlidarDriver::\x1b[01;32m\x1b[Kconnect\x1b[m\x1b[K(const char*, _u32, _u32)\x1b[m\x1b[K\xe2\x80\x99:\n'}
[8.174245] (rplidar_ros) StderrLine: {'line': b'\x1b[01m\x1b[K/home/ubuntu/rb3302_final_proj_code/robot_ws/src/rplidar_ros/sdk/src/rplidar_driver.cpp:67:77:\x1b[m\x1b[K \x1b[01;35m\x1b[Kwarning: \x1b[m\x1b[Kunused parameter \xe2\x80\x98\x1b[01m\x1b[Kflag\x1b[m\x1b[K\xe2\x80\x99 [\x1b[01;35m\x1b[K\x1b]8;;https://gcc.gnu.org/onlinedocs/gcc/Warning-Options.html#index-Wunused-parameter\x07-Wunused-parameter\x1b]8;;\x07\x1b[m\x1b[K]\n'}
[8.174592] (rplidar_ros) StderrLine: {'line': b'   67 |     u_result RPlidarDriver::connect(const char *path, _u32 portOrBaud, \x1b[01;35m\x1b[K_u32 flag\x1b[m\x1b[K)\n'}
[8.174874] (rplidar_ros) StderrLine: {'line': b'      |                                                                        \x1b[01;35m\x1b[K~~~~~^~~~\x1b[m\x1b[K\n'}
[8.175738] (rplidar_ros) StderrLine: {'line': b'\x1b[01m\x1b[K/home/ubuntu/rb3302_final_proj_code/robot_ws/src/rplidar_ros/sdk/src/rplidar_driver.cpp:\x1b[m\x1b[K In member function \xe2\x80\x98\x1b[01m\x1b[Ku_result rp::standalone::rplidar::RPlidarDriver::\x1b[01;32m\x1b[Kreset\x1b[m\x1b[K(_u32)\x1b[m\x1b[K\xe2\x80\x99:\n'}
[8.177575] (rplidar_ros) StderrLine: {'line': b'\x1b[01m\x1b[K/home/ubuntu/rb3302_final_proj_code/robot_ws/src/rplidar_ros/sdk/src/rplidar_driver.cpp:101:40:\x1b[m\x1b[K \x1b[01;35m\x1b[Kwarning: \x1b[m\x1b[Kunused parameter \xe2\x80\x98\x1b[01m\x1b[Ktimeout\x1b[m\x1b[K\xe2\x80\x99 [\x1b[01;35m\x1b[K\x1b]8;;https://gcc.gnu.org/onlinedocs/gcc/Warning-Options.html#index-Wunused-parameter\x07-Wunused-parameter\x1b]8;;\x07\x1b[m\x1b[K]\n'}
[8.177877] (rplidar_ros) StderrLine: {'line': b'  101 |     u_result RPlidarDriver::reset(\x1b[01;35m\x1b[K_u32 timeout\x1b[m\x1b[K)\n'}
[8.178004] (rplidar_ros) StderrLine: {'line': b'      |                                   \x1b[01;35m\x1b[K~~~~~^~~~~~~\x1b[m\x1b[K\n'}
[8.179006] (rplidar_ros) StderrLine: {'line': b'\x1b[01m\x1b[K/home/ubuntu/rb3302_final_proj_code/robot_ws/src/rplidar_ros/sdk/src/rplidar_driver.cpp:\x1b[m\x1b[K In member function \xe2\x80\x98\x1b[01m\x1b[Ku_result rp::standalone::rplidar::RPlidarDriver::\x1b[01;32m\x1b[KgetScanDataWithInterval\x1b[m\x1b[K(rplidar_response_measurement_node_t*, size_t&)\x1b[m\x1b[K\xe2\x80\x99:\n'}
[8.179498] (rplidar_ros) StderrLine: {'line': b'\x1b[01m\x1b[K/home/ubuntu/rb3302_final_proj_code/robot_ws/src/rplidar_ros/sdk/src/rplidar_driver.cpp:180:91:\x1b[m\x1b[K \x1b[01;35m\x1b[Kwarning: \x1b[m\x1b[Kunused parameter \xe2\x80\x98\x1b[01m\x1b[Knodebuffer\x1b[m\x1b[K\xe2\x80\x99 [\x1b[01;35m\x1b[K\x1b]8;;https://gcc.gnu.org/onlinedocs/gcc/Warning-Options.html#index-Wunused-parameter\x07-Wunused-parameter\x1b]8;;\x07\x1b[m\x1b[K]\n'}
[8.179882] (rplidar_ros) StderrLine: {'line': b'  180 |     u_result RPlidarDriver::getScanDataWithInterval(\x1b[01;35m\x1b[Krplidar_response_measurement_node_t * nodebuffer\x1b[m\x1b[K, size_t & count)\n'}
[8.180149] (rplidar_ros) StderrLine: {'line': b'      |                                                     \x1b[01;35m\x1b[K~~~~~~~~~~~~~~~~~~~~~~~~~~~~~~~~~~~~~~^~~~~~~~~~\x1b[m\x1b[K\n'}
[8.180281] (rplidar_ros) StderrLine: {'line': b'\x1b[01m\x1b[K/home/ubuntu/rb3302_final_proj_code/robot_ws/src/rplidar_ros/sdk/src/rplidar_driver.cpp:180:112:\x1b[m\x1b[K \x1b[01;35m\x1b[Kwarning: \x1b[m\x1b[Kunused parameter \xe2\x80\x98\x1b[01m\x1b[Kcount\x1b[m\x1b[K\xe2\x80\x99 [\x1b[01;35m\x1b[K\x1b]8;;https://gcc.gnu.org/onlinedocs/gcc/Warning-Options.html#index-Wunused-parameter\x07-Wunused-parameter\x1b]8;;\x07\x1b[m\x1b[K]\n'}
[8.183627] (rplidar_ros) StderrLine: {'line': b'  180 |     u_result RPlidarDriver::getScanDataWithInterval(rplidar_response_measurement_node_t * nodebuffer, \x1b[01;35m\x1b[Ksize_t & count\x1b[m\x1b[K)\n'}
[8.183973] (rplidar_ros) StderrLine: {'line': b'      |                                                                                                       \x1b[01;35m\x1b[K~~~~~~~~~^~~~~\x1b[m\x1b[K\n'}
[8.262656] (-) TimerEvent: {}
[8.363368] (-) TimerEvent: {}
[8.411036] (rplidar_ros) StdoutLine: {'line': b'[ 52%] \x1b[32mBuilding CXX object CMakeFiles/rplidar_composition.dir/sdk/src/dataunpacker/unpacker/handler_capsules.cpp.o\x1b[0m\n'}
[8.464538] (-) TimerEvent: {}
[8.565374] (-) TimerEvent: {}
[8.601621] (rplidar_ros) StderrLine: {'line': b'In file included from \x1b[01m\x1b[K/home/ubuntu/rb3302_final_proj_code/robot_ws/src/rplidar_ros/sdk/include/rplidar_protocol.h:36\x1b[m\x1b[K,\n'}
[8.601993] (rplidar_ros) StderrLine: {'line': b'                 from \x1b[01m\x1b[K/home/ubuntu/rb3302_final_proj_code/robot_ws/src/rplidar_ros/sdk/include/rplidar.h:39\x1b[m\x1b[K,\n'}
[8.602149] (rplidar_ros) StderrLine: {'line': b'                 from \x1b[01m\x1b[K/home/ubuntu/rb3302_final_proj_code/robot_ws/src/rplidar_ros/sdk/src/sdkcommon.h:49\x1b[m\x1b[K,\n'}
[8.602265] (rplidar_ros) StderrLine: {'line': b'                 from \x1b[01m\x1b[K/home/ubuntu/rb3302_final_proj_code/robot_ws/src/rplidar_ros/sdk/src/dataunpacker/dataunnpacker_commondef.h:41\x1b[m\x1b[K,\n'}
[8.602379] (rplidar_ros) StderrLine: {'line': b'                 from \x1b[01m\x1b[K/home/ubuntu/rb3302_final_proj_code/robot_ws/src/rplidar_ros/sdk/src/dataunpacker/dataunpacker.cpp:39\x1b[m\x1b[K:\n'}
[8.602585] (rplidar_ros) StderrLine: {'line': b'\x1b[01m\x1b[K/home/ubuntu/rb3302_final_proj_code/robot_ws/src/rplidar_ros/sdk/include/sl_lidar_protocol.h:66:16:\x1b[m\x1b[K \x1b[01;35m\x1b[Kwarning: \x1b[m\x1b[KISO C++ forbids zero-size array \xe2\x80\x98\x1b[01m\x1b[Kdata\x1b[m\x1b[K\xe2\x80\x99 [\x1b[01;35m\x1b[K\x1b]8;;https://gcc.gnu.org/onlinedocs/gcc/Warning-Options.html#index-Wpedantic\x07-Wpedantic\x1b]8;;\x07\x1b[m\x1b[K]\n'}
[8.602707] (rplidar_ros) StderrLine: {'line': b'   66 |     sl_u8 data[\x1b[01;35m\x1b[K0\x1b[m\x1b[K];\n'}
[8.602819] (rplidar_ros) StderrLine: {'line': b'      |                \x1b[01;35m\x1b[K^\x1b[m\x1b[K\n'}
[8.605510] (rplidar_ros) StderrLine: {'line': b'In file included from \x1b[01m\x1b[K/home/ubuntu/rb3302_final_proj_code/robot_ws/src/rplidar_ros/sdk/include/rplidar_cmd.h:36\x1b[m\x1b[K,\n'}
[8.605846] (rplidar_ros) StderrLine: {'line': b'                 from \x1b[01m\x1b[K/home/ubuntu/rb3302_final_proj_code/robot_ws/src/rplidar_ros/sdk/include/rplidar.h:40\x1b[m\x1b[K:\n'}
[8.605983] (rplidar_ros) StderrLine: {'line': b'\x1b[01m\x1b[K/home/ubuntu/rb3302_final_proj_code/robot_ws/src/rplidar_ros/sdk/include/sl_lidar_cmd.h:324:20:\x1b[m\x1b[K \x1b[01;35m\x1b[Kwarning: \x1b[m\x1b[KISO C++ forbids zero-size array \xe2\x80\x98\x1b[01m\x1b[Kpayload\x1b[m\x1b[K\xe2\x80\x99 [\x1b[01;35m\x1b[K\x1b]8;;https://gcc.gnu.org/onlinedocs/gcc/Warning-Options.html#index-Wpedantic\x07-Wpedantic\x1b]8;;\x07\x1b[m\x1b[K]\n'}
[8.606107] (rplidar_ros) StderrLine: {'line': b'  324 |     sl_u8  payload[\x1b[01;35m\x1b[K0\x1b[m\x1b[K];\n'}
[8.606218] (rplidar_ros) StderrLine: {'line': b'      |                    \x1b[01;35m\x1b[K^\x1b[m\x1b[K\n'}
[8.665538] (-) TimerEvent: {}
[8.765981] (-) TimerEvent: {}
[8.793347] (rplidar_ros) StderrLine: {'line': b'In file included from \x1b[01m\x1b[K/home/ubuntu/rb3302_final_proj_code/robot_ws/src/rplidar_ros/sdk/include/rplidar_protocol.h:36\x1b[m\x1b[K,\n'}
[8.793888] (rplidar_ros) StderrLine: {'line': b'                 from \x1b[01m\x1b[K/home/ubuntu/rb3302_final_proj_code/robot_ws/src/rplidar_ros/sdk/include/rplidar.h:39\x1b[m\x1b[K,\n'}
[8.794176] (rplidar_ros) StderrLine: {'line': b'                 from \x1b[01m\x1b[K/home/ubuntu/rb3302_final_proj_code/robot_ws/src/rplidar_ros/sdk/src/sdkcommon.h:49\x1b[m\x1b[K,\n'}
[8.794493] (rplidar_ros) StderrLine: {'line': b'                 from \x1b[01m\x1b[K/home/ubuntu/rb3302_final_proj_code/robot_ws/src/rplidar_ros/sdk/src/sl_lidar_driver.cpp:33\x1b[m\x1b[K:\n'}
[8.794827] (rplidar_ros) StderrLine: {'line': b'\x1b[01m\x1b[K/home/ubuntu/rb3302_final_proj_code/robot_ws/src/rplidar_ros/sdk/include/sl_lidar_protocol.h:66:16:\x1b[m\x1b[K \x1b[01;35m\x1b[Kwarning: \x1b[m\x1b[KISO C++ forbids zero-size array \xe2\x80\x98\x1b[01m\x1b[Kdata\x1b[m\x1b[K\xe2\x80\x99 [\x1b[01;35m\x1b[K\x1b]8;;https://gcc.gnu.org/onlinedocs/gcc/Warning-Options.html#index-Wpedantic\x07-Wpedantic\x1b]8;;\x07\x1b[m\x1b[K]\n'}
[8.794976] (rplidar_ros) StderrLine: {'line': b'   66 |     sl_u8 data[\x1b[01;35m\x1b[K0\x1b[m\x1b[K];\n'}
[8.796119] (rplidar_ros) StderrLine: {'line': b'      |                \x1b[01;35m\x1b[K^\x1b[m\x1b[K\n'}
[8.796653] (rplidar_ros) StderrLine: {'line': b'In file included from \x1b[01m\x1b[K/home/ubuntu/rb3302_final_proj_code/robot_ws/src/rplidar_ros/sdk/include/rplidar_cmd.h:36\x1b[m\x1b[K,\n'}
[8.797038] (rplidar_ros) StderrLine: {'line': b'                 from \x1b[01m\x1b[K/home/ubuntu/rb3302_final_proj_code/robot_ws/src/rplidar_ros/sdk/include/rplidar.h:40\x1b[m\x1b[K:\n'}
[8.797338] (rplidar_ros) StderrLine: {'line': b'\x1b[01m\x1b[K/home/ubuntu/rb3302_final_proj_code/robot_ws/src/rplidar_ros/sdk/include/sl_lidar_cmd.h:324:20:\x1b[m\x1b[K \x1b[01;35m\x1b[Kwarning: \x1b[m\x1b[KISO C++ forbids zero-size array \xe2\x80\x98\x1b[01m\x1b[Kpayload\x1b[m\x1b[K\xe2\x80\x99 [\x1b[01;35m\x1b[K\x1b]8;;https://gcc.gnu.org/onlinedocs/gcc/Warning-Options.html#index-Wpedantic\x07-Wpedantic\x1b]8;;\x07\x1b[m\x1b[K]\n'}
[8.797668] (rplidar_ros) StderrLine: {'line': b'  324 |     sl_u8  payload[\x1b[01;35m\x1b[K0\x1b[m\x1b[K];\n'}
[8.797915] (rplidar_ros) StderrLine: {'line': b'      |                    \x1b[01;35m\x1b[K^\x1b[m\x1b[K\n'}
[8.869509] (-) TimerEvent: {}
[8.897786] (rplidar_ros) StderrLine: {'line': b'In file included from \x1b[01m\x1b[K/home/ubuntu/rb3302_final_proj_code/robot_ws/src/rplidar_ros/sdk/src/dataunpacker/dataunpacker.cpp:40\x1b[m\x1b[K:\n'}
[8.898234] (rplidar_ros) StderrLine: {'line': b'\x1b[01m\x1b[K/home/ubuntu/rb3302_final_proj_code/robot_ws/src/rplidar_ros/sdk/src/dataunpacker/dataunpacker.h:\x1b[m\x1b[K In member function \xe2\x80\x98\x1b[01m\x1b[Kvirtual void sl::internal::LIDARSampleDataListener::\x1b[01;32m\x1b[KonCustomSampleDataDecoded\x1b[m\x1b[K(_u8, _u32, const void*, size_t)\x1b[m\x1b[K\xe2\x80\x99:\n'}
[8.898639] (rplidar_ros) StderrLine: {'line': b'\x1b[01m\x1b[K/home/ubuntu/rb3302_final_proj_code/robot_ws/src/rplidar_ros/sdk/src/dataunpacker/dataunpacker.h:54:52:\x1b[m\x1b[K \x1b[01;35m\x1b[Kwarning: \x1b[m\x1b[Kunused parameter \xe2\x80\x98\x1b[01m\x1b[KansType\x1b[m\x1b[K\xe2\x80\x99 [\x1b[01;35m\x1b[K\x1b]8;;https://gcc.gnu.org/onlinedocs/gcc/Warning-Options.html#index-Wunused-parameter\x07-Wunused-parameter\x1b]8;;\x07\x1b[m\x1b[K]\n'}
[8.898937] (rplidar_ros) StderrLine: {'line': b'   54 |         virtual void onCustomSampleDataDecoded(\x1b[01;35m\x1b[K_u8 ansType\x1b[m\x1b[K, _u32 customCode, const void* data, size_t size) {}\n'}
[8.899177] (rplidar_ros) StderrLine: {'line': b'      |                                                \x1b[01;35m\x1b[K~~~~^~~~~~~\x1b[m\x1b[K\n'}
[8.899554] (rplidar_ros) StderrLine: {'line': b'\x1b[01m\x1b[K/home/ubuntu/rb3302_final_proj_code/robot_ws/src/rplidar_ros/sdk/src/dataunpacker/dataunpacker.h:54:66:\x1b[m\x1b[K \x1b[01;35m\x1b[Kwarning: \x1b[m\x1b[Kunused parameter \xe2\x80\x98\x1b[01m\x1b[KcustomCode\x1b[m\x1b[K\xe2\x80\x99 [\x1b[01;35m\x1b[K\x1b]8;;https://gcc.gnu.org/onlinedocs/gcc/Warning-Options.html#index-Wunused-parameter\x07-Wunused-parameter\x1b]8;;\x07\x1b[m\x1b[K]\n'}
[8.900316] (rplidar_ros) StderrLine: {'line': b'   54 |         virtual void onCustomSampleDataDecoded(_u8 ansType, \x1b[01;35m\x1b[K_u32 customCode\x1b[m\x1b[K, const void* data, size_t size) {}\n'}
[8.900616] (rplidar_ros) StderrLine: {'line': b'      |                                                             \x1b[01;35m\x1b[K~~~~~^~~~~~~~~~\x1b[m\x1b[K\n'}
[8.900744] (rplidar_ros) StderrLine: {'line': b'\x1b[01m\x1b[K/home/ubuntu/rb3302_final_proj_code/robot_ws/src/rplidar_ros/sdk/src/dataunpacker/dataunpacker.h:54:90:\x1b[m\x1b[K \x1b[01;35m\x1b[Kwarning: \x1b[m\x1b[Kunused parameter \xe2\x80\x98\x1b[01m\x1b[Kdata\x1b[m\x1b[K\xe2\x80\x99 [\x1b[01;35m\x1b[K\x1b]8;;https://gcc.gnu.org/onlinedocs/gcc/Warning-Options.html#index-Wunused-parameter\x07-Wunused-parameter\x1b]8;;\x07\x1b[m\x1b[K]\n'}
[8.900868] (rplidar_ros) StderrLine: {'line': b'   54 |         virtual void onCustomSampleDataDecoded(_u8 ansType, _u32 customCode, \x1b[01;35m\x1b[Kconst void* data\x1b[m\x1b[K, size_t size) {}\n'}
[8.900971] (rplidar_ros) StderrLine: {'line': b'      |                                                                              \x1b[01;35m\x1b[K~~~~~~~~~~~~^~~~\x1b[m\x1b[K\n'}
[8.901070] (rplidar_ros) StderrLine: {'line': b'\x1b[01m\x1b[K/home/ubuntu/rb3302_final_proj_code/robot_ws/src/rplidar_ros/sdk/src/dataunpacker/dataunpacker.h:54:103:\x1b[m\x1b[K \x1b[01;35m\x1b[Kwarning: \x1b[m\x1b[Kunused parameter \xe2\x80\x98\x1b[01m\x1b[Ksize\x1b[m\x1b[K\xe2\x80\x99 [\x1b[01;35m\x1b[K\x1b]8;;https://gcc.gnu.org/onlinedocs/gcc/Warning-Options.html#index-Wunused-parameter\x07-Wunused-parameter\x1b]8;;\x07\x1b[m\x1b[K]\n'}
[8.901196] (rplidar_ros) StderrLine: {'line': b'   54 |         virtual void onCustomSampleDataDecoded(_u8 ansType, _u32 customCode, const void* data, \x1b[01;35m\x1b[Ksize_t size\x1b[m\x1b[K) {}\n'}
[8.901290] (rplidar_ros) StderrLine: {'line': b'      |                                                                                                \x1b[01;35m\x1b[K~~~~~~~^~~~\x1b[m\x1b[K\n'}
[8.905533] (rplidar_ros) StderrLine: {'line': b'\x1b[01m\x1b[K/home/ubuntu/rb3302_final_proj_code/robot_ws/src/rplidar_ros/sdk/src/dataunpacker/dataunpacker.h:\x1b[m\x1b[K In member function \xe2\x80\x98\x1b[01m\x1b[Kvirtual void sl::internal::LIDARSampleDataListener::\x1b[01;32m\x1b[KonDecodingError\x1b[m\x1b[K(int, _u8, const void*, size_t)\x1b[m\x1b[K\xe2\x80\x99:\n'}
[8.905916] (rplidar_ros) StderrLine: {'line': b'\x1b[01m\x1b[K/home/ubuntu/rb3302_final_proj_code/robot_ws/src/rplidar_ros/sdk/src/dataunpacker/dataunpacker.h:56:42:\x1b[m\x1b[K \x1b[01;35m\x1b[Kwarning: \x1b[m\x1b[Kunused parameter \xe2\x80\x98\x1b[01m\x1b[KerrMsg\x1b[m\x1b[K\xe2\x80\x99 [\x1b[01;35m\x1b[K\x1b]8;;https://gcc.gnu.org/onlinedocs/gcc/Warning-Options.html#index-Wunused-parameter\x07-Wunused-parameter\x1b]8;;\x07\x1b[m\x1b[K]\n'}
[8.906069] (rplidar_ros) StderrLine: {'line': b'   56 |         virtual void onDecodingError(\x1b[01;35m\x1b[Kint errMsg\x1b[m\x1b[K, _u8 ansType, const void* payload, size_t size) {}\n'}
[8.906178] (rplidar_ros) StderrLine: {'line': b'      |                                      \x1b[01;35m\x1b[K~~~~^~~~~~\x1b[m\x1b[K\n'}
[8.906297] (rplidar_ros) StderrLine: {'line': b'\x1b[01m\x1b[K/home/ubuntu/rb3302_final_proj_code/robot_ws/src/rplidar_ros/sdk/src/dataunpacker/dataunpacker.h:56:54:\x1b[m\x1b[K \x1b[01;35m\x1b[Kwarning: \x1b[m\x1b[Kunused parameter \xe2\x80\x98\x1b[01m\x1b[KansType\x1b[m\x1b[K\xe2\x80\x99 [\x1b[01;35m\x1b[K\x1b]8;;https://gcc.gnu.org/onlinedocs/gcc/Warning-Options.html#index-Wunused-parameter\x07-Wunused-parameter\x1b]8;;\x07\x1b[m\x1b[K]\n'}
[8.906459] (rplidar_ros) StderrLine: {'line': b'   56 |         virtual void onDecodingError(int errMsg, \x1b[01;35m\x1b[K_u8 ansType\x1b[m\x1b[K, const void* payload, size_t size) {}\n'}
[8.906581] (rplidar_ros) StderrLine: {'line': b'      |                                                  \x1b[01;35m\x1b[K~~~~^~~~~~~\x1b[m\x1b[K\n'}
[8.906683] (rplidar_ros) StderrLine: {'line': b'\x1b[01m\x1b[K/home/ubuntu/rb3302_final_proj_code/robot_ws/src/rplidar_ros/sdk/src/dataunpacker/dataunpacker.h:56:75:\x1b[m\x1b[K \x1b[01;35m\x1b[Kwarning: \x1b[m\x1b[Kunused parameter \xe2\x80\x98\x1b[01m\x1b[Kpayload\x1b[m\x1b[K\xe2\x80\x99 [\x1b[01;35m\x1b[K\x1b]8;;https://gcc.gnu.org/onlinedocs/gcc/Warning-Options.html#index-Wunused-parameter\x07-Wunused-parameter\x1b]8;;\x07\x1b[m\x1b[K]\n'}
[8.906803] (rplidar_ros) StderrLine: {'line': b'   56 |         virtual void onDecodingError(int errMsg, _u8 ansType, \x1b[01;35m\x1b[Kconst void* payload\x1b[m\x1b[K, size_t size) {}\n'}
[8.906917] (rplidar_ros) StderrLine: {'line': b'      |                                                               \x1b[01;35m\x1b[K~~~~~~~~~~~~^~~~~~~\x1b[m\x1b[K\n'}
[8.907017] (rplidar_ros) StderrLine: {'line': b'\x1b[01m\x1b[K/home/ubuntu/rb3302_final_proj_code/robot_ws/src/rplidar_ros/sdk/src/dataunpacker/dataunpacker.h:56:91:\x1b[m\x1b[K \x1b[01;35m\x1b[Kwarning: \x1b[m\x1b[Kunused parameter \xe2\x80\x98\x1b[01m\x1b[Ksize\x1b[m\x1b[K\xe2\x80\x99 [\x1b[01;35m\x1b[K\x1b]8;;https://gcc.gnu.org/onlinedocs/gcc/Warning-Options.html#index-Wunused-parameter\x07-Wunused-parameter\x1b]8;;\x07\x1b[m\x1b[K]\n'}
[8.907135] (rplidar_ros) StderrLine: {'line': b'   56 |         virtual void onDecodingError(int errMsg, _u8 ansType, const void* payload, \x1b[01;35m\x1b[Ksize_t size\x1b[m\x1b[K) {}\n'}
[8.907248] (rplidar_ros) StderrLine: {'line': b'      |                                                                                    \x1b[01;35m\x1b[K~~~~~~~^~~~\x1b[m\x1b[K\n'}
[8.969659] (-) TimerEvent: {}
[9.038512] (yesense_interface) StdoutLine: {'line': b'-- Found Python3: /usr/bin/python3 (found version "3.12.3") found components: Interpreter Development NumPy Development.Module Development.Embed \n'}
[9.069841] (-) TimerEvent: {}
[9.149428] (rplidar_ros) StderrLine: {'line': b'In file included from \x1b[01m\x1b[K/home/ubuntu/rb3302_final_proj_code/robot_ws/src/rplidar_ros/sdk/src/sl_lidar_driver.cpp:50\x1b[m\x1b[K:\n'}
[9.156810] (rplidar_ros) StderrLine: {'line': b'\x1b[01m\x1b[K/home/ubuntu/rb3302_final_proj_code/robot_ws/src/rplidar_ros/sdk/src/dataunpacker/dataunpacker.h:\x1b[m\x1b[K In member function \xe2\x80\x98\x1b[01m\x1b[Kvirtual void sl::internal::LIDARSampleDataListener::\x1b[01;32m\x1b[KonCustomSampleDataDecoded\x1b[m\x1b[K(_u8, _u32, const void*, size_t)\x1b[m\x1b[K\xe2\x80\x99:\n'}
[9.157164] (rplidar_ros) StderrLine: {'line': b'\x1b[01m\x1b[K/home/ubuntu/rb3302_final_proj_code/robot_ws/src/rplidar_ros/sdk/src/dataunpacker/dataunpacker.h:54:52:\x1b[m\x1b[K \x1b[01;35m\x1b[Kwarning: \x1b[m\x1b[Kunused parameter \xe2\x80\x98\x1b[01m\x1b[KansType\x1b[m\x1b[K\xe2\x80\x99 [\x1b[01;35m\x1b[K\x1b]8;;https://gcc.gnu.org/onlinedocs/gcc/Warning-Options.html#index-Wunused-parameter\x07-Wunused-parameter\x1b]8;;\x07\x1b[m\x1b[K]\n'}
[9.157308] (rplidar_ros) StderrLine: {'line': b'   54 |         virtual void onCustomSampleDataDecoded(\x1b[01;35m\x1b[K_u8 ansType\x1b[m\x1b[K, _u32 customCode, const void* data, size_t size) {}\n'}
[9.157471] (rplidar_ros) StderrLine: {'line': b'      |                                                \x1b[01;35m\x1b[K~~~~^~~~~~~\x1b[m\x1b[K\n'}
[9.157606] (rplidar_ros) StderrLine: {'line': b'\x1b[01m\x1b[K/home/ubuntu/rb3302_final_proj_code/robot_ws/src/rplidar_ros/sdk/src/dataunpacker/dataunpacker.h:54:66:\x1b[m\x1b[K \x1b[01;35m\x1b[Kwarning: \x1b[m\x1b[Kunused parameter \xe2\x80\x98\x1b[01m\x1b[KcustomCode\x1b[m\x1b[K\xe2\x80\x99 [\x1b[01;35m\x1b[K\x1b]8;;https://gcc.gnu.org/onlinedocs/gcc/Warning-Options.html#index-Wunused-parameter\x07-Wunused-parameter\x1b]8;;\x07\x1b[m\x1b[K]\n'}
[9.157727] (rplidar_ros) StderrLine: {'line': b'   54 |         virtual void onCustomSampleDataDecoded(_u8 ansType, \x1b[01;35m\x1b[K_u32 customCode\x1b[m\x1b[K, const void* data, size_t size) {}\n'}
[9.157833] (rplidar_ros) StderrLine: {'line': b'      |                                                             \x1b[01;35m\x1b[K~~~~~^~~~~~~~~~\x1b[m\x1b[K\n'}
[9.157934] (rplidar_ros) StderrLine: {'line': b'\x1b[01m\x1b[K/home/ubuntu/rb3302_final_proj_code/robot_ws/src/rplidar_ros/sdk/src/dataunpacker/dataunpacker.h:54:90:\x1b[m\x1b[K \x1b[01;35m\x1b[Kwarning: \x1b[m\x1b[Kunused parameter \xe2\x80\x98\x1b[01m\x1b[Kdata\x1b[m\x1b[K\xe2\x80\x99 [\x1b[01;35m\x1b[K\x1b]8;;https://gcc.gnu.org/onlinedocs/gcc/Warning-Options.html#index-Wunused-parameter\x07-Wunused-parameter\x1b]8;;\x07\x1b[m\x1b[K]\n'}
[9.158035] (rplidar_ros) StderrLine: {'line': b'   54 |         virtual void onCustomSampleDataDecoded(_u8 ansType, _u32 customCode, \x1b[01;35m\x1b[Kconst void* data\x1b[m\x1b[K, size_t size) {}\n'}
[9.158135] (rplidar_ros) StderrLine: {'line': b'      |                                                                              \x1b[01;35m\x1b[K~~~~~~~~~~~~^~~~\x1b[m\x1b[K\n'}
[9.158229] (rplidar_ros) StderrLine: {'line': b'\x1b[01m\x1b[K/home/ubuntu/rb3302_final_proj_code/robot_ws/src/rplidar_ros/sdk/src/dataunpacker/dataunpacker.h:54:103:\x1b[m\x1b[K \x1b[01;35m\x1b[Kwarning: \x1b[m\x1b[Kunused parameter \xe2\x80\x98\x1b[01m\x1b[Ksize\x1b[m\x1b[K\xe2\x80\x99 [\x1b[01;35m\x1b[K\x1b]8;;https://gcc.gnu.org/onlinedocs/gcc/Warning-Options.html#index-Wunused-parameter\x07-Wunused-parameter\x1b]8;;\x07\x1b[m\x1b[K]\n'}
[9.158331] (rplidar_ros) StderrLine: {'line': b'   54 |         virtual void onCustomSampleDataDecoded(_u8 ansType, _u32 customCode, const void* data, \x1b[01;35m\x1b[Ksize_t size\x1b[m\x1b[K) {}\n'}
[9.158526] (rplidar_ros) StderrLine: {'line': b'      |                                                                                                \x1b[01;35m\x1b[K~~~~~~~^~~~\x1b[m\x1b[K\n'}
[9.158632] (rplidar_ros) StderrLine: {'line': b'\x1b[01m\x1b[K/home/ubuntu/rb3302_final_proj_code/robot_ws/src/rplidar_ros/sdk/src/dataunpacker/dataunpacker.h:\x1b[m\x1b[K In member function \xe2\x80\x98\x1b[01m\x1b[Kvirtual void sl::internal::LIDARSampleDataListener::\x1b[01;32m\x1b[KonDecodingError\x1b[m\x1b[K(int, _u8, const void*, size_t)\x1b[m\x1b[K\xe2\x80\x99:\n'}
[9.158727] (rplidar_ros) StderrLine: {'line': b'\x1b[01m\x1b[K/home/ubuntu/rb3302_final_proj_code/robot_ws/src/rplidar_ros/sdk/src/dataunpacker/dataunpacker.h:56:42:\x1b[m\x1b[K \x1b[01;35m\x1b[Kwarning: \x1b[m\x1b[Kunused parameter \xe2\x80\x98\x1b[01m\x1b[KerrMsg\x1b[m\x1b[K\xe2\x80\x99 [\x1b[01;35m\x1b[K\x1b]8;;https://gcc.gnu.org/onlinedocs/gcc/Warning-Options.html#index-Wunused-parameter\x07-Wunused-parameter\x1b]8;;\x07\x1b[m\x1b[K]\n'}
[9.158845] (rplidar_ros) StderrLine: {'line': b'   56 |         virtual void onDecodingError(\x1b[01;35m\x1b[Kint errMsg\x1b[m\x1b[K, _u8 ansType, const void* payload, size_t size) {}\n'}
[9.158939] (rplidar_ros) StderrLine: {'line': b'      |                                      \x1b[01;35m\x1b[K~~~~^~~~~~\x1b[m\x1b[K\n'}
[9.159041] (rplidar_ros) StderrLine: {'line': b'\x1b[01m\x1b[K/home/ubuntu/rb3302_final_proj_code/robot_ws/src/rplidar_ros/sdk/src/dataunpacker/dataunpacker.h:56:54:\x1b[m\x1b[K \x1b[01;35m\x1b[Kwarning: \x1b[m\x1b[Kunused parameter \xe2\x80\x98\x1b[01m\x1b[KansType\x1b[m\x1b[K\xe2\x80\x99 [\x1b[01;35m\x1b[K\x1b]8;;https://gcc.gnu.org/onlinedocs/gcc/Warning-Options.html#index-Wunused-parameter\x07-Wunused-parameter\x1b]8;;\x07\x1b[m\x1b[K]\n'}
[9.159151] (rplidar_ros) StderrLine: {'line': b'   56 |         virtual void onDecodingError(int errMsg, \x1b[01;35m\x1b[K_u8 ansType\x1b[m\x1b[K, const void* payload, size_t size) {}\n'}
[9.159244] (rplidar_ros) StderrLine: {'line': b'      |                                                  \x1b[01;35m\x1b[K~~~~^~~~~~~\x1b[m\x1b[K\n'}
[9.159353] (rplidar_ros) StderrLine: {'line': b'\x1b[01m\x1b[K/home/ubuntu/rb3302_final_proj_code/robot_ws/src/rplidar_ros/sdk/src/dataunpacker/dataunpacker.h:56:75:\x1b[m\x1b[K \x1b[01;35m\x1b[Kwarning: \x1b[m\x1b[Kunused parameter \xe2\x80\x98\x1b[01m\x1b[Kpayload\x1b[m\x1b[K\xe2\x80\x99 [\x1b[01;35m\x1b[K\x1b]8;;https://gcc.gnu.org/onlinedocs/gcc/Warning-Options.html#index-Wunused-parameter\x07-Wunused-parameter\x1b]8;;\x07\x1b[m\x1b[K]\n'}
[9.159541] (rplidar_ros) StderrLine: {'line': b'   56 |         virtual void onDecodingError(int errMsg, _u8 ansType, \x1b[01;35m\x1b[Kconst void* payload\x1b[m\x1b[K, size_t size) {}\n'}
[9.159688] (rplidar_ros) StderrLine: {'line': b'      |                                                               \x1b[01;35m\x1b[K~~~~~~~~~~~~^~~~~~~\x1b[m\x1b[K\n'}
[9.159810] (rplidar_ros) StderrLine: {'line': b'\x1b[01m\x1b[K/home/ubuntu/rb3302_final_proj_code/robot_ws/src/rplidar_ros/sdk/src/dataunpacker/dataunpacker.h:56:91:\x1b[m\x1b[K \x1b[01;35m\x1b[Kwarning: \x1b[m\x1b[Kunused parameter \xe2\x80\x98\x1b[01m\x1b[Ksize\x1b[m\x1b[K\xe2\x80\x99 [\x1b[01;35m\x1b[K\x1b]8;;https://gcc.gnu.org/onlinedocs/gcc/Warning-Options.html#index-Wunused-parameter\x07-Wunused-parameter\x1b]8;;\x07\x1b[m\x1b[K]\n'}
[9.159924] (rplidar_ros) StderrLine: {'line': b'   56 |         virtual void onDecodingError(int errMsg, _u8 ansType, const void* payload, \x1b[01;35m\x1b[Ksize_t size\x1b[m\x1b[K) {}\n'}
[9.160025] (rplidar_ros) StderrLine: {'line': b'      |                                                                                    \x1b[01;35m\x1b[K~~~~~~~^~~~\x1b[m\x1b[K\n'}
[9.178525] (rplidar_ros) StderrLine: {'line': b'In file included from \x1b[01m\x1b[K/home/ubuntu/rb3302_final_proj_code/robot_ws/src/rplidar_ros/sdk/src/sl_lidar_driver.cpp:51\x1b[m\x1b[K:\n'}
[9.178893] (-) TimerEvent: {}
[9.179106] (rplidar_ros) StderrLine: {'line': b'\x1b[01m\x1b[K/home/ubuntu/rb3302_final_proj_code/robot_ws/src/rplidar_ros/sdk/src/sl_async_transceiver.h:\x1b[m\x1b[K In member function \xe2\x80\x98\x1b[01m\x1b[Kvirtual void sl::internal::IAsyncProtocolCodec::\x1b[01;32m\x1b[KonChannelError\x1b[m\x1b[K(u_result)\x1b[m\x1b[K\xe2\x80\x99:\n'}
[9.179308] (rplidar_ros) StderrLine: {'line': b'\x1b[01m\x1b[K/home/ubuntu/rb3302_final_proj_code/robot_ws/src/rplidar_ros/sdk/src/sl_async_transceiver.h:90:48:\x1b[m\x1b[K \x1b[01;35m\x1b[Kwarning: \x1b[m\x1b[Kunused parameter \xe2\x80\x98\x1b[01m\x1b[KerrCode\x1b[m\x1b[K\xe2\x80\x99 [\x1b[01;35m\x1b[K\x1b]8;;https://gcc.gnu.org/onlinedocs/gcc/Warning-Options.html#index-Wunused-parameter\x07-Wunused-parameter\x1b]8;;\x07\x1b[m\x1b[K]\n'}
[9.179479] (rplidar_ros) StderrLine: {'line': b'   90 |         virtual void   onChannelError(\x1b[01;35m\x1b[Ku_result errCode\x1b[m\x1b[K) {}\n'}
[9.179598] (rplidar_ros) StderrLine: {'line': b'      |                                       \x1b[01;35m\x1b[K~~~~~~~~~^~~~~~~\x1b[m\x1b[K\n'}
[9.220483] (rplidar_ros) StderrLine: {'line': b'\x1b[01m\x1b[K/home/ubuntu/rb3302_final_proj_code/robot_ws/src/rplidar_ros/sdk/src/sl_lidar_driver.cpp:\x1b[m\x1b[K In member function \xe2\x80\x98\x1b[01m\x1b[Kvirtual sl_result sl::SlamtecLidarDriver::\x1b[01;32m\x1b[Kreset\x1b[m\x1b[K(sl_u32)\x1b[m\x1b[K\xe2\x80\x99:\n'}
[9.221013] (rplidar_ros) StderrLine: {'line': b'\x1b[01m\x1b[K/home/ubuntu/rb3302_final_proj_code/robot_ws/src/rplidar_ros/sdk/src/sl_lidar_driver.cpp:511:32:\x1b[m\x1b[K \x1b[01;35m\x1b[Kwarning: \x1b[m\x1b[Kunused parameter \xe2\x80\x98\x1b[01m\x1b[KtimeoutInMs\x1b[m\x1b[K\xe2\x80\x99 [\x1b[01;35m\x1b[K\x1b]8;;https://gcc.gnu.org/onlinedocs/gcc/Warning-Options.html#index-Wunused-parameter\x07-Wunused-parameter\x1b]8;;\x07\x1b[m\x1b[K]\n'}
[9.221334] (rplidar_ros) StderrLine: {'line': b'  511 |         sl_result reset(\x1b[01;35m\x1b[Ksl_u32 timeoutInMs = DEFAULT_TIMEOUT\x1b[m\x1b[K)\n'}
[9.221670] (rplidar_ros) StderrLine: {'line': b'      |                         \x1b[01;35m\x1b[K~~~~~~~^~~~~~~~~~~~~~~~~~~~~~~~~~~~~\x1b[m\x1b[K\n'}
[9.230635] (rplidar_ros) StderrLine: {'line': b'\x1b[01m\x1b[K/home/ubuntu/rb3302_final_proj_code/robot_ws/src/rplidar_ros/sdk/src/sl_lidar_driver.cpp:\x1b[m\x1b[K In member function \xe2\x80\x98\x1b[01m\x1b[Kvirtual sl_result sl::SlamtecLidarDriver::\x1b[01;32m\x1b[KstartScan\x1b[m\x1b[K(bool, bool, sl_u32, sl::LidarScanMode*)\x1b[m\x1b[K\xe2\x80\x99:\n'}
[9.230970] (rplidar_ros) StderrLine: {'line': b'\x1b[01m\x1b[K/home/ubuntu/rb3302_final_proj_code/robot_ws/src/rplidar_ros/sdk/src/sl_lidar_driver.cpp:586:69:\x1b[m\x1b[K \x1b[01;35m\x1b[Kwarning: \x1b[m\x1b[Kunused parameter \xe2\x80\x98\x1b[01m\x1b[Koptions\x1b[m\x1b[K\xe2\x80\x99 [\x1b[01;35m\x1b[K\x1b]8;;https://gcc.gnu.org/onlinedocs/gcc/Warning-Options.html#index-Wunused-parameter\x07-Wunused-parameter\x1b]8;;\x07\x1b[m\x1b[K]\n'}
[9.231111] (rplidar_ros) StderrLine: {'line': b'  586 |         sl_result startScan(bool force, bool useTypicalScan, \x1b[01;35m\x1b[Ksl_u32 options = 0\x1b[m\x1b[K, LidarScanMode* outUsedScanMode = nullptr)\n'}
[9.231222] (rplidar_ros) StderrLine: {'line': b'      |                                                              \x1b[01;35m\x1b[K~~~~~~~^~~~~~~~~~~\x1b[m\x1b[K\n'}
[9.231325] (rplidar_ros) StderrLine: {'line': b'In file included from \x1b[01m\x1b[K/home/ubuntu/rb3302_final_proj_code/robot_ws/src/rplidar_ros/sdk/include/rplidar_protocol.h:36\x1b[m\x1b[K,\n'}
[9.231736] (rplidar_ros) StderrLine: {'line': b'                 from \x1b[01m\x1b[K/home/ubuntu/rb3302_final_proj_code/robot_ws/src/rplidar_ros/sdk/include/rplidar.h:39\x1b[m\x1b[K,\n'}
[9.231883] (rplidar_ros) StderrLine: {'line': b'                 from \x1b[01m\x1b[K/home/ubuntu/rb3302_final_proj_code/robot_ws/src/rplidar_ros/sdk/src/sdkcommon.h:49\x1b[m\x1b[K,\n'}
[9.231985] (rplidar_ros) StderrLine: {'line': b'                 from \x1b[01m\x1b[K/home/ubuntu/rb3302_final_proj_code/robot_ws/src/rplidar_ros/sdk/src/dataunpacker/unpacker/../dataunnpacker_commondef.h:41\x1b[m\x1b[K,\n'}
[9.232085] (rplidar_ros) StderrLine: {'line': b'                 from \x1b[01m\x1b[K/home/ubuntu/rb3302_final_proj_code/robot_ws/src/rplidar_ros/sdk/src/dataunpacker/unpacker/handler_capsules.cpp:39\x1b[m\x1b[K:\n'}
[9.232197] (rplidar_ros) StderrLine: {'line': b'\x1b[01m\x1b[K/home/ubuntu/rb3302_final_proj_code/robot_ws/src/rplidar_ros/sdk/include/sl_lidar_protocol.h:66:16:\x1b[m\x1b[K \x1b[01;35m\x1b[Kwarning: \x1b[m\x1b[KISO C++ forbids zero-size array \xe2\x80\x98\x1b[01m\x1b[Kdata\x1b[m\x1b[K\xe2\x80\x99 [\x1b[01;35m\x1b[K\x1b]8;;https://gcc.gnu.org/onlinedocs/gcc/Warning-Options.html#index-Wpedantic\x07-Wpedantic\x1b]8;;\x07\x1b[m\x1b[K]\n'}
[9.232307] (rplidar_ros) StderrLine: {'line': b'   66 |     sl_u8 data[\x1b[01;35m\x1b[K0\x1b[m\x1b[K];\n'}
[9.232463] (rplidar_ros) StderrLine: {'line': b'      |                \x1b[01;35m\x1b[K^\x1b[m\x1b[K\n'}
[9.232585] (rplidar_ros) StderrLine: {'line': b'In file included from \x1b[01m\x1b[K/home/ubuntu/rb3302_final_proj_code/robot_ws/src/rplidar_ros/sdk/include/rplidar_cmd.h:36\x1b[m\x1b[K,\n'}
[9.232691] (rplidar_ros) StderrLine: {'line': b'                 from \x1b[01m\x1b[K/home/ubuntu/rb3302_final_proj_code/robot_ws/src/rplidar_ros/sdk/include/rplidar.h:40\x1b[m\x1b[K:\n'}
[9.232786] (rplidar_ros) StderrLine: {'line': b'\x1b[01m\x1b[K/home/ubuntu/rb3302_final_proj_code/robot_ws/src/rplidar_ros/sdk/include/sl_lidar_cmd.h:324:20:\x1b[m\x1b[K \x1b[01;35m\x1b[Kwarning: \x1b[m\x1b[KISO C++ forbids zero-size array \xe2\x80\x98\x1b[01m\x1b[Kpayload\x1b[m\x1b[K\xe2\x80\x99 [\x1b[01;35m\x1b[K\x1b]8;;https://gcc.gnu.org/onlinedocs/gcc/Warning-Options.html#index-Wpedantic\x07-Wpedantic\x1b]8;;\x07\x1b[m\x1b[K]\n'}
[9.232896] (rplidar_ros) StderrLine: {'line': b'  324 |     sl_u8  payload[\x1b[01;35m\x1b[K0\x1b[m\x1b[K];\n'}
[9.233001] (rplidar_ros) StderrLine: {'line': b'      |                    \x1b[01;35m\x1b[K^\x1b[m\x1b[K\n'}
[9.239322] (rplidar_ros) StderrLine: {'line': b'\x1b[01m\x1b[K/home/ubuntu/rb3302_final_proj_code/robot_ws/src/rplidar_ros/sdk/src/sl_lidar_driver.cpp:\x1b[m\x1b[K In member function \xe2\x80\x98\x1b[01m\x1b[Kvirtual sl_result sl::SlamtecLidarDriver::\x1b[01;32m\x1b[Kstop\x1b[m\x1b[K(sl_u32)\x1b[m\x1b[K\xe2\x80\x99:\n'}
[9.239767] (rplidar_ros) StderrLine: {'line': b'\x1b[01m\x1b[K/home/ubuntu/rb3302_final_proj_code/robot_ws/src/rplidar_ros/sdk/src/sl_lidar_driver.cpp:763:31:\x1b[m\x1b[K \x1b[01;35m\x1b[Kwarning: \x1b[m\x1b[Kunused parameter \xe2\x80\x98\x1b[01m\x1b[Ktimeout\x1b[m\x1b[K\xe2\x80\x99 [\x1b[01;35m\x1b[K\x1b]8;;https://gcc.gnu.org/onlinedocs/gcc/Warning-Options.html#index-Wunused-parameter\x07-Wunused-parameter\x1b]8;;\x07\x1b[m\x1b[K]\n'}
[9.239923] (rplidar_ros) StderrLine: {'line': b'  763 |         sl_result stop(\x1b[01;35m\x1b[Ksl_u32 timeout = DEFAULT_TIMEOUT\x1b[m\x1b[K)\n'}
[9.240042] (rplidar_ros) StderrLine: {'line': b'      |                        \x1b[01;35m\x1b[K~~~~~~~^~~~~~~~~~~~~~~~~~~~~~~~~\x1b[m\x1b[K\n'}
[9.240146] (rplidar_ros) StderrLine: {'line': b'\x1b[01m\x1b[K/home/ubuntu/rb3302_final_proj_code/robot_ws/src/rplidar_ros/sdk/src/sl_lidar_driver.cpp:\x1b[m\x1b[K In member function \xe2\x80\x98\x1b[01m\x1b[Kvirtual sl_result sl::SlamtecLidarDriver::\x1b[01;32m\x1b[KgetFrequency\x1b[m\x1b[K(const sl::LidarScanMode&, const sl_lidar_response_measurement_node_hq_t*, size_t, float&)\x1b[m\x1b[K\xe2\x80\x99:\n'}
[9.240255] (rplidar_ros) StderrLine: {'line': b'\x1b[01m\x1b[K/home/ubuntu/rb3302_final_proj_code/robot_ws/src/rplidar_ros/sdk/src/sl_lidar_driver.cpp:880:110:\x1b[m\x1b[K \x1b[01;35m\x1b[Kwarning: \x1b[m\x1b[Kunused parameter \xe2\x80\x98\x1b[01m\x1b[Knodes\x1b[m\x1b[K\xe2\x80\x99 [\x1b[01;35m\x1b[K\x1b]8;;https://gcc.gnu.org/onlinedocs/gcc/Warning-Options.html#index-Wunused-parameter\x07-Wunused-parameter\x1b]8;;\x07\x1b[m\x1b[K]\n'}
[9.240359] (rplidar_ros) StderrLine: {'line': b'  880 |         sl_result getFrequency(const LidarScanMode& scanMode, \x1b[01;35m\x1b[Kconst sl_lidar_response_measurement_node_hq_t* nodes\x1b[m\x1b[K, size_t count, float& frequency)\n'}
[9.240537] (rplidar_ros) StderrLine: {'line': b'      |                                                               \x1b[01;35m\x1b[K~~~~~~~~~~~~~~~~~~~~~~~~~~~~~~~~~~~~~~~~~~~~~~~^~~~~\x1b[m\x1b[K\n'}
[9.245912] (rplidar_ros) StderrLine: {'line': b'\x1b[01m\x1b[K/home/ubuntu/rb3302_final_proj_code/robot_ws/src/rplidar_ros/sdk/src/sl_lidar_driver.cpp:\x1b[m\x1b[K In member function \xe2\x80\x98\x1b[01m\x1b[Kvirtual sl_result sl::SlamtecLidarDriver::\x1b[01;32m\x1b[KgetMotorInfo\x1b[m\x1b[K(sl::LidarMotorInfo&, sl_u32)\x1b[m\x1b[K\xe2\x80\x99:\n'}
[9.246215] (rplidar_ros) StderrLine: {'line': b'\x1b[01m\x1b[K/home/ubuntu/rb3302_final_proj_code/robot_ws/src/rplidar_ros/sdk/src/sl_lidar_driver.cpp:1023:66:\x1b[m\x1b[K \x1b[01;35m\x1b[Kwarning: \x1b[m\x1b[Kunused parameter \xe2\x80\x98\x1b[01m\x1b[KtimeoutInMs\x1b[m\x1b[K\xe2\x80\x99 [\x1b[01;35m\x1b[K\x1b]8;;https://gcc.gnu.org/onlinedocs/gcc/Warning-Options.html#index-Wunused-parameter\x07-Wunused-parameter\x1b]8;;\x07\x1b[m\x1b[K]\n'}
[9.246358] (rplidar_ros) StderrLine: {'line': b' 1023 |         sl_result getMotorInfo(LidarMotorInfo &motorInfo, \x1b[01;35m\x1b[Ksl_u32 timeoutInMs\x1b[m\x1b[K)\n'}
[9.246529] (rplidar_ros) StderrLine: {'line': b'      |                                                           \x1b[01;35m\x1b[K~~~~~~~^~~~~~~~~~~\x1b[m\x1b[K\n'}
[9.249564] (rplidar_ros) StderrLine: {'line': b'\x1b[01m\x1b[K/home/ubuntu/rb3302_final_proj_code/robot_ws/src/rplidar_ros/sdk/src/sl_lidar_driver.cpp:\x1b[m\x1b[K In member function \xe2\x80\x98\x1b[01m\x1b[Ku_result sl::SlamtecLidarDriver::\x1b[01;32m\x1b[KgetScanModeCount\x1b[m\x1b[K(sl_u16&, sl_u32)\x1b[m\x1b[K\xe2\x80\x99:\n'}
[9.249946] (rplidar_ros) StderrLine: {'line': b'\x1b[01m\x1b[K/home/ubuntu/rb3302_final_proj_code/robot_ws/src/rplidar_ros/sdk/src/sl_lidar_driver.cpp:1199:61:\x1b[m\x1b[K \x1b[01;35m\x1b[Kwarning: \x1b[m\x1b[Kunused parameter \xe2\x80\x98\x1b[01m\x1b[KtimeoutInMs\x1b[m\x1b[K\xe2\x80\x99 [\x1b[01;35m\x1b[K\x1b]8;;https://gcc.gnu.org/onlinedocs/gcc/Warning-Options.html#index-Wunused-parameter\x07-Wunused-parameter\x1b]8;;\x07\x1b[m\x1b[K]\n'}
[9.250092] (rplidar_ros) StderrLine: {'line': b' 1199 |         u_result getScanModeCount(sl_u16& modeCount, \x1b[01;35m\x1b[Ksl_u32 timeoutInMs = DEFAULT_TIMEOUT\x1b[m\x1b[K)\n'}
[9.250204] (rplidar_ros) StderrLine: {'line': b'      |                                                      \x1b[01;35m\x1b[K~~~~~~~^~~~~~~~~~~~~~~~~~~~~~~~~~~~~\x1b[m\x1b[K\n'}
[9.282541] (-) TimerEvent: {}
[9.300611] (yesense_interface) StdoutLine: {'line': b'-- Found Python3: /usr/bin/python3 (found version "3.12.3") found components: Interpreter \n'}
[9.333946] (rplidar_ros) StderrLine: {'line': b'/home/ubuntu/rb3302_final_proj_code/robot_ws/src/rplidar_ros/sdk/src/sl_lidar_driver.cpp: In instantiation of \xe2\x80\x98\x1b[01m\x1b[Kvoid sl::RawSampleNodeHolder<T>::\x1b[01;32m\x1b[KpushNode\x1b[m\x1b[K(_u64, const T*) \x1b[35m\x1b[K[with T = sl_lidar_response_measurement_node_hq_t; _u64 = long unsigned int]\x1b[m\x1b[K\x1b[m\x1b[K\xe2\x80\x99:\n'}
[9.334325] (rplidar_ros) StderrLine: {'line': b'\x1b[01m\x1b[K/home/ubuntu/rb3302_final_proj_code/robot_ws/src/rplidar_ros/sdk/src/sl_lidar_driver.cpp:1648:42:\x1b[m\x1b[K   required from here\n'}
[9.334510] (rplidar_ros) StderrLine: {'line': b'\x1b[01m\x1b[K/home/ubuntu/rb3302_final_proj_code/robot_ws/src/rplidar_ros/sdk/src/sl_lidar_driver.cpp:202:28:\x1b[m\x1b[K \x1b[01;35m\x1b[Kwarning: \x1b[m\x1b[Kunused parameter \xe2\x80\x98\x1b[01m\x1b[Ktimestamp_uS\x1b[m\x1b[K\xe2\x80\x99 [\x1b[01;35m\x1b[K\x1b]8;;https://gcc.gnu.org/onlinedocs/gcc/Warning-Options.html#index-Wunused-parameter\x07-Wunused-parameter\x1b]8;;\x07\x1b[m\x1b[K]\n'}
[9.334642] (rplidar_ros) StderrLine: {'line': b'  202 |         void pushNode(\x1b[01;35m\x1b[K_u64 timestamp_uS\x1b[m\x1b[K, const T* node)\n'}
[9.334760] (rplidar_ros) StderrLine: {'line': b'      |                       \x1b[01;35m\x1b[K~~~~~^~~~~~~~~~~~\x1b[m\x1b[K\n'}
[9.342258] (yesense_interface) StdoutLine: {'line': b'-- Found ament_lint_auto: 0.17.5 (/opt/ros/jazzy/share/ament_lint_auto/cmake)\n'}
[9.370605] (rplidar_ros) StdoutLine: {'line': b'[ 55%] \x1b[32mBuilding CXX object CMakeFiles/rplidar_node.dir/sdk/src/sl_lidarprotocol_codec.cpp.o\x1b[0m\n'}
[9.383011] (-) TimerEvent: {}
[9.403698] (rplidar_ros) StderrLine: {'line': b'In file included from \x1b[01m\x1b[K/home/ubuntu/rb3302_final_proj_code/robot_ws/src/rplidar_ros/sdk/src/dataunpacker/unpacker/handler_capsules.cpp:40\x1b[m\x1b[K:\n'}
[9.404026] (rplidar_ros) StderrLine: {'line': b'\x1b[01m\x1b[K/home/ubuntu/rb3302_final_proj_code/robot_ws/src/rplidar_ros/sdk/src/dataunpacker/unpacker/../dataunpacker.h:\x1b[m\x1b[K In member function \xe2\x80\x98\x1b[01m\x1b[Kvirtual void sl::internal::LIDARSampleDataListener::\x1b[01;32m\x1b[KonCustomSampleDataDecoded\x1b[m\x1b[K(_u8, _u32, const void*, size_t)\x1b[m\x1b[K\xe2\x80\x99:\n'}
[9.404181] (rplidar_ros) StderrLine: {'line': b'\x1b[01m\x1b[K/home/ubuntu/rb3302_final_proj_code/robot_ws/src/rplidar_ros/sdk/src/dataunpacker/unpacker/../dataunpacker.h:54:52:\x1b[m\x1b[K \x1b[01;35m\x1b[Kwarning: \x1b[m\x1b[Kunused parameter \xe2\x80\x98\x1b[01m\x1b[KansType\x1b[m\x1b[K\xe2\x80\x99 [\x1b[01;35m\x1b[K\x1b]8;;https://gcc.gnu.org/onlinedocs/gcc/Warning-Options.html#index-Wunused-parameter\x07-Wunused-parameter\x1b]8;;\x07\x1b[m\x1b[K]\n'}
[9.404305] (rplidar_ros) StderrLine: {'line': b'   54 |         virtual void onCustomSampleDataDecoded(\x1b[01;35m\x1b[K_u8 ansType\x1b[m\x1b[K, _u32 customCode, const void* data, size_t size) {}\n'}
[9.405637] (rplidar_ros) StderrLine: {'line': b'      |                                                \x1b[01;35m\x1b[K~~~~^~~~~~~\x1b[m\x1b[K\n'}
[9.405961] (rplidar_ros) StderrLine: {'line': b'\x1b[01m\x1b[K/home/ubuntu/rb3302_final_proj_code/robot_ws/src/rplidar_ros/sdk/src/dataunpacker/unpacker/../dataunpacker.h:54:66:\x1b[m\x1b[K \x1b[01;35m\x1b[Kwarning: \x1b[m\x1b[Kunused parameter \xe2\x80\x98\x1b[01m\x1b[KcustomCode\x1b[m\x1b[K\xe2\x80\x99 [\x1b[01;35m\x1b[K\x1b]8;;https://gcc.gnu.org/onlinedocs/gcc/Warning-Options.html#index-Wunused-parameter\x07-Wunused-parameter\x1b]8;;\x07\x1b[m\x1b[K]\n'}
[9.406103] (rplidar_ros) StderrLine: {'line': b'   54 |         virtual void onCustomSampleDataDecoded(_u8 ansType, \x1b[01;35m\x1b[K_u32 customCode\x1b[m\x1b[K, const void* data, size_t size) {}\n'}
[9.406234] (rplidar_ros) StderrLine: {'line': b'      |                                                             \x1b[01;35m\x1b[K~~~~~^~~~~~~~~~\x1b[m\x1b[K\n'}
[9.406342] (rplidar_ros) StderrLine: {'line': b'\x1b[01m\x1b[K/home/ubuntu/rb3302_final_proj_code/robot_ws/src/rplidar_ros/sdk/src/dataunpacker/unpacker/../dataunpacker.h:54:90:\x1b[m\x1b[K \x1b[01;35m\x1b[Kwarning: \x1b[m\x1b[Kunused parameter \xe2\x80\x98\x1b[01m\x1b[Kdata\x1b[m\x1b[K\xe2\x80\x99 [\x1b[01;35m\x1b[K\x1b]8;;https://gcc.gnu.org/onlinedocs/gcc/Warning-Options.html#index-Wunused-parameter\x07-Wunused-parameter\x1b]8;;\x07\x1b[m\x1b[K]\n'}
[9.406505] (rplidar_ros) StderrLine: {'line': b'   54 |         virtual void onCustomSampleDataDecoded(_u8 ansType, _u32 customCode, \x1b[01;35m\x1b[Kconst void* data\x1b[m\x1b[K, size_t size) {}\n'}
[9.406609] (rplidar_ros) StderrLine: {'line': b'      |                                                                              \x1b[01;35m\x1b[K~~~~~~~~~~~~^~~~\x1b[m\x1b[K\n'}
[9.406707] (rplidar_ros) StderrLine: {'line': b'\x1b[01m\x1b[K/home/ubuntu/rb3302_final_proj_code/robot_ws/src/rplidar_ros/sdk/src/dataunpacker/unpacker/../dataunpacker.h:54:103:\x1b[m\x1b[K \x1b[01;35m\x1b[Kwarning: \x1b[m\x1b[Kunused parameter \xe2\x80\x98\x1b[01m\x1b[Ksize\x1b[m\x1b[K\xe2\x80\x99 [\x1b[01;35m\x1b[K\x1b]8;;https://gcc.gnu.org/onlinedocs/gcc/Warning-Options.html#index-Wunused-parameter\x07-Wunused-parameter\x1b]8;;\x07\x1b[m\x1b[K]\n'}
[9.406830] (rplidar_ros) StderrLine: {'line': b'   54 |         virtual void onCustomSampleDataDecoded(_u8 ansType, _u32 customCode, const void* data, \x1b[01;35m\x1b[Ksize_t size\x1b[m\x1b[K) {}\n'}
[9.406937] (rplidar_ros) StderrLine: {'line': b'      |                                                                                                \x1b[01;35m\x1b[K~~~~~~~^~~~\x1b[m\x1b[K\n'}
[9.407027] (rplidar_ros) StderrLine: {'line': b'\x1b[01m\x1b[K/home/ubuntu/rb3302_final_proj_code/robot_ws/src/rplidar_ros/sdk/src/dataunpacker/unpacker/../dataunpacker.h:\x1b[m\x1b[K In member function \xe2\x80\x98\x1b[01m\x1b[Kvirtual void sl::internal::LIDARSampleDataListener::\x1b[01;32m\x1b[KonDecodingError\x1b[m\x1b[K(int, _u8, const void*, size_t)\x1b[m\x1b[K\xe2\x80\x99:\n'}
[9.407138] (rplidar_ros) StderrLine: {'line': b'\x1b[01m\x1b[K/home/ubuntu/rb3302_final_proj_code/robot_ws/src/rplidar_ros/sdk/src/dataunpacker/unpacker/../dataunpacker.h:56:42:\x1b[m\x1b[K \x1b[01;35m\x1b[Kwarning: \x1b[m\x1b[Kunused parameter \xe2\x80\x98\x1b[01m\x1b[KerrMsg\x1b[m\x1b[K\xe2\x80\x99 [\x1b[01;35m\x1b[K\x1b]8;;https://gcc.gnu.org/onlinedocs/gcc/Warning-Options.html#index-Wunused-parameter\x07-Wunused-parameter\x1b]8;;\x07\x1b[m\x1b[K]\n'}
[9.407233] (rplidar_ros) StderrLine: {'line': b'   56 |         virtual void onDecodingError(\x1b[01;35m\x1b[Kint errMsg\x1b[m\x1b[K, _u8 ansType, const void* payload, size_t size) {}\n'}
[9.407324] (rplidar_ros) StderrLine: {'line': b'      |                                      \x1b[01;35m\x1b[K~~~~^~~~~~\x1b[m\x1b[K\n'}
[9.407459] (rplidar_ros) StderrLine: {'line': b'\x1b[01m\x1b[K/home/ubuntu/rb3302_final_proj_code/robot_ws/src/rplidar_ros/sdk/src/dataunpacker/unpacker/../dataunpacker.h:56:54:\x1b[m\x1b[K \x1b[01;35m\x1b[Kwarning: \x1b[m\x1b[Kunused parameter \xe2\x80\x98\x1b[01m\x1b[KansType\x1b[m\x1b[K\xe2\x80\x99 [\x1b[01;35m\x1b[K\x1b]8;;https://gcc.gnu.org/onlinedocs/gcc/Warning-Options.html#index-Wunused-parameter\x07-Wunused-parameter\x1b]8;;\x07\x1b[m\x1b[K]\n'}
[9.407574] (rplidar_ros) StderrLine: {'line': b'   56 |         virtual void onDecodingError(int errMsg, \x1b[01;35m\x1b[K_u8 ansType\x1b[m\x1b[K, const void* payload, size_t size) {}\n'}
[9.407667] (rplidar_ros) StderrLine: {'line': b'      |                                                  \x1b[01;35m\x1b[K~~~~^~~~~~~\x1b[m\x1b[K\n'}
[9.407759] (rplidar_ros) StderrLine: {'line': b'\x1b[01m\x1b[K/home/ubuntu/rb3302_final_proj_code/robot_ws/src/rplidar_ros/sdk/src/dataunpacker/unpacker/../dataunpacker.h:56:75:\x1b[m\x1b[K \x1b[01;35m\x1b[Kwarning: \x1b[m\x1b[Kunused parameter \xe2\x80\x98\x1b[01m\x1b[Kpayload\x1b[m\x1b[K\xe2\x80\x99 [\x1b[01;35m\x1b[K\x1b]8;;https://gcc.gnu.org/onlinedocs/gcc/Warning-Options.html#index-Wunused-parameter\x07-Wunused-parameter\x1b]8;;\x07\x1b[m\x1b[K]\n'}
[9.407857] (rplidar_ros) StderrLine: {'line': b'   56 |         virtual void onDecodingError(int errMsg, _u8 ansType, \x1b[01;35m\x1b[Kconst void* payload\x1b[m\x1b[K, size_t size) {}\n'}
[9.407948] (rplidar_ros) StderrLine: {'line': b'      |                                                               \x1b[01;35m\x1b[K~~~~~~~~~~~~^~~~~~~\x1b[m\x1b[K\n'}
[9.408041] (rplidar_ros) StderrLine: {'line': b'\x1b[01m\x1b[K/home/ubuntu/rb3302_final_proj_code/robot_ws/src/rplidar_ros/sdk/src/dataunpacker/unpacker/../dataunpacker.h:56:91:\x1b[m\x1b[K \x1b[01;35m\x1b[Kwarning: \x1b[m\x1b[Kunused parameter \xe2\x80\x98\x1b[01m\x1b[Ksize\x1b[m\x1b[K\xe2\x80\x99 [\x1b[01;35m\x1b[K\x1b]8;;https://gcc.gnu.org/onlinedocs/gcc/Warning-Options.html#index-Wunused-parameter\x07-Wunused-parameter\x1b]8;;\x07\x1b[m\x1b[K]\n'}
[9.408141] (rplidar_ros) StderrLine: {'line': b'   56 |         virtual void onDecodingError(int errMsg, _u8 ansType, const void* payload, \x1b[01;35m\x1b[Ksize_t size\x1b[m\x1b[K) {}\n'}
[9.408234] (rplidar_ros) StderrLine: {'line': b'      |                                                                                    \x1b[01;35m\x1b[K~~~~~~~^~~~\x1b[m\x1b[K\n'}
[9.425806] (rplidar_ros) StderrLine: {'line': b'\x1b[01m\x1b[K/home/ubuntu/rb3302_final_proj_code/robot_ws/src/rplidar_ros/sdk/src/dataunpacker/unpacker/handler_capsules.cpp:\x1b[m\x1b[K In member function \xe2\x80\x98\x1b[01m\x1b[Kvoid sl::internal::unpacker::UnpackerHandler_DenseCapsuleNode::\x1b[01;32m\x1b[K_onScanNodeDenseCapsuleData\x1b[m\x1b[K(rplidar_response_dense_capsule_measurement_nodes_t&, sl::internal::LIDARSampleDataUnpackerInner*)\x1b[m\x1b[K\xe2\x80\x99:\n'}
[9.426160] (rplidar_ros) StderrLine: {'line': b'\x1b[01m\x1b[K/home/ubuntu/rb3302_final_proj_code/robot_ws/src/rplidar_ros/sdk/src/dataunpacker/unpacker/handler_capsules.cpp:763:30:\x1b[m\x1b[K \x1b[01;35m\x1b[Kwarning: \x1b[m\x1b[Ktype qualifiers ignored on cast result type [\x1b[01;35m\x1b[K\x1b]8;;https://gcc.gnu.org/onlinedocs/gcc/Warning-Options.html#index-Wignored-qualifiers\x07-Wignored-qualifiers\x1b]8;;\x07\x1b[m\x1b[K]\n'}
[9.426318] (rplidar_ros) StderrLine: {'line': b'  763 |             const int dist = \x1b[01;35m\x1b[Kstatic_cast<const int>(_cached_previous_dense_capsuledata.cabins[pos].distance)\x1b[m\x1b[K;\n'}
[9.426477] (rplidar_ros) StderrLine: {'line': b'      |                              \x1b[01;35m\x1b[K^~~~~~~~~~~~~~~~~~~~~~~~~~~~~~~~~~~~~~~~~~~~~~~~~~~~~~~~~~~~~~~~~~~~~~~~~~~~~~~\x1b[m\x1b[K\n'}
[9.449597] (yesense_interface) StdoutLine: {'line': b"-- Added test 'lint_cmake' to check CMake code style\n"}
[9.456517] (yesense_interface) StdoutLine: {'line': b"-- Added test 'xmllint' to check XML markup files\n"}
[9.469495] (yesense_interface) StdoutLine: {'line': b'-- Configuring done (9.4s)\n'}
[9.483163] (-) TimerEvent: {}
[9.502050] (rplidar_ros) StdoutLine: {'line': b'[ 57%] \x1b[32mBuilding CXX object CMakeFiles/rplidar_composition.dir/sdk/src/dataunpacker/unpacker/handler_hqnode.cpp.o\x1b[0m\n'}
[9.573081] (rplidar_ros) StderrLine: {'line': b'\x1b[01m\x1b[K/home/ubuntu/rb3302_final_proj_code/robot_ws/src/rplidar_ros/sdk/src/sl_lidar_driver.cpp:\x1b[m\x1b[K At global scope:\n'}
[9.574832] (rplidar_ros) StderrLine: {'line': b'\x1b[01m\x1b[K/home/ubuntu/rb3302_final_proj_code/robot_ws/src/rplidar_ros/sdk/src/sl_lidar_driver.cpp:83:17:\x1b[m\x1b[K \x1b[01;35m\x1b[Kwarning: \x1b[m\x1b[K\xe2\x80\x98\x1b[01m\x1b[Kvoid sl::\x1b[01;32m\x1b[Kconvert\x1b[m\x1b[K(const sl_lidar_response_measurement_node_hq_t&, sl_lidar_response_measurement_node_t&)\x1b[m\x1b[K\xe2\x80\x99 defined but not used [\x1b[01;35m\x1b[K\x1b]8;;https://gcc.gnu.org/onlinedocs/gcc/Warning-Options.html#index-Wunused-function\x07-Wunused-function\x1b]8;;\x07\x1b[m\x1b[K]\n'}
[9.575004] (rplidar_ros) StderrLine: {'line': b'   83 |     static void \x1b[01;35m\x1b[Kconvert\x1b[m\x1b[K(const sl_lidar_response_measurement_node_hq_t& from, sl_lidar_response_measurement_node_t& to)\n'}
[9.575115] (rplidar_ros) StderrLine: {'line': b'      |                 \x1b[01;35m\x1b[K^~~~~~~\x1b[m\x1b[K\n'}
[9.575220] (rplidar_ros) StderrLine: {'line': b'\x1b[01m\x1b[K/home/ubuntu/rb3302_final_proj_code/robot_ws/src/rplidar_ros/sdk/src/sl_lidar_driver.cpp:75:17:\x1b[m\x1b[K \x1b[01;35m\x1b[Kwarning: \x1b[m\x1b[K\xe2\x80\x98\x1b[01m\x1b[Kvoid sl::\x1b[01;32m\x1b[Kconvert\x1b[m\x1b[K(const sl_lidar_response_measurement_node_t&, sl_lidar_response_measurement_node_hq_t&)\x1b[m\x1b[K\xe2\x80\x99 defined but not used [\x1b[01;35m\x1b[K\x1b]8;;https://gcc.gnu.org/onlinedocs/gcc/Warning-Options.html#index-Wunused-function\x07-Wunused-function\x1b]8;;\x07\x1b[m\x1b[K]\n'}
[9.575328] (rplidar_ros) StderrLine: {'line': b'   75 |     static void \x1b[01;35m\x1b[Kconvert\x1b[m\x1b[K(const sl_lidar_response_measurement_node_t& from, sl_lidar_response_measurement_node_hq_t& to)\n'}
[9.575483] (rplidar_ros) StderrLine: {'line': b'      |                 \x1b[01;35m\x1b[K^~~~~~~\x1b[m\x1b[K\n'}
[9.575592] (rplidar_ros) StderrLine: {'line': b'\x1b[01m\x1b[K/home/ubuntu/rb3302_final_proj_code/robot_ws/src/rplidar_ros/sdk/src/sl_lidar_driver.cpp:70:17:\x1b[m\x1b[K \x1b[01;35m\x1b[Kwarning: \x1b[m\x1b[K\xe2\x80\x98\x1b[01m\x1b[Kvoid sl::\x1b[01;32m\x1b[KprintDeprecationWarn\x1b[m\x1b[K(const char*, const char*)\x1b[m\x1b[K\xe2\x80\x99 defined but not used [\x1b[01;35m\x1b[K\x1b]8;;https://gcc.gnu.org/onlinedocs/gcc/Warning-Options.html#index-Wunused-function\x07-Wunused-function\x1b]8;;\x07\x1b[m\x1b[K]\n'}
[9.575696] (rplidar_ros) StderrLine: {'line': b'   70 |     static void \x1b[01;35m\x1b[KprintDeprecationWarn\x1b[m\x1b[K(const char* fn, const char* replacement)\n'}
[9.575787] (rplidar_ros) StderrLine: {'line': b'      |                 \x1b[01;35m\x1b[K^~~~~~~~~~~~~~~~~~~~\x1b[m\x1b[K\n'}
[9.585517] (-) TimerEvent: {}
[9.631536] (yesense_interface) StdoutLine: {'line': b'-- Generating done (0.1s)\n'}
[9.657961] (yesense_interface) StdoutLine: {'line': b'-- Build files have been written to: /home/ubuntu/rb3302_final_proj_code/robot_ws/build/yesense_interface\n'}
[9.678290] (yesense_interface) CommandEnded: {'returncode': 0}
[9.679251] (yesense_interface) JobProgress: {'identifier': 'yesense_interface', 'progress': 'build'}
[9.679802] (yesense_interface) Command: {'cmd': ['/usr/bin/cmake', '--build', '/home/ubuntu/rb3302_final_proj_code/robot_ws/build/yesense_interface', '--', '-j8', '-l8'], 'cwd': '/home/ubuntu/rb3302_final_proj_code/robot_ws/build/yesense_interface', 'env': OrderedDict({'USER': 'ubuntu', 'SSH_CLIENT': '10.42.0.1 50976 22', 'GZ_CONFIG_PATH': '/opt/ros/jazzy/opt/gz_sim_vendor/share/gz:/opt/ros/jazzy/opt/sdformat_vendor/share/gz:/opt/ros/jazzy/opt/gz_gui_vendor/share/gz:/opt/ros/jazzy/opt/gz_transport_vendor/share/gz:/opt/ros/jazzy/opt/gz_rendering_vendor/share/gz:/opt/ros/jazzy/opt/gz_plugin_vendor/share/gz:/opt/ros/jazzy/opt/gz_fuel_tools_vendor/share/gz:/opt/ros/jazzy/opt/gz_msgs_vendor/share/gz:/opt/ros/jazzy/opt/gz_common_vendor/share/gz', 'XDG_SESSION_TYPE': 'tty', 'SHLVL': '2', 'LD_LIBRARY_PATH': '/opt/ros/jazzy/opt/gz_sim_vendor/lib:/opt/ros/jazzy/opt/gz_sensors_vendor/lib:/opt/ros/jazzy/opt/gz_physics_vendor/lib:/opt/ros/jazzy/opt/sdformat_vendor/lib:/opt/ros/jazzy/opt/rviz_ogre_vendor/lib:/opt/ros/jazzy/lib/aarch64-linux-gnu:/opt/ros/jazzy/opt/gz_gui_vendor/lib:/opt/ros/jazzy/opt/gz_transport_vendor/lib:/opt/ros/jazzy/opt/gz_rendering_vendor/lib:/opt/ros/jazzy/opt/gz_plugin_vendor/lib:/opt/ros/jazzy/opt/gz_fuel_tools_vendor/lib:/opt/ros/jazzy/opt/gz_msgs_vendor/lib:/opt/ros/jazzy/opt/gz_common_vendor/lib:/opt/ros/jazzy/opt/gz_math_vendor/lib:/opt/ros/jazzy/opt/gz_utils_vendor/lib:/opt/ros/jazzy/opt/gz_tools_vendor/lib:/opt/ros/jazzy/opt/gz_ogre_next_vendor/lib:/opt/ros/jazzy/opt/gz_dartsim_vendor/lib:/opt/ros/jazzy/opt/gz_cmake_vendor/lib:/opt/ros/jazzy/lib', 'HOME': '/home/ubuntu', 'OLDPWD': '/home/ubuntu', 'SSH_TTY': '/dev/pts/0', 'ROS_PYTHON_VERSION': '3', 'DBUS_SESSION_BUS_ADDRESS': 'unix:path=/run/user/1000/bus', 'ROS_DISTRO': 'jazzy', 'LOGNAME': 'ubuntu', '_': '/usr/bin/colcon', 'ROS_VERSION': '2', 'XDG_SESSION_CLASS': 'user', 'TERM': 'xterm-256color', 'XDG_SESSION_ID': '1', 'PATH': '/opt/ros/jazzy/opt/gz_msgs_vendor/bin:/opt/ros/jazzy/opt/gz_tools_vendor/bin:/opt/ros/jazzy/opt/gz_ogre_next_vendor/bin:/opt/ros/jazzy/bin:/usr/local/sbin:/usr/local/bin:/usr/sbin:/usr/bin:/sbin:/bin:/usr/games:/usr/local/games:/snap/bin', 'VK_ICD_FILENAMES': '/usr/share/vulkan/icd.d/adrenovk.json', 'XDG_RUNTIME_DIR': '/run/user/1000', 'LANG': 'en_US.UTF-8', 'AMENT_PREFIX_PATH': '/opt/ros/jazzy', 'SHELL': '/bin/bash', 'ROS_AUTOMATIC_DISCOVERY_RANGE': 'SUBNET', 'PWD': '/home/ubuntu/rb3302_final_proj_code/robot_ws/build/yesense_interface', 'QT_QPA_PLATFORM': 'wayland', 'LC_ALL': 'en_US.UTF-8', 'SSH_CONNECTION': '10.42.0.1 50976 10.42.0.126 22', 'XDG_DATA_DIRS': '/usr/local/share:/usr/share:/var/lib/snapd/desktop', 'PYTHONPATH': '/opt/ros/jazzy/lib/python3.12/site-packages', 'COLCON': '1', 'CMAKE_PREFIX_PATH': '/opt/ros/jazzy/opt/gz_sim_vendor:/opt/ros/jazzy/opt/gz_sensors_vendor:/opt/ros/jazzy/opt/gz_physics_vendor:/opt/ros/jazzy/opt/sdformat_vendor:/opt/ros/jazzy/opt/gz_gui_vendor:/opt/ros/jazzy/opt/gz_transport_vendor:/opt/ros/jazzy/opt/gz_rendering_vendor:/opt/ros/jazzy/opt/gz_plugin_vendor:/opt/ros/jazzy/opt/gz_fuel_tools_vendor:/opt/ros/jazzy/opt/gz_msgs_vendor:/opt/ros/jazzy/opt/gz_common_vendor:/opt/ros/jazzy/opt/gz_math_vendor:/opt/ros/jazzy/opt/gz_utils_vendor:/opt/ros/jazzy/opt/gz_tools_vendor:/opt/ros/jazzy/opt/gz_ogre_next_vendor:/opt/ros/jazzy/opt/gz_dartsim_vendor:/opt/ros/jazzy/opt/gz_cmake_vendor:/opt/ros/jazzy'}), 'shell': False}
[9.685643] (-) TimerEvent: {}
[9.714550] (rplidar_ros) StdoutLine: {'line': b'[ 60%] \x1b[32mBuilding CXX object CMakeFiles/rplidar_node.dir/sdk/src/sl_serial_channel.cpp.o\x1b[0m\n'}
[9.788524] (-) TimerEvent: {}
[9.793265] (yesense_interface) StdoutLine: {'line': b'[  0%] \x1b[34m\x1b[1mGenerating Rust code for ROS interfaces\x1b[0m\n'}
[9.836043] (yesense_interface) StdoutLine: {'line': b'[  1%] \x1b[34m\x1b[1mGenerating type hashes for ROS interfaces\x1b[0m\n'}
[9.888649] (-) TimerEvent: {}
[9.930858] (yesense_interface) StdoutLine: {'line': b'[  1%] Built target ament_cmake_python_symlink_yesense_interface\n'}
[9.988799] (-) TimerEvent: {}
[10.090764] (-) TimerEvent: {}
[10.191615] (-) TimerEvent: {}
[10.265550] (rplidar_ros) StderrLine: {'line': b'In file included from \x1b[01m\x1b[K/home/ubuntu/rb3302_final_proj_code/robot_ws/src/rplidar_ros/sdk/include/sl_lidar_cmd.h:41\x1b[m\x1b[K,\n'}
[10.265882] (rplidar_ros) StderrLine: {'line': b'                 from \x1b[01m\x1b[K/home/ubuntu/rb3302_final_proj_code/robot_ws/src/rplidar_ros/sdk/include/sl_lidar_driver.h:54\x1b[m\x1b[K,\n'}
[10.266044] (rplidar_ros) StderrLine: {'line': b'                 from \x1b[01m\x1b[K/home/ubuntu/rb3302_final_proj_code/robot_ws/src/rplidar_ros/sdk/src/sl_serial_channel.cpp:33\x1b[m\x1b[K:\n'}
[10.266168] (rplidar_ros) StderrLine: {'line': b'\x1b[01m\x1b[K/home/ubuntu/rb3302_final_proj_code/robot_ws/src/rplidar_ros/sdk/include/sl_lidar_protocol.h:66:16:\x1b[m\x1b[K \x1b[01;35m\x1b[Kwarning: \x1b[m\x1b[KISO C++ forbids zero-size array \xe2\x80\x98\x1b[01m\x1b[Kdata\x1b[m\x1b[K\xe2\x80\x99 [\x1b[01;35m\x1b[K\x1b]8;;https://gcc.gnu.org/onlinedocs/gcc/Warning-Options.html#index-Wpedantic\x07-Wpedantic\x1b]8;;\x07\x1b[m\x1b[K]\n'}
[10.266305] (rplidar_ros) StderrLine: {'line': b'   66 |     sl_u8 data[\x1b[01;35m\x1b[K0\x1b[m\x1b[K];\n'}
[10.266470] (rplidar_ros) StderrLine: {'line': b'      |                \x1b[01;35m\x1b[K^\x1b[m\x1b[K\n'}
[10.268260] (rplidar_ros) StderrLine: {'line': b'\x1b[01m\x1b[K/home/ubuntu/rb3302_final_proj_code/robot_ws/src/rplidar_ros/sdk/include/sl_lidar_cmd.h:324:20:\x1b[m\x1b[K \x1b[01;35m\x1b[Kwarning: \x1b[m\x1b[KISO C++ forbids zero-size array \xe2\x80\x98\x1b[01m\x1b[Kpayload\x1b[m\x1b[K\xe2\x80\x99 [\x1b[01;35m\x1b[K\x1b]8;;https://gcc.gnu.org/onlinedocs/gcc/Warning-Options.html#index-Wpedantic\x07-Wpedantic\x1b]8;;\x07\x1b[m\x1b[K]\n'}
[10.268638] (rplidar_ros) StderrLine: {'line': b'  324 |     sl_u8  payload[\x1b[01;35m\x1b[K0\x1b[m\x1b[K];\n'}
[10.268792] (rplidar_ros) StderrLine: {'line': b'      |                    \x1b[01;35m\x1b[K^\x1b[m\x1b[K\n'}
[10.268913] (rplidar_ros) StderrLine: {'line': b'In file included from \x1b[01m\x1b[K/home/ubuntu/rb3302_final_proj_code/robot_ws/src/rplidar_ros/sdk/include/rplidar_protocol.h:36\x1b[m\x1b[K,\n'}
[10.269022] (rplidar_ros) StderrLine: {'line': b'                 from \x1b[01m\x1b[K/home/ubuntu/rb3302_final_proj_code/robot_ws/src/rplidar_ros/sdk/include/rplidar.h:39\x1b[m\x1b[K,\n'}
[10.269123] (rplidar_ros) StderrLine: {'line': b'                 from \x1b[01m\x1b[K/home/ubuntu/rb3302_final_proj_code/robot_ws/src/rplidar_ros/sdk/src/sdkcommon.h:49\x1b[m\x1b[K,\n'}
[10.269220] (rplidar_ros) StderrLine: {'line': b'                 from \x1b[01m\x1b[K/home/ubuntu/rb3302_final_proj_code/robot_ws/src/rplidar_ros/sdk/src/sl_async_transceiver.cpp:35\x1b[m\x1b[K:\n'}
[10.269320] (rplidar_ros) StderrLine: {'line': b'\x1b[01m\x1b[K/home/ubuntu/rb3302_final_proj_code/robot_ws/src/rplidar_ros/sdk/include/sl_lidar_protocol.h:66:16:\x1b[m\x1b[K \x1b[01;35m\x1b[Kwarning: \x1b[m\x1b[KISO C++ forbids zero-size array \xe2\x80\x98\x1b[01m\x1b[Kdata\x1b[m\x1b[K\xe2\x80\x99 [\x1b[01;35m\x1b[K\x1b]8;;https://gcc.gnu.org/onlinedocs/gcc/Warning-Options.html#index-Wpedantic\x07-Wpedantic\x1b]8;;\x07\x1b[m\x1b[K]\n'}
[10.271130] (rplidar_ros) StderrLine: {'line': b'   66 |     sl_u8 data[\x1b[01;35m\x1b[K0\x1b[m\x1b[K];\n'}
[10.271361] (rplidar_ros) StderrLine: {'line': b'      |                \x1b[01;35m\x1b[K^\x1b[m\x1b[K\n'}
[10.275592] (rplidar_ros) StderrLine: {'line': b'In file included from \x1b[01m\x1b[K/home/ubuntu/rb3302_final_proj_code/robot_ws/src/rplidar_ros/sdk/include/rplidar_cmd.h:36\x1b[m\x1b[K,\n'}
[10.275952] (rplidar_ros) StderrLine: {'line': b'                 from \x1b[01m\x1b[K/home/ubuntu/rb3302_final_proj_code/robot_ws/src/rplidar_ros/sdk/include/rplidar.h:40\x1b[m\x1b[K:\n'}
[10.276125] (rplidar_ros) StderrLine: {'line': b'\x1b[01m\x1b[K/home/ubuntu/rb3302_final_proj_code/robot_ws/src/rplidar_ros/sdk/include/sl_lidar_cmd.h:324:20:\x1b[m\x1b[K \x1b[01;35m\x1b[Kwarning: \x1b[m\x1b[KISO C++ forbids zero-size array \xe2\x80\x98\x1b[01m\x1b[Kpayload\x1b[m\x1b[K\xe2\x80\x99 [\x1b[01;35m\x1b[K\x1b]8;;https://gcc.gnu.org/onlinedocs/gcc/Warning-Options.html#index-Wpedantic\x07-Wpedantic\x1b]8;;\x07\x1b[m\x1b[K]\n'}
[10.276277] (rplidar_ros) StderrLine: {'line': b'  324 |     sl_u8  payload[\x1b[01;35m\x1b[K0\x1b[m\x1b[K];\n'}
[10.276432] (rplidar_ros) StderrLine: {'line': b'      |                    \x1b[01;35m\x1b[K^\x1b[m\x1b[K\n'}
[10.294549] (-) TimerEvent: {}
[10.394939] (-) TimerEvent: {}
[10.428548] (rplidar_ros) StdoutLine: {'line': b'[ 63%] \x1b[32mBuilding CXX object CMakeFiles/rplidar_node.dir/sdk/src/sl_tcp_channel.cpp.o\x1b[0m\n'}
[10.495073] (-) TimerEvent: {}
[10.597987] (-) TimerEvent: {}
[10.598583] (rplidar_ros) StdoutLine: {'line': b'[ 65%] \x1b[32mBuilding CXX object CMakeFiles/rplidar_node.dir/sdk/src/sl_udp_channel.cpp.o\x1b[0m\n'}
[10.698151] (-) TimerEvent: {}
[10.708852] (rplidar_ros) StderrLine: {'line': b'In file included from \x1b[01m\x1b[K/home/ubuntu/rb3302_final_proj_code/robot_ws/src/rplidar_ros/sdk/include/rplidar_protocol.h:36\x1b[m\x1b[K,\n'}
[10.709137] (rplidar_ros) StderrLine: {'line': b'                 from \x1b[01m\x1b[K/home/ubuntu/rb3302_final_proj_code/robot_ws/src/rplidar_ros/sdk/include/rplidar.h:39\x1b[m\x1b[K,\n'}
[10.709267] (rplidar_ros) StderrLine: {'line': b'                 from \x1b[01m\x1b[K/home/ubuntu/rb3302_final_proj_code/robot_ws/src/rplidar_ros/sdk/src/sdkcommon.h:49\x1b[m\x1b[K,\n'}
[10.709478] (rplidar_ros) StderrLine: {'line': b'                 from \x1b[01m\x1b[K/home/ubuntu/rb3302_final_proj_code/robot_ws/src/rplidar_ros/sdk/src/sl_lidarprotocol_codec.cpp:35\x1b[m\x1b[K:\n'}
[10.709612] (rplidar_ros) StderrLine: {'line': b'\x1b[01m\x1b[K/home/ubuntu/rb3302_final_proj_code/robot_ws/src/rplidar_ros/sdk/include/sl_lidar_protocol.h:66:16:\x1b[m\x1b[K \x1b[01;35m\x1b[Kwarning: \x1b[m\x1b[KISO C++ forbids zero-size array \xe2\x80\x98\x1b[01m\x1b[Kdata\x1b[m\x1b[K\xe2\x80\x99 [\x1b[01;35m\x1b[K\x1b]8;;https://gcc.gnu.org/onlinedocs/gcc/Warning-Options.html#index-Wpedantic\x07-Wpedantic\x1b]8;;\x07\x1b[m\x1b[K]\n'}
[10.709731] (rplidar_ros) StderrLine: {'line': b'   66 |     sl_u8 data[\x1b[01;35m\x1b[K0\x1b[m\x1b[K];\n'}
[10.709832] (rplidar_ros) StderrLine: {'line': b'      |                \x1b[01;35m\x1b[K^\x1b[m\x1b[K\n'}
[10.710048] (rplidar_ros) StderrLine: {'line': b'In file included from \x1b[01m\x1b[K/home/ubuntu/rb3302_final_proj_code/robot_ws/src/rplidar_ros/sdk/include/rplidar_cmd.h:36\x1b[m\x1b[K,\n'}
[10.710181] (rplidar_ros) StderrLine: {'line': b'                 from \x1b[01m\x1b[K/home/ubuntu/rb3302_final_proj_code/robot_ws/src/rplidar_ros/sdk/include/rplidar.h:40\x1b[m\x1b[K:\n'}
[10.710295] (rplidar_ros) StderrLine: {'line': b'\x1b[01m\x1b[K/home/ubuntu/rb3302_final_proj_code/robot_ws/src/rplidar_ros/sdk/include/sl_lidar_cmd.h:324:20:\x1b[m\x1b[K \x1b[01;35m\x1b[Kwarning: \x1b[m\x1b[KISO C++ forbids zero-size array \xe2\x80\x98\x1b[01m\x1b[Kpayload\x1b[m\x1b[K\xe2\x80\x99 [\x1b[01;35m\x1b[K\x1b]8;;https://gcc.gnu.org/onlinedocs/gcc/Warning-Options.html#index-Wpedantic\x07-Wpedantic\x1b]8;;\x07\x1b[m\x1b[K]\n'}
[10.710467] (rplidar_ros) StderrLine: {'line': b'  324 |     sl_u8  payload[\x1b[01;35m\x1b[K0\x1b[m\x1b[K];\n'}
[10.710587] (rplidar_ros) StderrLine: {'line': b'      |                    \x1b[01;35m\x1b[K^\x1b[m\x1b[K\n'}
[10.802490] (-) TimerEvent: {}
[10.826966] (rplidar_ros) StderrLine: {'line': b'In file included from \x1b[01m\x1b[K/home/ubuntu/rb3302_final_proj_code/robot_ws/src/rplidar_ros/sdk/src/sl_async_transceiver.cpp:44\x1b[m\x1b[K:\n'}
[10.827663] (rplidar_ros) StderrLine: {'line': b'\x1b[01m\x1b[K/home/ubuntu/rb3302_final_proj_code/robot_ws/src/rplidar_ros/sdk/src/sl_async_transceiver.h:\x1b[m\x1b[K In member function \xe2\x80\x98\x1b[01m\x1b[Kvirtual void sl::internal::IAsyncProtocolCodec::\x1b[01;32m\x1b[KonChannelError\x1b[m\x1b[K(u_result)\x1b[m\x1b[K\xe2\x80\x99:\n'}
[10.827855] (rplidar_ros) StderrLine: {'line': b'\x1b[01m\x1b[K/home/ubuntu/rb3302_final_proj_code/robot_ws/src/rplidar_ros/sdk/src/sl_async_transceiver.h:90:48:\x1b[m\x1b[K \x1b[01;35m\x1b[Kwarning: \x1b[m\x1b[Kunused parameter \xe2\x80\x98\x1b[01m\x1b[KerrCode\x1b[m\x1b[K\xe2\x80\x99 [\x1b[01;35m\x1b[K\x1b]8;;https://gcc.gnu.org/onlinedocs/gcc/Warning-Options.html#index-Wunused-parameter\x07-Wunused-parameter\x1b]8;;\x07\x1b[m\x1b[K]\n'}
[10.827978] (rplidar_ros) StderrLine: {'line': b'   90 |         virtual void   onChannelError(\x1b[01;35m\x1b[Ku_result errCode\x1b[m\x1b[K) {}\n'}
[10.828089] (rplidar_ros) StderrLine: {'line': b'      |                                       \x1b[01;35m\x1b[K~~~~~~~~~^~~~~~~\x1b[m\x1b[K\n'}
[10.861536] (rplidar_ros) StderrLine: {'line': b'In file included from \x1b[01m\x1b[K/home/ubuntu/rb3302_final_proj_code/robot_ws/src/rplidar_ros/sdk/include/rplidar_protocol.h:36\x1b[m\x1b[K,\n'}
[10.861834] (rplidar_ros) StderrLine: {'line': b'                 from \x1b[01m\x1b[K/home/ubuntu/rb3302_final_proj_code/robot_ws/src/rplidar_ros/sdk/include/rplidar.h:39\x1b[m\x1b[K,\n'}
[10.861947] (rplidar_ros) StderrLine: {'line': b'                 from \x1b[01m\x1b[K/home/ubuntu/rb3302_final_proj_code/robot_ws/src/rplidar_ros/sdk/src/sdkcommon.h:49\x1b[m\x1b[K,\n'}
[10.862043] (rplidar_ros) StderrLine: {'line': b'                 from \x1b[01m\x1b[K/home/ubuntu/rb3302_final_proj_code/robot_ws/src/rplidar_ros/sdk/src/dataunpacker/unpacker/../dataunnpacker_commondef.h:41\x1b[m\x1b[K,\n'}
[10.862136] (rplidar_ros) StderrLine: {'line': b'                 from \x1b[01m\x1b[K/home/ubuntu/rb3302_final_proj_code/robot_ws/src/rplidar_ros/sdk/src/dataunpacker/unpacker/handler_hqnode.cpp:39\x1b[m\x1b[K:\n'}
[10.862225] (rplidar_ros) StderrLine: {'line': b'\x1b[01m\x1b[K/home/ubuntu/rb3302_final_proj_code/robot_ws/src/rplidar_ros/sdk/include/sl_lidar_protocol.h:66:16:\x1b[m\x1b[K \x1b[01;35m\x1b[Kwarning: \x1b[m\x1b[KISO C++ forbids zero-size array \xe2\x80\x98\x1b[01m\x1b[Kdata\x1b[m\x1b[K\xe2\x80\x99 [\x1b[01;35m\x1b[K\x1b]8;;https://gcc.gnu.org/onlinedocs/gcc/Warning-Options.html#index-Wpedantic\x07-Wpedantic\x1b]8;;\x07\x1b[m\x1b[K]\n'}
[10.862318] (rplidar_ros) StderrLine: {'line': b'   66 |     sl_u8 data[\x1b[01;35m\x1b[K0\x1b[m\x1b[K];\n'}
[10.862454] (rplidar_ros) StderrLine: {'line': b'      |                \x1b[01;35m\x1b[K^\x1b[m\x1b[K\n'}
[10.863479] (rplidar_ros) StderrLine: {'line': b'In file included from \x1b[01m\x1b[K/home/ubuntu/rb3302_final_proj_code/robot_ws/src/rplidar_ros/sdk/include/rplidar_cmd.h:36\x1b[m\x1b[K,\n'}
[10.863807] (rplidar_ros) StderrLine: {'line': b'                 from \x1b[01m\x1b[K/home/ubuntu/rb3302_final_proj_code/robot_ws/src/rplidar_ros/sdk/include/rplidar.h:40\x1b[m\x1b[K:\n'}
[10.863924] (rplidar_ros) StderrLine: {'line': b'\x1b[01m\x1b[K/home/ubuntu/rb3302_final_proj_code/robot_ws/src/rplidar_ros/sdk/include/sl_lidar_cmd.h:324:20:\x1b[m\x1b[K \x1b[01;35m\x1b[Kwarning: \x1b[m\x1b[KISO C++ forbids zero-size array \xe2\x80\x98\x1b[01m\x1b[Kpayload\x1b[m\x1b[K\xe2\x80\x99 [\x1b[01;35m\x1b[K\x1b]8;;https://gcc.gnu.org/onlinedocs/gcc/Warning-Options.html#index-Wpedantic\x07-Wpedantic\x1b]8;;\x07\x1b[m\x1b[K]\n'}
[10.864052] (rplidar_ros) StderrLine: {'line': b'  324 |     sl_u8  payload[\x1b[01;35m\x1b[K0\x1b[m\x1b[K];\n'}
[10.864149] (rplidar_ros) StderrLine: {'line': b'      |                    \x1b[01;35m\x1b[K^\x1b[m\x1b[K\n'}
[10.903498] (-) TimerEvent: {}
[10.974623] (yesense_interface) StdoutLine: {'line': b'running egg_info\n'}
[10.981526] (yesense_interface) StdoutLine: {'line': b'creating yesense_interface.egg-info\n'}
[11.003618] (-) TimerEvent: {}
[11.021080] (rplidar_ros) StderrLine: {'line': b'In file included from \x1b[01m\x1b[K/home/ubuntu/rb3302_final_proj_code/robot_ws/src/rplidar_ros/sdk/src/dataunpacker/unpacker/handler_hqnode.cpp:40\x1b[m\x1b[K:\n'}
[11.021520] (rplidar_ros) StderrLine: {'line': b'\x1b[01m\x1b[K/home/ubuntu/rb3302_final_proj_code/robot_ws/src/rplidar_ros/sdk/src/dataunpacker/unpacker/../dataunpacker.h:\x1b[m\x1b[K In member function \xe2\x80\x98\x1b[01m\x1b[Kvirtual void sl::internal::LIDARSampleDataListener::\x1b[01;32m\x1b[KonCustomSampleDataDecoded\x1b[m\x1b[K(_u8, _u32, const void*, size_t)\x1b[m\x1b[K\xe2\x80\x99:\n'}
[11.021855] (rplidar_ros) StderrLine: {'line': b'\x1b[01m\x1b[K/home/ubuntu/rb3302_final_proj_code/robot_ws/src/rplidar_ros/sdk/src/dataunpacker/unpacker/../dataunpacker.h:54:52:\x1b[m\x1b[K \x1b[01;35m\x1b[Kwarning: \x1b[m\x1b[Kunused parameter \xe2\x80\x98\x1b[01m\x1b[KansType\x1b[m\x1b[K\xe2\x80\x99 [\x1b[01;35m\x1b[K\x1b]8;;https://gcc.gnu.org/onlinedocs/gcc/Warning-Options.html#index-Wunused-parameter\x07-Wunused-parameter\x1b]8;;\x07\x1b[m\x1b[K]\n'}
[11.022091] (rplidar_ros) StderrLine: {'line': b'   54 |         virtual void onCustomSampleDataDecoded(\x1b[01;35m\x1b[K_u8 ansType\x1b[m\x1b[K, _u32 customCode, const void* data, size_t size) {}\n'}
[11.022588] (rplidar_ros) StderrLine: {'line': b'      |                                                \x1b[01;35m\x1b[K~~~~^~~~~~~\x1b[m\x1b[K\n'}
[11.023019] (rplidar_ros) StderrLine: {'line': b'\x1b[01m\x1b[K/home/ubuntu/rb3302_final_proj_code/robot_ws/src/rplidar_ros/sdk/src/dataunpacker/unpacker/../dataunpacker.h:54:66:\x1b[m\x1b[K \x1b[01;35m\x1b[Kwarning: \x1b[m\x1b[Kunused parameter \xe2\x80\x98\x1b[01m\x1b[KcustomCode\x1b[m\x1b[K\xe2\x80\x99 [\x1b[01;35m\x1b[K\x1b]8;;https://gcc.gnu.org/onlinedocs/gcc/Warning-Options.html#index-Wunused-parameter\x07-Wunused-parameter\x1b]8;;\x07\x1b[m\x1b[K]\n'}
[11.023179] (rplidar_ros) StderrLine: {'line': b'   54 |         virtual void onCustomSampleDataDecoded(_u8 ansType, \x1b[01;35m\x1b[K_u32 customCode\x1b[m\x1b[K, const void* data, size_t size) {}\n'}
[11.023306] (rplidar_ros) StderrLine: {'line': b'      |                                                             \x1b[01;35m\x1b[K~~~~~^~~~~~~~~~\x1b[m\x1b[K\n'}
[11.023813] (rplidar_ros) StderrLine: {'line': b'\x1b[01m\x1b[K/home/ubuntu/rb3302_final_proj_code/robot_ws/src/rplidar_ros/sdk/src/dataunpacker/unpacker/../dataunpacker.h:54:90:\x1b[m\x1b[K \x1b[01;35m\x1b[Kwarning: \x1b[m\x1b[Kunused parameter \xe2\x80\x98\x1b[01m\x1b[Kdata\x1b[m\x1b[K\xe2\x80\x99 [\x1b[01;35m\x1b[K\x1b]8;;https://gcc.gnu.org/onlinedocs/gcc/Warning-Options.html#index-Wunused-parameter\x07-Wunused-parameter\x1b]8;;\x07\x1b[m\x1b[K]\n'}
[11.024009] (rplidar_ros) StderrLine: {'line': b'   54 |         virtual void onCustomSampleDataDecoded(_u8 ansType, _u32 customCode, \x1b[01;35m\x1b[Kconst void* data\x1b[m\x1b[K, size_t size) {}\n'}
[11.024110] (rplidar_ros) StderrLine: {'line': b'      |                                                                              \x1b[01;35m\x1b[K~~~~~~~~~~~~^~~~\x1b[m\x1b[K\n'}
[11.024204] (rplidar_ros) StderrLine: {'line': b'\x1b[01m\x1b[K/home/ubuntu/rb3302_final_proj_code/robot_ws/src/rplidar_ros/sdk/src/dataunpacker/unpacker/../dataunpacker.h:54:103:\x1b[m\x1b[K \x1b[01;35m\x1b[Kwarning: \x1b[m\x1b[Kunused parameter \xe2\x80\x98\x1b[01m\x1b[Ksize\x1b[m\x1b[K\xe2\x80\x99 [\x1b[01;35m\x1b[K\x1b]8;;https://gcc.gnu.org/onlinedocs/gcc/Warning-Options.html#index-Wunused-parameter\x07-Wunused-parameter\x1b]8;;\x07\x1b[m\x1b[K]\n'}
[11.024304] (rplidar_ros) StderrLine: {'line': b'   54 |         virtual void onCustomSampleDataDecoded(_u8 ansType, _u32 customCode, const void* data, \x1b[01;35m\x1b[Ksize_t size\x1b[m\x1b[K) {}\n'}
[11.024419] (rplidar_ros) StderrLine: {'line': b'      |                                                                                                \x1b[01;35m\x1b[K~~~~~~~^~~~\x1b[m\x1b[K\n'}
[11.024534] (rplidar_ros) StderrLine: {'line': b'\x1b[01m\x1b[K/home/ubuntu/rb3302_final_proj_code/robot_ws/src/rplidar_ros/sdk/src/dataunpacker/unpacker/../dataunpacker.h:\x1b[m\x1b[K In member function \xe2\x80\x98\x1b[01m\x1b[Kvirtual void sl::internal::LIDARSampleDataListener::\x1b[01;32m\x1b[KonDecodingError\x1b[m\x1b[K(int, _u8, const void*, size_t)\x1b[m\x1b[K\xe2\x80\x99:\n'}
[11.024625] (rplidar_ros) StderrLine: {'line': b'\x1b[01m\x1b[K/home/ubuntu/rb3302_final_proj_code/robot_ws/src/rplidar_ros/sdk/src/dataunpacker/unpacker/../dataunpacker.h:56:42:\x1b[m\x1b[K \x1b[01;35m\x1b[Kwarning: \x1b[m\x1b[Kunused parameter \xe2\x80\x98\x1b[01m\x1b[KerrMsg\x1b[m\x1b[K\xe2\x80\x99 [\x1b[01;35m\x1b[K\x1b]8;;https://gcc.gnu.org/onlinedocs/gcc/Warning-Options.html#index-Wunused-parameter\x07-Wunused-parameter\x1b]8;;\x07\x1b[m\x1b[K]\n'}
[11.026603] (rplidar_ros) StderrLine: {'line': b'   56 |         virtual void onDecodingError(\x1b[01;35m\x1b[Kint errMsg\x1b[m\x1b[K, _u8 ansType, const void* payload, size_t size) {}\n'}
[11.026900] (rplidar_ros) StderrLine: {'line': b'      |                                      \x1b[01;35m\x1b[K~~~~^~~~~~\x1b[m\x1b[K\n'}
[11.027040] (rplidar_ros) StderrLine: {'line': b'\x1b[01m\x1b[K/home/ubuntu/rb3302_final_proj_code/robot_ws/src/rplidar_ros/sdk/src/dataunpacker/unpacker/../dataunpacker.h:56:54:\x1b[m\x1b[K \x1b[01;35m\x1b[Kwarning: \x1b[m\x1b[Kunused parameter \xe2\x80\x98\x1b[01m\x1b[KansType\x1b[m\x1b[K\xe2\x80\x99 [\x1b[01;35m\x1b[K\x1b]8;;https://gcc.gnu.org/onlinedocs/gcc/Warning-Options.html#index-Wunused-parameter\x07-Wunused-parameter\x1b]8;;\x07\x1b[m\x1b[K]\n'}
[11.027166] (rplidar_ros) StderrLine: {'line': b'   56 |         virtual void onDecodingError(int errMsg, \x1b[01;35m\x1b[K_u8 ansType\x1b[m\x1b[K, const void* payload, size_t size) {}\n'}
[11.027264] (rplidar_ros) StderrLine: {'line': b'      |                                                  \x1b[01;35m\x1b[K~~~~^~~~~~~\x1b[m\x1b[K\n'}
[11.027355] (rplidar_ros) StderrLine: {'line': b'\x1b[01m\x1b[K/home/ubuntu/rb3302_final_proj_code/robot_ws/src/rplidar_ros/sdk/src/dataunpacker/unpacker/../dataunpacker.h:56:75:\x1b[m\x1b[K \x1b[01;35m\x1b[Kwarning: \x1b[m\x1b[Kunused parameter \xe2\x80\x98\x1b[01m\x1b[Kpayload\x1b[m\x1b[K\xe2\x80\x99 [\x1b[01;35m\x1b[K\x1b]8;;https://gcc.gnu.org/onlinedocs/gcc/Warning-Options.html#index-Wunused-parameter\x07-Wunused-parameter\x1b]8;;\x07\x1b[m\x1b[K]\n'}
[11.027518] (rplidar_ros) StderrLine: {'line': b'   56 |         virtual void onDecodingError(int errMsg, _u8 ansType, \x1b[01;35m\x1b[Kconst void* payload\x1b[m\x1b[K, size_t size) {}\n'}
[11.027624] (rplidar_ros) StderrLine: {'line': b'      |                                                               \x1b[01;35m\x1b[K~~~~~~~~~~~~^~~~~~~\x1b[m\x1b[K\n'}
[11.027717] (rplidar_ros) StderrLine: {'line': b'\x1b[01m\x1b[K/home/ubuntu/rb3302_final_proj_code/robot_ws/src/rplidar_ros/sdk/src/dataunpacker/unpacker/../dataunpacker.h:56:91:\x1b[m\x1b[K \x1b[01;35m\x1b[Kwarning: \x1b[m\x1b[Kunused parameter \xe2\x80\x98\x1b[01m\x1b[Ksize\x1b[m\x1b[K\xe2\x80\x99 [\x1b[01;35m\x1b[K\x1b]8;;https://gcc.gnu.org/onlinedocs/gcc/Warning-Options.html#index-Wunused-parameter\x07-Wunused-parameter\x1b]8;;\x07\x1b[m\x1b[K]\n'}
[11.027817] (rplidar_ros) StderrLine: {'line': b'   56 |         virtual void onDecodingError(int errMsg, _u8 ansType, const void* payload, \x1b[01;35m\x1b[Ksize_t size\x1b[m\x1b[K) {}\n'}
[11.027905] (rplidar_ros) StderrLine: {'line': b'      |                                                                                    \x1b[01;35m\x1b[K~~~~~~~^~~~\x1b[m\x1b[K\n'}
[11.080511] (yesense_interface) StdoutLine: {'line': b'writing yesense_interface.egg-info/PKG-INFO\n'}
[11.081203] (yesense_interface) StdoutLine: {'line': b'writing dependency_links to yesense_interface.egg-info/dependency_links.txt\n'}
[11.081564] (yesense_interface) StdoutLine: {'line': b'writing top-level names to yesense_interface.egg-info/top_level.txt\n'}
[11.081910] (yesense_interface) StdoutLine: {'line': b"writing manifest file 'yesense_interface.egg-info/SOURCES.txt'\n"}
[11.089955] (rplidar_ros) StderrLine: {'line': b'In file included from \x1b[01m\x1b[K/home/ubuntu/rb3302_final_proj_code/robot_ws/src/rplidar_ros/sdk/src/sl_lidarprotocol_codec.cpp:49\x1b[m\x1b[K:\n'}
[11.090265] (rplidar_ros) StderrLine: {'line': b'\x1b[01m\x1b[K/home/ubuntu/rb3302_final_proj_code/robot_ws/src/rplidar_ros/sdk/src/sl_async_transceiver.h:\x1b[m\x1b[K In member function \xe2\x80\x98\x1b[01m\x1b[Kvirtual void sl::internal::IAsyncProtocolCodec::\x1b[01;32m\x1b[KonChannelError\x1b[m\x1b[K(u_result)\x1b[m\x1b[K\xe2\x80\x99:\n'}
[11.090421] (rplidar_ros) StderrLine: {'line': b'\x1b[01m\x1b[K/home/ubuntu/rb3302_final_proj_code/robot_ws/src/rplidar_ros/sdk/src/sl_async_transceiver.h:90:48:\x1b[m\x1b[K \x1b[01;35m\x1b[Kwarning: \x1b[m\x1b[Kunused parameter \xe2\x80\x98\x1b[01m\x1b[KerrCode\x1b[m\x1b[K\xe2\x80\x99 [\x1b[01;35m\x1b[K\x1b]8;;https://gcc.gnu.org/onlinedocs/gcc/Warning-Options.html#index-Wunused-parameter\x07-Wunused-parameter\x1b]8;;\x07\x1b[m\x1b[K]\n'}
[11.090550] (rplidar_ros) StderrLine: {'line': b'   90 |         virtual void   onChannelError(\x1b[01;35m\x1b[Ku_result errCode\x1b[m\x1b[K) {}\n'}
[11.090645] (rplidar_ros) StderrLine: {'line': b'      |                                       \x1b[01;35m\x1b[K~~~~~~~~~^~~~~~~\x1b[m\x1b[K\n'}
[11.103755] (-) TimerEvent: {}
[11.204487] (-) TimerEvent: {}
[11.275577] (rplidar_ros) StdoutLine: {'line': b'[ 68%] \x1b[32mBuilding CXX object CMakeFiles/rplidar_composition.dir/sdk/src/dataunpacker/unpacker/handler_normalnode.cpp.o\x1b[0m\n'}
[11.305510] (-) TimerEvent: {}
[11.335586] (yesense_interface) StdoutLine: {'line': b"reading manifest file 'yesense_interface.egg-info/SOURCES.txt'\n"}
[11.338260] (yesense_interface) StdoutLine: {'line': b"writing manifest file 'yesense_interface.egg-info/SOURCES.txt'\n"}
[11.340562] (rplidar_ros) StderrLine: {'line': b'In file included from \x1b[01m\x1b[K/home/ubuntu/rb3302_final_proj_code/robot_ws/src/rplidar_ros/sdk/include/sl_lidar_cmd.h:41\x1b[m\x1b[K,\n'}
[11.340939] (rplidar_ros) StderrLine: {'line': b'                 from \x1b[01m\x1b[K/home/ubuntu/rb3302_final_proj_code/robot_ws/src/rplidar_ros/sdk/include/sl_lidar_driver.h:54\x1b[m\x1b[K,\n'}
[11.341986] (rplidar_ros) StderrLine: {'line': b'                 from \x1b[01m\x1b[K/home/ubuntu/rb3302_final_proj_code/robot_ws/src/rplidar_ros/sdk/src/sl_udp_channel.cpp:33\x1b[m\x1b[K:\n'}
[11.342237] (rplidar_ros) StderrLine: {'line': b'\x1b[01m\x1b[K/home/ubuntu/rb3302_final_proj_code/robot_ws/src/rplidar_ros/sdk/include/sl_lidar_protocol.h:66:16:\x1b[m\x1b[K \x1b[01;35m\x1b[Kwarning: \x1b[m\x1b[KISO C++ forbids zero-size array \xe2\x80\x98\x1b[01m\x1b[Kdata\x1b[m\x1b[K\xe2\x80\x99 [\x1b[01;35m\x1b[K\x1b]8;;https://gcc.gnu.org/onlinedocs/gcc/Warning-Options.html#index-Wpedantic\x07-Wpedantic\x1b]8;;\x07\x1b[m\x1b[K]\n'}
[11.342358] (rplidar_ros) StderrLine: {'line': b'   66 |     sl_u8 data[\x1b[01;35m\x1b[K0\x1b[m\x1b[K];\n'}
[11.342496] (rplidar_ros) StderrLine: {'line': b'      |                \x1b[01;35m\x1b[K^\x1b[m\x1b[K\n'}
[11.342688] (rplidar_ros) StderrLine: {'line': b'\x1b[01m\x1b[K/home/ubuntu/rb3302_final_proj_code/robot_ws/src/rplidar_ros/sdk/include/sl_lidar_cmd.h:324:20:\x1b[m\x1b[K \x1b[01;35m\x1b[Kwarning: \x1b[m\x1b[KISO C++ forbids zero-size array \xe2\x80\x98\x1b[01m\x1b[Kpayload\x1b[m\x1b[K\xe2\x80\x99 [\x1b[01;35m\x1b[K\x1b]8;;https://gcc.gnu.org/onlinedocs/gcc/Warning-Options.html#index-Wpedantic\x07-Wpedantic\x1b]8;;\x07\x1b[m\x1b[K]\n'}
[11.342904] (rplidar_ros) StderrLine: {'line': b'  324 |     sl_u8  payload[\x1b[01;35m\x1b[K0\x1b[m\x1b[K];\n'}
[11.343097] (rplidar_ros) StderrLine: {'line': b'      |                    \x1b[01;35m\x1b[K^\x1b[m\x1b[K\n'}
[11.351193] (rplidar_ros) StderrLine: {'line': b'\x1b[01m\x1b[K/home/ubuntu/rb3302_final_proj_code/robot_ws/src/rplidar_ros/sdk/src/sl_udp_channel.cpp:\x1b[m\x1b[K In member function \xe2\x80\x98\x1b[01m\x1b[Kvoid sl::UdpChannel::\x1b[01;32m\x1b[KsetStatus\x1b[m\x1b[K(_u32)\x1b[m\x1b[K\xe2\x80\x99:\n'}
[11.351792] (rplidar_ros) StderrLine: {'line': b'\x1b[01m\x1b[K/home/ubuntu/rb3302_final_proj_code/robot_ws/src/rplidar_ros/sdk/src/sl_udp_channel.cpp:112:29:\x1b[m\x1b[K \x1b[01;35m\x1b[Kwarning: \x1b[m\x1b[Kunused parameter \xe2\x80\x98\x1b[01m\x1b[Kflag\x1b[m\x1b[K\xe2\x80\x99 [\x1b[01;35m\x1b[K\x1b]8;;https://gcc.gnu.org/onlinedocs/gcc/Warning-Options.html#index-Wunused-parameter\x07-Wunused-parameter\x1b]8;;\x07\x1b[m\x1b[K]\n'}
[11.354498] (rplidar_ros) StderrLine: {'line': b'  112 |         void setStatus(\x1b[01;35m\x1b[K_u32 flag\x1b[m\x1b[K){}\n'}
[11.354813] (rplidar_ros) StderrLine: {'line': b'      |                        \x1b[01;35m\x1b[K~~~~~^~~~\x1b[m\x1b[K\n'}
[11.405651] (-) TimerEvent: {}
[11.481637] (rplidar_ros) StdoutLine: {'line': b'[ 71%] \x1b[32mBuilding CXX object CMakeFiles/rplidar_composition.dir/sdk/src/hal/thread.cpp.o\x1b[0m\n'}
[11.499274] (rplidar_ros) StdoutLine: {'line': b'[ 73%] \x1b[32mBuilding CXX object CMakeFiles/rplidar_composition.dir/sdk/src/rplidar_driver.cpp.o\x1b[0m\n'}
[11.505787] (-) TimerEvent: {}
[11.512626] (yesense_interface) StdoutLine: {'line': b'[  1%] Built target ament_cmake_python_build_yesense_interface_egg\n'}
[11.606635] (-) TimerEvent: {}
[11.611723] (rplidar_ros) StdoutLine: {'line': b'[ 76%] \x1b[32mBuilding CXX object CMakeFiles/rplidar_composition.dir/sdk/src/sl_async_transceiver.cpp.o\x1b[0m\n'}
[11.681337] (rplidar_ros) StderrLine: {'line': b'In file included from \x1b[01m\x1b[K/home/ubuntu/rb3302_final_proj_code/robot_ws/src/rplidar_ros/sdk/include/sl_lidar_cmd.h:41\x1b[m\x1b[K,\n'}
[11.681691] (rplidar_ros) StderrLine: {'line': b'                 from \x1b[01m\x1b[K/home/ubuntu/rb3302_final_proj_code/robot_ws/src/rplidar_ros/sdk/include/sl_lidar_driver.h:54\x1b[m\x1b[K,\n'}
[11.681815] (rplidar_ros) StderrLine: {'line': b'                 from \x1b[01m\x1b[K/home/ubuntu/rb3302_final_proj_code/robot_ws/src/rplidar_ros/sdk/src/sl_tcp_channel.cpp:33\x1b[m\x1b[K:\n'}
[11.681914] (rplidar_ros) StderrLine: {'line': b'\x1b[01m\x1b[K/home/ubuntu/rb3302_final_proj_code/robot_ws/src/rplidar_ros/sdk/include/sl_lidar_protocol.h:66:16:\x1b[m\x1b[K \x1b[01;35m\x1b[Kwarning: \x1b[m\x1b[KISO C++ forbids zero-size array \xe2\x80\x98\x1b[01m\x1b[Kdata\x1b[m\x1b[K\xe2\x80\x99 [\x1b[01;35m\x1b[K\x1b]8;;https://gcc.gnu.org/onlinedocs/gcc/Warning-Options.html#index-Wpedantic\x07-Wpedantic\x1b]8;;\x07\x1b[m\x1b[K]\n'}
[11.682015] (rplidar_ros) StderrLine: {'line': b'   66 |     sl_u8 data[\x1b[01;35m\x1b[K0\x1b[m\x1b[K];\n'}
[11.682108] (rplidar_ros) StderrLine: {'line': b'      |                \x1b[01;35m\x1b[K^\x1b[m\x1b[K\n'}
[11.686562] (rplidar_ros) StderrLine: {'line': b'\x1b[01m\x1b[K/home/ubuntu/rb3302_final_proj_code/robot_ws/src/rplidar_ros/sdk/include/sl_lidar_cmd.h:324:20:\x1b[m\x1b[K \x1b[01;35m\x1b[Kwarning: \x1b[m\x1b[KISO C++ forbids zero-size array \xe2\x80\x98\x1b[01m\x1b[Kpayload\x1b[m\x1b[K\xe2\x80\x99 [\x1b[01;35m\x1b[K\x1b]8;;https://gcc.gnu.org/onlinedocs/gcc/Warning-Options.html#index-Wpedantic\x07-Wpedantic\x1b]8;;\x07\x1b[m\x1b[K]\n'}
[11.686867] (rplidar_ros) StderrLine: {'line': b'  324 |     sl_u8  payload[\x1b[01;35m\x1b[K0\x1b[m\x1b[K];\n'}
[11.686988] (rplidar_ros) StderrLine: {'line': b'      |                    \x1b[01;35m\x1b[K^\x1b[m\x1b[K\n'}
[11.687875] (yesense_interface) StdoutLine: {'line': b'[  1%] Built target yesense_interface__rs\n'}
[11.702806] (rplidar_ros) StderrLine: {'line': b'\x1b[01m\x1b[K/home/ubuntu/rb3302_final_proj_code/robot_ws/src/rplidar_ros/sdk/src/sl_tcp_channel.cpp:\x1b[m\x1b[K In member function \xe2\x80\x98\x1b[01m\x1b[Kvoid sl::TcpChannel::\x1b[01;32m\x1b[KsetStatus\x1b[m\x1b[K(_u32)\x1b[m\x1b[K\xe2\x80\x99:\n'}
[11.703108] (rplidar_ros) StderrLine: {'line': b'\x1b[01m\x1b[K/home/ubuntu/rb3302_final_proj_code/robot_ws/src/rplidar_ros/sdk/src/sl_tcp_channel.cpp:109:29:\x1b[m\x1b[K \x1b[01;35m\x1b[Kwarning: \x1b[m\x1b[Kunused parameter \xe2\x80\x98\x1b[01m\x1b[Kflag\x1b[m\x1b[K\xe2\x80\x99 [\x1b[01;35m\x1b[K\x1b]8;;https://gcc.gnu.org/onlinedocs/gcc/Warning-Options.html#index-Wunused-parameter\x07-Wunused-parameter\x1b]8;;\x07\x1b[m\x1b[K]\n'}
[11.703237] (rplidar_ros) StderrLine: {'line': b'  109 |         void setStatus(\x1b[01;35m\x1b[K_u32 flag\x1b[m\x1b[K){}\n'}
[11.703343] (rplidar_ros) StderrLine: {'line': b'      |                        \x1b[01;35m\x1b[K~~~~~^~~~\x1b[m\x1b[K\n'}
[11.706827] (-) TimerEvent: {}
[11.810623] (-) TimerEvent: {}
[11.911648] (-) TimerEvent: {}
[11.984331] (rplidar_ros) StdoutLine: {'line': b'[ 78%] \x1b[32mBuilding CXX object CMakeFiles/rplidar_composition.dir/sdk/src/sl_crc.cpp.o\x1b[0m\n'}
[12.011775] (-) TimerEvent: {}
[12.055663] (rplidar_ros) StderrLine: {'line': b'In file included from \x1b[01m\x1b[K/home/ubuntu/rb3302_final_proj_code/robot_ws/src/rplidar_ros/sdk/include/sl_lidar_cmd.h:41\x1b[m\x1b[K,\n'}
[12.055968] (rplidar_ros) StderrLine: {'line': b'                 from \x1b[01m\x1b[K/home/ubuntu/rb3302_final_proj_code/robot_ws/src/rplidar_ros/sdk/include/sl_crc.h:36\x1b[m\x1b[K,\n'}
[12.056100] (rplidar_ros) StderrLine: {'line': b'                 from \x1b[01m\x1b[K/home/ubuntu/rb3302_final_proj_code/robot_ws/src/rplidar_ros/sdk/src/sl_crc.cpp:33\x1b[m\x1b[K:\n'}
[12.056212] (rplidar_ros) StderrLine: {'line': b'\x1b[01m\x1b[K/home/ubuntu/rb3302_final_proj_code/robot_ws/src/rplidar_ros/sdk/include/sl_lidar_protocol.h:66:16:\x1b[m\x1b[K \x1b[01;35m\x1b[Kwarning: \x1b[m\x1b[KISO C++ forbids zero-size array \xe2\x80\x98\x1b[01m\x1b[Kdata\x1b[m\x1b[K\xe2\x80\x99 [\x1b[01;35m\x1b[K\x1b]8;;https://gcc.gnu.org/onlinedocs/gcc/Warning-Options.html#index-Wpedantic\x07-Wpedantic\x1b]8;;\x07\x1b[m\x1b[K]\n'}
[12.056328] (rplidar_ros) StderrLine: {'line': b'   66 |     sl_u8 data[\x1b[01;35m\x1b[K0\x1b[m\x1b[K];\n'}
[12.056495] (rplidar_ros) StderrLine: {'line': b'      |                \x1b[01;35m\x1b[K^\x1b[m\x1b[K\n'}
[12.056611] (rplidar_ros) StderrLine: {'line': b'\x1b[01m\x1b[K/home/ubuntu/rb3302_final_proj_code/robot_ws/src/rplidar_ros/sdk/include/sl_lidar_cmd.h:324:20:\x1b[m\x1b[K \x1b[01;35m\x1b[Kwarning: \x1b[m\x1b[KISO C++ forbids zero-size array \xe2\x80\x98\x1b[01m\x1b[Kpayload\x1b[m\x1b[K\xe2\x80\x99 [\x1b[01;35m\x1b[K\x1b]8;;https://gcc.gnu.org/onlinedocs/gcc/Warning-Options.html#index-Wpedantic\x07-Wpedantic\x1b]8;;\x07\x1b[m\x1b[K]\n'}
[12.056721] (rplidar_ros) StderrLine: {'line': b'  324 |     sl_u8  payload[\x1b[01;35m\x1b[K0\x1b[m\x1b[K];\n'}
[12.056816] (rplidar_ros) StderrLine: {'line': b'      |                    \x1b[01;35m\x1b[K^\x1b[m\x1b[K\n'}
[12.110633] (rplidar_ros) StdoutLine: {'line': b'[ 81%] \x1b[32mBuilding CXX object CMakeFiles/rplidar_composition.dir/sdk/src/sl_lidar_driver.cpp.o\x1b[0m\n'}
[12.112532] (-) TimerEvent: {}
[12.212990] (-) TimerEvent: {}
[12.315533] (-) TimerEvent: {}
[12.350620] (rplidar_ros) StderrLine: {'line': b'In file included from \x1b[01m\x1b[K/home/ubuntu/rb3302_final_proj_code/robot_ws/src/rplidar_ros/sdk/include/rplidar_protocol.h:36\x1b[m\x1b[K,\n'}
[12.350913] (rplidar_ros) StderrLine: {'line': b'                 from \x1b[01m\x1b[K/home/ubuntu/rb3302_final_proj_code/robot_ws/src/rplidar_ros/sdk/include/rplidar.h:39\x1b[m\x1b[K,\n'}
[12.351062] (rplidar_ros) StderrLine: {'line': b'                 from \x1b[01m\x1b[K/home/ubuntu/rb3302_final_proj_code/robot_ws/src/rplidar_ros/sdk/src/sdkcommon.h:49\x1b[m\x1b[K,\n'}
[12.351223] (rplidar_ros) StderrLine: {'line': b'                 from \x1b[01m\x1b[K/home/ubuntu/rb3302_final_proj_code/robot_ws/src/rplidar_ros/sdk/src/sl_async_transceiver.cpp:35\x1b[m\x1b[K:\n'}
[12.351333] (rplidar_ros) StderrLine: {'line': b'\x1b[01m\x1b[K/home/ubuntu/rb3302_final_proj_code/robot_ws/src/rplidar_ros/sdk/include/sl_lidar_protocol.h:66:16:\x1b[m\x1b[K \x1b[01;35m\x1b[Kwarning: \x1b[m\x1b[KISO C++ forbids zero-size array \xe2\x80\x98\x1b[01m\x1b[Kdata\x1b[m\x1b[K\xe2\x80\x99 [\x1b[01;35m\x1b[K\x1b]8;;https://gcc.gnu.org/onlinedocs/gcc/Warning-Options.html#index-Wpedantic\x07-Wpedantic\x1b]8;;\x07\x1b[m\x1b[K]\n'}
[12.351509] (rplidar_ros) StderrLine: {'line': b'   66 |     sl_u8 data[\x1b[01;35m\x1b[K0\x1b[m\x1b[K];\n'}
[12.351618] (rplidar_ros) StderrLine: {'line': b'      |                \x1b[01;35m\x1b[K^\x1b[m\x1b[K\n'}
[12.351837] (rplidar_ros) StderrLine: {'line': b'In file included from \x1b[01m\x1b[K/home/ubuntu/rb3302_final_proj_code/robot_ws/src/rplidar_ros/sdk/include/rplidar_cmd.h:36\x1b[m\x1b[K,\n'}
[12.351966] (rplidar_ros) StderrLine: {'line': b'                 from \x1b[01m\x1b[K/home/ubuntu/rb3302_final_proj_code/robot_ws/src/rplidar_ros/sdk/include/rplidar.h:40\x1b[m\x1b[K:\n'}
[12.352076] (rplidar_ros) StderrLine: {'line': b'\x1b[01m\x1b[K/home/ubuntu/rb3302_final_proj_code/robot_ws/src/rplidar_ros/sdk/include/sl_lidar_cmd.h:324:20:\x1b[m\x1b[K \x1b[01;35m\x1b[Kwarning: \x1b[m\x1b[KISO C++ forbids zero-size array \xe2\x80\x98\x1b[01m\x1b[Kpayload\x1b[m\x1b[K\xe2\x80\x99 [\x1b[01;35m\x1b[K\x1b]8;;https://gcc.gnu.org/onlinedocs/gcc/Warning-Options.html#index-Wpedantic\x07-Wpedantic\x1b]8;;\x07\x1b[m\x1b[K]\n'}
[12.352250] (rplidar_ros) StderrLine: {'line': b'  324 |     sl_u8  payload[\x1b[01;35m\x1b[K0\x1b[m\x1b[K];\n'}
[12.352356] (rplidar_ros) StderrLine: {'line': b'      |                    \x1b[01;35m\x1b[K^\x1b[m\x1b[K\n'}
[12.415660] (-) TimerEvent: {}
[12.502970] (rplidar_ros) StderrLine: {'line': b'In file included from \x1b[01m\x1b[K/home/ubuntu/rb3302_final_proj_code/robot_ws/src/rplidar_ros/sdk/include/rplidar_protocol.h:36\x1b[m\x1b[K,\n'}
[12.503268] (rplidar_ros) StderrLine: {'line': b'                 from \x1b[01m\x1b[K/home/ubuntu/rb3302_final_proj_code/robot_ws/src/rplidar_ros/sdk/include/rplidar.h:39\x1b[m\x1b[K,\n'}
[12.503429] (rplidar_ros) StderrLine: {'line': b'                 from \x1b[01m\x1b[K/home/ubuntu/rb3302_final_proj_code/robot_ws/src/rplidar_ros/sdk/src/sdkcommon.h:49\x1b[m\x1b[K,\n'}
[12.503730] (rplidar_ros) StderrLine: {'line': b'                 from \x1b[01m\x1b[K/home/ubuntu/rb3302_final_proj_code/robot_ws/src/rplidar_ros/sdk/src/hal/thread.cpp:35\x1b[m\x1b[K:\n'}
[12.503847] (rplidar_ros) StderrLine: {'line': b'\x1b[01m\x1b[K/home/ubuntu/rb3302_final_proj_code/robot_ws/src/rplidar_ros/sdk/include/sl_lidar_protocol.h:66:16:\x1b[m\x1b[K \x1b[01;35m\x1b[Kwarning: \x1b[m\x1b[KISO C++ forbids zero-size array \xe2\x80\x98\x1b[01m\x1b[Kdata\x1b[m\x1b[K\xe2\x80\x99 [\x1b[01;35m\x1b[K\x1b]8;;https://gcc.gnu.org/onlinedocs/gcc/Warning-Options.html#index-Wpedantic\x07-Wpedantic\x1b]8;;\x07\x1b[m\x1b[K]\n'}
[12.503961] (rplidar_ros) StderrLine: {'line': b'   66 |     sl_u8 data[\x1b[01;35m\x1b[K0\x1b[m\x1b[K];\n'}
[12.504066] (rplidar_ros) StderrLine: {'line': b'      |                \x1b[01;35m\x1b[K^\x1b[m\x1b[K\n'}
[12.504166] (rplidar_ros) StderrLine: {'line': b'In file included from \x1b[01m\x1b[K/home/ubuntu/rb3302_final_proj_code/robot_ws/src/rplidar_ros/sdk/include/rplidar_cmd.h:36\x1b[m\x1b[K,\n'}
[12.504262] (rplidar_ros) StderrLine: {'line': b'                 from \x1b[01m\x1b[K/home/ubuntu/rb3302_final_proj_code/robot_ws/src/rplidar_ros/sdk/include/rplidar.h:40\x1b[m\x1b[K:\n'}
[12.504354] (rplidar_ros) StderrLine: {'line': b'\x1b[01m\x1b[K/home/ubuntu/rb3302_final_proj_code/robot_ws/src/rplidar_ros/sdk/include/sl_lidar_cmd.h:324:20:\x1b[m\x1b[K \x1b[01;35m\x1b[Kwarning: \x1b[m\x1b[KISO C++ forbids zero-size array \xe2\x80\x98\x1b[01m\x1b[Kpayload\x1b[m\x1b[K\xe2\x80\x99 [\x1b[01;35m\x1b[K\x1b]8;;https://gcc.gnu.org/onlinedocs/gcc/Warning-Options.html#index-Wpedantic\x07-Wpedantic\x1b]8;;\x07\x1b[m\x1b[K]\n'}
[12.504531] (rplidar_ros) StderrLine: {'line': b'  324 |     sl_u8  payload[\x1b[01;35m\x1b[K0\x1b[m\x1b[K];\n'}
[12.504642] (rplidar_ros) StderrLine: {'line': b'      |                    \x1b[01;35m\x1b[K^\x1b[m\x1b[K\n'}
[12.519541] (-) TimerEvent: {}
[12.553971] (rplidar_ros) StderrLine: {'line': b'In file included from \x1b[01m\x1b[K/home/ubuntu/rb3302_final_proj_code/robot_ws/src/rplidar_ros/sdk/src/sl_async_transceiver.cpp:44\x1b[m\x1b[K:\n'}
[12.554362] (rplidar_ros) StderrLine: {'line': b'\x1b[01m\x1b[K/home/ubuntu/rb3302_final_proj_code/robot_ws/src/rplidar_ros/sdk/src/sl_async_transceiver.h:\x1b[m\x1b[K In member function \xe2\x80\x98\x1b[01m\x1b[Kvirtual void sl::internal::IAsyncProtocolCodec::\x1b[01;32m\x1b[KonChannelError\x1b[m\x1b[K(u_result)\x1b[m\x1b[K\xe2\x80\x99:\n'}
[12.554551] (rplidar_ros) StderrLine: {'line': b'\x1b[01m\x1b[K/home/ubuntu/rb3302_final_proj_code/robot_ws/src/rplidar_ros/sdk/src/sl_async_transceiver.h:90:48:\x1b[m\x1b[K \x1b[01;35m\x1b[Kwarning: \x1b[m\x1b[Kunused parameter \xe2\x80\x98\x1b[01m\x1b[KerrCode\x1b[m\x1b[K\xe2\x80\x99 [\x1b[01;35m\x1b[K\x1b]8;;https://gcc.gnu.org/onlinedocs/gcc/Warning-Options.html#index-Wunused-parameter\x07-Wunused-parameter\x1b]8;;\x07\x1b[m\x1b[K]\n'}
[12.554678] (rplidar_ros) StderrLine: {'line': b'   90 |         virtual void   onChannelError(\x1b[01;35m\x1b[Ku_result errCode\x1b[m\x1b[K) {}\n'}
[12.554810] (rplidar_ros) StderrLine: {'line': b'      |                                       \x1b[01;35m\x1b[K~~~~~~~~~^~~~~~~\x1b[m\x1b[K\n'}
[12.595529] (rplidar_ros) StderrLine: {'line': b'In file included from \x1b[01m\x1b[K/home/ubuntu/rb3302_final_proj_code/robot_ws/src/rplidar_ros/sdk/include/rplidar_protocol.h:36\x1b[m\x1b[K,\n'}
[12.595881] (rplidar_ros) StderrLine: {'line': b'                 from \x1b[01m\x1b[K/home/ubuntu/rb3302_final_proj_code/robot_ws/src/rplidar_ros/sdk/include/rplidar.h:39\x1b[m\x1b[K,\n'}
[12.596026] (rplidar_ros) StderrLine: {'line': b'                 from \x1b[01m\x1b[K/home/ubuntu/rb3302_final_proj_code/robot_ws/src/rplidar_ros/sdk/src/sdkcommon.h:49\x1b[m\x1b[K,\n'}
[12.596170] (rplidar_ros) StderrLine: {'line': b'                 from \x1b[01m\x1b[K/home/ubuntu/rb3302_final_proj_code/robot_ws/src/rplidar_ros/sdk/src/rplidar_driver.cpp:33\x1b[m\x1b[K:\n'}
[12.596274] (rplidar_ros) StderrLine: {'line': b'\x1b[01m\x1b[K/home/ubuntu/rb3302_final_proj_code/robot_ws/src/rplidar_ros/sdk/include/sl_lidar_protocol.h:66:16:\x1b[m\x1b[K \x1b[01;35m\x1b[Kwarning: \x1b[m\x1b[KISO C++ forbids zero-size array \xe2\x80\x98\x1b[01m\x1b[Kdata\x1b[m\x1b[K\xe2\x80\x99 [\x1b[01;35m\x1b[K\x1b]8;;https://gcc.gnu.org/onlinedocs/gcc/Warning-Options.html#index-Wpedantic\x07-Wpedantic\x1b]8;;\x07\x1b[m\x1b[K]\n'}
[12.596424] (rplidar_ros) StderrLine: {'line': b'   66 |     sl_u8 data[\x1b[01;35m\x1b[K0\x1b[m\x1b[K];\n'}
[12.596570] (rplidar_ros) StderrLine: {'line': b'      |                \x1b[01;35m\x1b[K^\x1b[m\x1b[K\n'}
[12.601525] (rplidar_ros) StderrLine: {'line': b'In file included from \x1b[01m\x1b[K/home/ubuntu/rb3302_final_proj_code/robot_ws/src/rplidar_ros/sdk/include/rplidar_cmd.h:36\x1b[m\x1b[K,\n'}
[12.601874] (rplidar_ros) StderrLine: {'line': b'                 from \x1b[01m\x1b[K/home/ubuntu/rb3302_final_proj_code/robot_ws/src/rplidar_ros/sdk/include/rplidar.h:40\x1b[m\x1b[K:\n'}
[12.602005] (rplidar_ros) StderrLine: {'line': b'\x1b[01m\x1b[K/home/ubuntu/rb3302_final_proj_code/robot_ws/src/rplidar_ros/sdk/include/sl_lidar_cmd.h:324:20:\x1b[m\x1b[K \x1b[01;35m\x1b[Kwarning: \x1b[m\x1b[KISO C++ forbids zero-size array \xe2\x80\x98\x1b[01m\x1b[Kpayload\x1b[m\x1b[K\xe2\x80\x99 [\x1b[01;35m\x1b[K\x1b]8;;https://gcc.gnu.org/onlinedocs/gcc/Warning-Options.html#index-Wpedantic\x07-Wpedantic\x1b]8;;\x07\x1b[m\x1b[K]\n'}
[12.602165] (rplidar_ros) StderrLine: {'line': b'  324 |     sl_u8  payload[\x1b[01;35m\x1b[K0\x1b[m\x1b[K];\n'}
[12.602273] (rplidar_ros) StderrLine: {'line': b'      |                    \x1b[01;35m\x1b[K^\x1b[m\x1b[K\n'}
[12.612058] (rplidar_ros) StderrLine: {'line': b'In file included from \x1b[01m\x1b[K/home/ubuntu/rb3302_final_proj_code/robot_ws/src/rplidar_ros/sdk/src/hal/thread.cpp:43\x1b[m\x1b[K:\n'}
[12.612427] (rplidar_ros) StderrLine: {'line': b'\x1b[01m\x1b[K/home/ubuntu/rb3302_final_proj_code/robot_ws/src/rplidar_ros/sdk/src/arch/linux/thread.hpp:\x1b[m\x1b[K In static member function \xe2\x80\x98\x1b[01m\x1b[Kstatic rp::hal::Thread rp::hal::Thread::\x1b[01;32m\x1b[Kcreate\x1b[m\x1b[K(thread_proc_t, void*)\x1b[m\x1b[K\xe2\x80\x99:\n'}
[12.612605] (rplidar_ros) StderrLine: {'line': b'\x1b[01m\x1b[K/home/ubuntu/rb3302_final_proj_code/robot_ws/src/rplidar_ros/sdk/src/arch/linux/thread.hpp:52:57:\x1b[m\x1b[K \x1b[01;35m\x1b[Kwarning: \x1b[m\x1b[Kcast between incompatible function types from \xe2\x80\x98\x1b[01m\x1b[Kthread_proc_t\x1b[m\x1b[K\xe2\x80\x99 {aka \xe2\x80\x98\x1b[01m\x1b[Klong unsigned int (*)(void*)\x1b[m\x1b[K\xe2\x80\x99} to \xe2\x80\x98\x1b[01m\x1b[Kvoid* (*)(void*)\x1b[m\x1b[K\xe2\x80\x99 [\x1b[01;35m\x1b[K\x1b]8;;https://gcc.gnu.org/onlinedocs/gcc/Warning-Options.html#index-Wcast-function-type\x07-Wcast-function-type\x1b]8;;\x07\x1b[m\x1b[K]\n'}
[12.612730] (rplidar_ros) StderrLine: {'line': b'   52 |     pthread_create((pthread_t *)&newborn._handle, NULL, \x1b[01;35m\x1b[K(void * (*)(void *))proc\x1b[m\x1b[K, data);\n'}
[12.612838] (rplidar_ros) StderrLine: {'line': b'      |                                                         \x1b[01;35m\x1b[K^~~~~~~~~~~~~~~~~~~~~~~~\x1b[m\x1b[K\n'}
[12.613609] (rplidar_ros) StderrLine: {'line': b'\x1b[01m\x1b[K/home/ubuntu/rb3302_final_proj_code/robot_ws/src/rplidar_ros/sdk/src/arch/linux/thread.hpp:\x1b[m\x1b[K In member function \xe2\x80\x98\x1b[01m\x1b[Ku_result rp::hal::Thread::\x1b[01;32m\x1b[Kjoin\x1b[m\x1b[K(long unsigned int)\x1b[m\x1b[K\xe2\x80\x99:\n'}
[12.613949] (rplidar_ros) StderrLine: {'line': b'\x1b[01m\x1b[K/home/ubuntu/rb3302_final_proj_code/robot_ws/src/rplidar_ros/sdk/src/arch/linux/thread.hpp:176:37:\x1b[m\x1b[K \x1b[01;35m\x1b[Kwarning: \x1b[m\x1b[Kunused parameter \xe2\x80\x98\x1b[01m\x1b[Ktimeout\x1b[m\x1b[K\xe2\x80\x99 [\x1b[01;35m\x1b[K\x1b]8;;https://gcc.gnu.org/onlinedocs/gcc/Warning-Options.html#index-Wunused-parameter\x07-Wunused-parameter\x1b]8;;\x07\x1b[m\x1b[K]\n'}
[12.614086] (rplidar_ros) StderrLine: {'line': b'  176 | u_result Thread::join(\x1b[01;35m\x1b[Kunsigned long timeout\x1b[m\x1b[K)\n'}
[12.614189] (rplidar_ros) StderrLine: {'line': b'      |                       \x1b[01;35m\x1b[K~~~~~~~~~~~~~~^~~~~~~\x1b[m\x1b[K\n'}
[12.619689] (-) TimerEvent: {}
[12.695077] (rplidar_ros) StderrLine: {'line': b'\x1b[01m\x1b[K/home/ubuntu/rb3302_final_proj_code/robot_ws/src/rplidar_ros/sdk/src/rplidar_driver.cpp:\x1b[m\x1b[K In member function \xe2\x80\x98\x1b[01m\x1b[Ku_result rp::standalone::rplidar::RPlidarDriver::\x1b[01;32m\x1b[Kconnect\x1b[m\x1b[K(const char*, _u32, _u32)\x1b[m\x1b[K\xe2\x80\x99:\n'}
[12.695515] (rplidar_ros) StderrLine: {'line': b'\x1b[01m\x1b[K/home/ubuntu/rb3302_final_proj_code/robot_ws/src/rplidar_ros/sdk/src/rplidar_driver.cpp:67:77:\x1b[m\x1b[K \x1b[01;35m\x1b[Kwarning: \x1b[m\x1b[Kunused parameter \xe2\x80\x98\x1b[01m\x1b[Kflag\x1b[m\x1b[K\xe2\x80\x99 [\x1b[01;35m\x1b[K\x1b]8;;https://gcc.gnu.org/onlinedocs/gcc/Warning-Options.html#index-Wunused-parameter\x07-Wunused-parameter\x1b]8;;\x07\x1b[m\x1b[K]\n'}
[12.695689] (rplidar_ros) StderrLine: {'line': b'   67 |     u_result RPlidarDriver::connect(const char *path, _u32 portOrBaud, \x1b[01;35m\x1b[K_u32 flag\x1b[m\x1b[K)\n'}
[12.695809] (rplidar_ros) StderrLine: {'line': b'      |                                                                        \x1b[01;35m\x1b[K~~~~~^~~~\x1b[m\x1b[K\n'}
[12.697641] (rplidar_ros) StderrLine: {'line': b'\x1b[01m\x1b[K/home/ubuntu/rb3302_final_proj_code/robot_ws/src/rplidar_ros/sdk/src/rplidar_driver.cpp:\x1b[m\x1b[K In member function \xe2\x80\x98\x1b[01m\x1b[Ku_result rp::standalone::rplidar::RPlidarDriver::\x1b[01;32m\x1b[Kreset\x1b[m\x1b[K(_u32)\x1b[m\x1b[K\xe2\x80\x99:\n'}
[12.698087] (rplidar_ros) StderrLine: {'line': b'\x1b[01m\x1b[K/home/ubuntu/rb3302_final_proj_code/robot_ws/src/rplidar_ros/sdk/src/rplidar_driver.cpp:101:40:\x1b[m\x1b[K \x1b[01;35m\x1b[Kwarning: \x1b[m\x1b[Kunused parameter \xe2\x80\x98\x1b[01m\x1b[Ktimeout\x1b[m\x1b[K\xe2\x80\x99 [\x1b[01;35m\x1b[K\x1b]8;;https://gcc.gnu.org/onlinedocs/gcc/Warning-Options.html#index-Wunused-parameter\x07-Wunused-parameter\x1b]8;;\x07\x1b[m\x1b[K]\n'}
[12.698436] (rplidar_ros) StderrLine: {'line': b'  101 |     u_result RPlidarDriver::reset(\x1b[01;35m\x1b[K_u32 timeout\x1b[m\x1b[K)\n'}
[12.698675] (rplidar_ros) StderrLine: {'line': b'      |                                   \x1b[01;35m\x1b[K~~~~~^~~~~~~\x1b[m\x1b[K\n'}
[12.701527] (rplidar_ros) StderrLine: {'line': b'\x1b[01m\x1b[K/home/ubuntu/rb3302_final_proj_code/robot_ws/src/rplidar_ros/sdk/src/rplidar_driver.cpp:\x1b[m\x1b[K In member function \xe2\x80\x98\x1b[01m\x1b[Ku_result rp::standalone::rplidar::RPlidarDriver::\x1b[01;32m\x1b[KgetScanDataWithInterval\x1b[m\x1b[K(rplidar_response_measurement_node_t*, size_t&)\x1b[m\x1b[K\xe2\x80\x99:\n'}
[12.701881] (rplidar_ros) StderrLine: {'line': b'\x1b[01m\x1b[K/home/ubuntu/rb3302_final_proj_code/robot_ws/src/rplidar_ros/sdk/src/rplidar_driver.cpp:180:91:\x1b[m\x1b[K \x1b[01;35m\x1b[Kwarning: \x1b[m\x1b[Kunused parameter \xe2\x80\x98\x1b[01m\x1b[Knodebuffer\x1b[m\x1b[K\xe2\x80\x99 [\x1b[01;35m\x1b[K\x1b]8;;https://gcc.gnu.org/onlinedocs/gcc/Warning-Options.html#index-Wunused-parameter\x07-Wunused-parameter\x1b]8;;\x07\x1b[m\x1b[K]\n'}
[12.702092] (rplidar_ros) StderrLine: {'line': b'  180 |     u_result RPlidarDriver::getScanDataWithInterval(\x1b[01;35m\x1b[Krplidar_response_measurement_node_t * nodebuffer\x1b[m\x1b[K, size_t & count)\n'}
[12.702224] (rplidar_ros) StderrLine: {'line': b'      |                                                     \x1b[01;35m\x1b[K~~~~~~~~~~~~~~~~~~~~~~~~~~~~~~~~~~~~~~^~~~~~~~~~\x1b[m\x1b[K\n'}
[12.702354] (rplidar_ros) StderrLine: {'line': b'\x1b[01m\x1b[K/home/ubuntu/rb3302_final_proj_code/robot_ws/src/rplidar_ros/sdk/src/rplidar_driver.cpp:180:112:\x1b[m\x1b[K \x1b[01;35m\x1b[Kwarning: \x1b[m\x1b[Kunused parameter \xe2\x80\x98\x1b[01m\x1b[Kcount\x1b[m\x1b[K\xe2\x80\x99 [\x1b[01;35m\x1b[K\x1b]8;;https://gcc.gnu.org/onlinedocs/gcc/Warning-Options.html#index-Wunused-parameter\x07-Wunused-parameter\x1b]8;;\x07\x1b[m\x1b[K]\n'}
[12.702561] (rplidar_ros) StderrLine: {'line': b'  180 |     u_result RPlidarDriver::getScanDataWithInterval(rplidar_response_measurement_node_t * nodebuffer, \x1b[01;35m\x1b[Ksize_t & count\x1b[m\x1b[K)\n'}
[12.702685] (rplidar_ros) StderrLine: {'line': b'      |                                                                                                       \x1b[01;35m\x1b[K~~~~~~~~~^~~~~\x1b[m\x1b[K\n'}
[12.721492] (-) TimerEvent: {}
[12.825573] (-) TimerEvent: {}
[12.888662] (rplidar_ros) StdoutLine: {'line': b'[ 84%] \x1b[32mBuilding CXX object CMakeFiles/rplidar_composition.dir/sdk/src/sl_lidarprotocol_codec.cpp.o\x1b[0m\n'}
[12.889785] (yesense_interface) StdoutLine: {'line': b'[  1%] Built target yesense_interface__rosidl_generator_type_description\n'}
[12.924515] (rplidar_ros) StdoutLine: {'line': b'[ 86%] \x1b[32mBuilding CXX object CMakeFiles/rplidar_composition.dir/sdk/src/sl_serial_channel.cpp.o\x1b[0m\n'}
[12.926646] (-) TimerEvent: {}
[12.933917] (yesense_interface) StdoutLine: {'line': b'[  2%] \x1b[34m\x1b[1mGenerating C code for ROS interfaces\x1b[0m\n'}
[12.954735] (rplidar_ros) StderrLine: {'line': b'In file included from \x1b[01m\x1b[K/home/ubuntu/rb3302_final_proj_code/robot_ws/src/rplidar_ros/sdk/include/rplidar_protocol.h:36\x1b[m\x1b[K,\n'}
[12.955059] (rplidar_ros) StderrLine: {'line': b'                 from \x1b[01m\x1b[K/home/ubuntu/rb3302_final_proj_code/robot_ws/src/rplidar_ros/sdk/include/rplidar.h:39\x1b[m\x1b[K,\n'}
[12.955738] (rplidar_ros) StderrLine: {'line': b'                 from \x1b[01m\x1b[K/home/ubuntu/rb3302_final_proj_code/robot_ws/src/rplidar_ros/sdk/src/sdkcommon.h:49\x1b[m\x1b[K,\n'}
[12.955964] (rplidar_ros) StderrLine: {'line': b'                 from \x1b[01m\x1b[K/home/ubuntu/rb3302_final_proj_code/robot_ws/src/rplidar_ros/sdk/src/sl_lidar_driver.cpp:33\x1b[m\x1b[K:\n'}
[12.956072] (rplidar_ros) StderrLine: {'line': b'\x1b[01m\x1b[K/home/ubuntu/rb3302_final_proj_code/robot_ws/src/rplidar_ros/sdk/include/sl_lidar_protocol.h:66:16:\x1b[m\x1b[K \x1b[01;35m\x1b[Kwarning: \x1b[m\x1b[KISO C++ forbids zero-size array \xe2\x80\x98\x1b[01m\x1b[Kdata\x1b[m\x1b[K\xe2\x80\x99 [\x1b[01;35m\x1b[K\x1b]8;;https://gcc.gnu.org/onlinedocs/gcc/Warning-Options.html#index-Wpedantic\x07-Wpedantic\x1b]8;;\x07\x1b[m\x1b[K]\n'}
[12.956178] (rplidar_ros) StderrLine: {'line': b'   66 |     sl_u8 data[\x1b[01;35m\x1b[K0\x1b[m\x1b[K];\n'}
[12.956273] (rplidar_ros) StderrLine: {'line': b'      |                \x1b[01;35m\x1b[K^\x1b[m\x1b[K\n'}
[12.956369] (rplidar_ros) StderrLine: {'line': b'In file included from \x1b[01m\x1b[K/home/ubuntu/rb3302_final_proj_code/robot_ws/src/rplidar_ros/sdk/include/rplidar_cmd.h:36\x1b[m\x1b[K,\n'}
[12.957730] (rplidar_ros) StderrLine: {'line': b'                 from \x1b[01m\x1b[K/home/ubuntu/rb3302_final_proj_code/robot_ws/src/rplidar_ros/sdk/include/rplidar.h:40\x1b[m\x1b[K:\n'}
[12.957981] (rplidar_ros) StderrLine: {'line': b'\x1b[01m\x1b[K/home/ubuntu/rb3302_final_proj_code/robot_ws/src/rplidar_ros/sdk/include/sl_lidar_cmd.h:324:20:\x1b[m\x1b[K \x1b[01;35m\x1b[Kwarning: \x1b[m\x1b[KISO C++ forbids zero-size array \xe2\x80\x98\x1b[01m\x1b[Kpayload\x1b[m\x1b[K\xe2\x80\x99 [\x1b[01;35m\x1b[K\x1b]8;;https://gcc.gnu.org/onlinedocs/gcc/Warning-Options.html#index-Wpedantic\x07-Wpedantic\x1b]8;;\x07\x1b[m\x1b[K]\n'}
[12.958112] (rplidar_ros) StderrLine: {'line': b'  324 |     sl_u8  payload[\x1b[01;35m\x1b[K0\x1b[m\x1b[K];\n'}
[12.958207] (rplidar_ros) StderrLine: {'line': b'      |                    \x1b[01;35m\x1b[K^\x1b[m\x1b[K\n'}
[12.970674] (yesense_interface) StdoutLine: {'line': b'[  2%] \x1b[34m\x1b[1mGenerating C++ code for ROS interfaces\x1b[0m\n'}
[12.999484] (rplidar_ros) StdoutLine: {'line': b'[ 89%] \x1b[32mBuilding CXX object CMakeFiles/rplidar_composition.dir/sdk/src/sl_tcp_channel.cpp.o\x1b[0m\n'}
[13.027490] (-) TimerEvent: {}
[13.128170] (-) TimerEvent: {}
[13.183663] (rplidar_ros) StderrLine: {'line': b'In file included from \x1b[01m\x1b[K/home/ubuntu/rb3302_final_proj_code/robot_ws/src/rplidar_ros/sdk/src/sl_lidar_driver.cpp:50\x1b[m\x1b[K:\n'}
[13.184080] (rplidar_ros) StderrLine: {'line': b'\x1b[01m\x1b[K/home/ubuntu/rb3302_final_proj_code/robot_ws/src/rplidar_ros/sdk/src/dataunpacker/dataunpacker.h:\x1b[m\x1b[K In member function \xe2\x80\x98\x1b[01m\x1b[Kvirtual void sl::internal::LIDARSampleDataListener::\x1b[01;32m\x1b[KonCustomSampleDataDecoded\x1b[m\x1b[K(_u8, _u32, const void*, size_t)\x1b[m\x1b[K\xe2\x80\x99:\n'}
[13.184360] (rplidar_ros) StderrLine: {'line': b'\x1b[01m\x1b[K/home/ubuntu/rb3302_final_proj_code/robot_ws/src/rplidar_ros/sdk/src/dataunpacker/dataunpacker.h:54:52:\x1b[m\x1b[K \x1b[01;35m\x1b[Kwarning: \x1b[m\x1b[Kunused parameter \xe2\x80\x98\x1b[01m\x1b[KansType\x1b[m\x1b[K\xe2\x80\x99 [\x1b[01;35m\x1b[K\x1b]8;;https://gcc.gnu.org/onlinedocs/gcc/Warning-Options.html#index-Wunused-parameter\x07-Wunused-parameter\x1b]8;;\x07\x1b[m\x1b[K]\n'}
[13.184681] (rplidar_ros) StderrLine: {'line': b'   54 |         virtual void onCustomSampleDataDecoded(\x1b[01;35m\x1b[K_u8 ansType\x1b[m\x1b[K, _u32 customCode, const void* data, size_t size) {}\n'}
[13.184929] (rplidar_ros) StderrLine: {'line': b'      |                                                \x1b[01;35m\x1b[K~~~~^~~~~~~\x1b[m\x1b[K\n'}
[13.185426] (rplidar_ros) StderrLine: {'line': b'\x1b[01m\x1b[K/home/ubuntu/rb3302_final_proj_code/robot_ws/src/rplidar_ros/sdk/src/dataunpacker/dataunpacker.h:54:66:\x1b[m\x1b[K \x1b[01;35m\x1b[Kwarning: \x1b[m\x1b[Kunused parameter \xe2\x80\x98\x1b[01m\x1b[KcustomCode\x1b[m\x1b[K\xe2\x80\x99 [\x1b[01;35m\x1b[K\x1b]8;;https://gcc.gnu.org/onlinedocs/gcc/Warning-Options.html#index-Wunused-parameter\x07-Wunused-parameter\x1b]8;;\x07\x1b[m\x1b[K]\n'}
[13.185898] (rplidar_ros) StderrLine: {'line': b'   54 |         virtual void onCustomSampleDataDecoded(_u8 ansType, \x1b[01;35m\x1b[K_u32 customCode\x1b[m\x1b[K, const void* data, size_t size) {}\n'}
[13.186062] (rplidar_ros) StderrLine: {'line': b'      |                                                             \x1b[01;35m\x1b[K~~~~~^~~~~~~~~~\x1b[m\x1b[K\n'}
[13.186173] (rplidar_ros) StderrLine: {'line': b'\x1b[01m\x1b[K/home/ubuntu/rb3302_final_proj_code/robot_ws/src/rplidar_ros/sdk/src/dataunpacker/dataunpacker.h:54:90:\x1b[m\x1b[K \x1b[01;35m\x1b[Kwarning: \x1b[m\x1b[Kunused parameter \xe2\x80\x98\x1b[01m\x1b[Kdata\x1b[m\x1b[K\xe2\x80\x99 [\x1b[01;35m\x1b[K\x1b]8;;https://gcc.gnu.org/onlinedocs/gcc/Warning-Options.html#index-Wunused-parameter\x07-Wunused-parameter\x1b]8;;\x07\x1b[m\x1b[K]\n'}
[13.186283] (rplidar_ros) StderrLine: {'line': b'   54 |         virtual void onCustomSampleDataDecoded(_u8 ansType, _u32 customCode, \x1b[01;35m\x1b[Kconst void* data\x1b[m\x1b[K, size_t size) {}\n'}
[13.186460] (rplidar_ros) StderrLine: {'line': b'      |                                                                              \x1b[01;35m\x1b[K~~~~~~~~~~~~^~~~\x1b[m\x1b[K\n'}
[13.186950] (rplidar_ros) StderrLine: {'line': b'\x1b[01m\x1b[K/home/ubuntu/rb3302_final_proj_code/robot_ws/src/rplidar_ros/sdk/src/dataunpacker/dataunpacker.h:54:103:\x1b[m\x1b[K \x1b[01;35m\x1b[Kwarning: \x1b[m\x1b[Kunused parameter \xe2\x80\x98\x1b[01m\x1b[Ksize\x1b[m\x1b[K\xe2\x80\x99 [\x1b[01;35m\x1b[K\x1b]8;;https://gcc.gnu.org/onlinedocs/gcc/Warning-Options.html#index-Wunused-parameter\x07-Wunused-parameter\x1b]8;;\x07\x1b[m\x1b[K]\n'}
[13.187157] (rplidar_ros) StderrLine: {'line': b'   54 |         virtual void onCustomSampleDataDecoded(_u8 ansType, _u32 customCode, const void* data, \x1b[01;35m\x1b[Ksize_t size\x1b[m\x1b[K) {}\n'}
[13.187634] (rplidar_ros) StderrLine: {'line': b'      |                                                                                                \x1b[01;35m\x1b[K~~~~~~~^~~~\x1b[m\x1b[K\n'}
[13.190599] (rplidar_ros) StderrLine: {'line': b'\x1b[01m\x1b[K/home/ubuntu/rb3302_final_proj_code/robot_ws/src/rplidar_ros/sdk/src/dataunpacker/dataunpacker.h:\x1b[m\x1b[K In member function \xe2\x80\x98\x1b[01m\x1b[Kvirtual void sl::internal::LIDARSampleDataListener::\x1b[01;32m\x1b[KonDecodingError\x1b[m\x1b[K(int, _u8, const void*, size_t)\x1b[m\x1b[K\xe2\x80\x99:\n'}
[13.190884] (rplidar_ros) StderrLine: {'line': b'\x1b[01m\x1b[K/home/ubuntu/rb3302_final_proj_code/robot_ws/src/rplidar_ros/sdk/src/dataunpacker/dataunpacker.h:56:42:\x1b[m\x1b[K \x1b[01;35m\x1b[Kwarning: \x1b[m\x1b[Kunused parameter \xe2\x80\x98\x1b[01m\x1b[KerrMsg\x1b[m\x1b[K\xe2\x80\x99 [\x1b[01;35m\x1b[K\x1b]8;;https://gcc.gnu.org/onlinedocs/gcc/Warning-Options.html#index-Wunused-parameter\x07-Wunused-parameter\x1b]8;;\x07\x1b[m\x1b[K]\n'}
[13.191022] (rplidar_ros) StderrLine: {'line': b'   56 |         virtual void onDecodingError(\x1b[01;35m\x1b[Kint errMsg\x1b[m\x1b[K, _u8 ansType, const void* payload, size_t size) {}\n'}
[13.191135] (rplidar_ros) StderrLine: {'line': b'      |                                      \x1b[01;35m\x1b[K~~~~^~~~~~\x1b[m\x1b[K\n'}
[13.191240] (rplidar_ros) StderrLine: {'line': b'\x1b[01m\x1b[K/home/ubuntu/rb3302_final_proj_code/robot_ws/src/rplidar_ros/sdk/src/dataunpacker/dataunpacker.h:56:54:\x1b[m\x1b[K \x1b[01;35m\x1b[Kwarning: \x1b[m\x1b[Kunused parameter \xe2\x80\x98\x1b[01m\x1b[KansType\x1b[m\x1b[K\xe2\x80\x99 [\x1b[01;35m\x1b[K\x1b]8;;https://gcc.gnu.org/onlinedocs/gcc/Warning-Options.html#index-Wunused-parameter\x07-Wunused-parameter\x1b]8;;\x07\x1b[m\x1b[K]\n'}
[13.191349] (rplidar_ros) StderrLine: {'line': b'   56 |         virtual void onDecodingError(int errMsg, \x1b[01;35m\x1b[K_u8 ansType\x1b[m\x1b[K, const void* payload, size_t size) {}\n'}
[13.191512] (rplidar_ros) StderrLine: {'line': b'      |                                                  \x1b[01;35m\x1b[K~~~~^~~~~~~\x1b[m\x1b[K\n'}
[13.191631] (rplidar_ros) StderrLine: {'line': b'\x1b[01m\x1b[K/home/ubuntu/rb3302_final_proj_code/robot_ws/src/rplidar_ros/sdk/src/dataunpacker/dataunpacker.h:56:75:\x1b[m\x1b[K \x1b[01;35m\x1b[Kwarning: \x1b[m\x1b[Kunused parameter \xe2\x80\x98\x1b[01m\x1b[Kpayload\x1b[m\x1b[K\xe2\x80\x99 [\x1b[01;35m\x1b[K\x1b]8;;https://gcc.gnu.org/onlinedocs/gcc/Warning-Options.html#index-Wunused-parameter\x07-Wunused-parameter\x1b]8;;\x07\x1b[m\x1b[K]\n'}
[13.191737] (rplidar_ros) StderrLine: {'line': b'   56 |         virtual void onDecodingError(int errMsg, _u8 ansType, \x1b[01;35m\x1b[Kconst void* payload\x1b[m\x1b[K, size_t size) {}\n'}
[13.191836] (rplidar_ros) StderrLine: {'line': b'      |                                                               \x1b[01;35m\x1b[K~~~~~~~~~~~~^~~~~~~\x1b[m\x1b[K\n'}
[13.191931] (rplidar_ros) StderrLine: {'line': b'\x1b[01m\x1b[K/home/ubuntu/rb3302_final_proj_code/robot_ws/src/rplidar_ros/sdk/src/dataunpacker/dataunpacker.h:56:91:\x1b[m\x1b[K \x1b[01;35m\x1b[Kwarning: \x1b[m\x1b[Kunused parameter \xe2\x80\x98\x1b[01m\x1b[Ksize\x1b[m\x1b[K\xe2\x80\x99 [\x1b[01;35m\x1b[K\x1b]8;;https://gcc.gnu.org/onlinedocs/gcc/Warning-Options.html#index-Wunused-parameter\x07-Wunused-parameter\x1b]8;;\x07\x1b[m\x1b[K]\n'}
[13.192072] (rplidar_ros) StderrLine: {'line': b'   56 |         virtual void onDecodingError(int errMsg, _u8 ansType, const void* payload, \x1b[01;35m\x1b[Ksize_t size\x1b[m\x1b[K) {}\n'}
[13.192196] (rplidar_ros) StderrLine: {'line': b'      |                                                                                    \x1b[01;35m\x1b[K~~~~~~~^~~~\x1b[m\x1b[K\n'}
[13.208619] (rplidar_ros) StderrLine: {'line': b'In file included from \x1b[01m\x1b[K/home/ubuntu/rb3302_final_proj_code/robot_ws/src/rplidar_ros/sdk/src/sl_lidar_driver.cpp:51\x1b[m\x1b[K:\n'}
[13.209023] (rplidar_ros) StderrLine: {'line': b'\x1b[01m\x1b[K/home/ubuntu/rb3302_final_proj_code/robot_ws/src/rplidar_ros/sdk/src/sl_async_transceiver.h:\x1b[m\x1b[K In member function \xe2\x80\x98\x1b[01m\x1b[Kvirtual void sl::internal::IAsyncProtocolCodec::\x1b[01;32m\x1b[KonChannelError\x1b[m\x1b[K(u_result)\x1b[m\x1b[K\xe2\x80\x99:\n'}
[13.209292] (rplidar_ros) StderrLine: {'line': b'\x1b[01m\x1b[K/home/ubuntu/rb3302_final_proj_code/robot_ws/src/rplidar_ros/sdk/src/sl_async_transceiver.h:90:48:\x1b[m\x1b[K \x1b[01;35m\x1b[Kwarning: \x1b[m\x1b[Kunused parameter \xe2\x80\x98\x1b[01m\x1b[KerrCode\x1b[m\x1b[K\xe2\x80\x99 [\x1b[01;35m\x1b[K\x1b]8;;https://gcc.gnu.org/onlinedocs/gcc/Warning-Options.html#index-Wunused-parameter\x07-Wunused-parameter\x1b]8;;\x07\x1b[m\x1b[K]\n'}
[13.209591] (rplidar_ros) StderrLine: {'line': b'   90 |         virtual void   onChannelError(\x1b[01;35m\x1b[Ku_result errCode\x1b[m\x1b[K) {}\n'}
[13.209837] (rplidar_ros) StderrLine: {'line': b'      |                                       \x1b[01;35m\x1b[K~~~~~~~~~^~~~~~~\x1b[m\x1b[K\n'}
[13.230522] (-) TimerEvent: {}
[13.283509] (rplidar_ros) StderrLine: {'line': b'In file included from \x1b[01m\x1b[K/home/ubuntu/rb3302_final_proj_code/robot_ws/src/rplidar_ros/sdk/include/rplidar_protocol.h:36\x1b[m\x1b[K,\n'}
[13.286707] (rplidar_ros) StderrLine: {'line': b'                 from \x1b[01m\x1b[K/home/ubuntu/rb3302_final_proj_code/robot_ws/src/rplidar_ros/sdk/include/rplidar.h:39\x1b[m\x1b[K,\n'}
[13.286943] (rplidar_ros) StderrLine: {'line': b'                 from \x1b[01m\x1b[K/home/ubuntu/rb3302_final_proj_code/robot_ws/src/rplidar_ros/sdk/src/sdkcommon.h:49\x1b[m\x1b[K,\n'}
[13.287084] (rplidar_ros) StderrLine: {'line': b'                 from \x1b[01m\x1b[K/home/ubuntu/rb3302_final_proj_code/robot_ws/src/rplidar_ros/sdk/src/dataunpacker/unpacker/../dataunnpacker_commondef.h:41\x1b[m\x1b[K,\n'}
[13.287205] (rplidar_ros) StderrLine: {'line': b'                 from \x1b[01m\x1b[K/home/ubuntu/rb3302_final_proj_code/robot_ws/src/rplidar_ros/sdk/src/dataunpacker/unpacker/handler_normalnode.cpp:39\x1b[m\x1b[K:\n'}
[13.287315] (rplidar_ros) StderrLine: {'line': b'\x1b[01m\x1b[K/home/ubuntu/rb3302_final_proj_code/robot_ws/src/rplidar_ros/sdk/include/sl_lidar_protocol.h:66:16:\x1b[m\x1b[K \x1b[01;35m\x1b[Kwarning: \x1b[m\x1b[KISO C++ forbids zero-size array \xe2\x80\x98\x1b[01m\x1b[Kdata\x1b[m\x1b[K\xe2\x80\x99 [\x1b[01;35m\x1b[K\x1b]8;;https://gcc.gnu.org/onlinedocs/gcc/Warning-Options.html#index-Wpedantic\x07-Wpedantic\x1b]8;;\x07\x1b[m\x1b[K]\n'}
[13.287508] (rplidar_ros) StderrLine: {'line': b'   66 |     sl_u8 data[\x1b[01;35m\x1b[K0\x1b[m\x1b[K];\n'}
[13.287647] (rplidar_ros) StderrLine: {'line': b'      |                \x1b[01;35m\x1b[K^\x1b[m\x1b[K\n'}
[13.287756] (rplidar_ros) StderrLine: {'line': b'In file included from \x1b[01m\x1b[K/home/ubuntu/rb3302_final_proj_code/robot_ws/src/rplidar_ros/sdk/include/rplidar_cmd.h:36\x1b[m\x1b[K,\n'}
[13.287865] (rplidar_ros) StderrLine: {'line': b'                 from \x1b[01m\x1b[K/home/ubuntu/rb3302_final_proj_code/robot_ws/src/rplidar_ros/sdk/include/rplidar.h:40\x1b[m\x1b[K:\n'}
[13.287962] (rplidar_ros) StderrLine: {'line': b'\x1b[01m\x1b[K/home/ubuntu/rb3302_final_proj_code/robot_ws/src/rplidar_ros/sdk/include/sl_lidar_cmd.h:324:20:\x1b[m\x1b[K \x1b[01;35m\x1b[Kwarning: \x1b[m\x1b[KISO C++ forbids zero-size array \xe2\x80\x98\x1b[01m\x1b[Kpayload\x1b[m\x1b[K\xe2\x80\x99 [\x1b[01;35m\x1b[K\x1b]8;;https://gcc.gnu.org/onlinedocs/gcc/Warning-Options.html#index-Wpedantic\x07-Wpedantic\x1b]8;;\x07\x1b[m\x1b[K]\n'}
[13.288063] (rplidar_ros) StderrLine: {'line': b'  324 |     sl_u8  payload[\x1b[01;35m\x1b[K0\x1b[m\x1b[K];\n'}
[13.288164] (rplidar_ros) StderrLine: {'line': b'      |                    \x1b[01;35m\x1b[K^\x1b[m\x1b[K\n'}
[13.293369] (rplidar_ros) StderrLine: {'line': b'\x1b[01m\x1b[K/home/ubuntu/rb3302_final_proj_code/robot_ws/src/rplidar_ros/sdk/src/sl_lidar_driver.cpp:\x1b[m\x1b[K In member function \xe2\x80\x98\x1b[01m\x1b[Kvirtual sl_result sl::SlamtecLidarDriver::\x1b[01;32m\x1b[Kreset\x1b[m\x1b[K(sl_u32)\x1b[m\x1b[K\xe2\x80\x99:\n'}
[13.293778] (rplidar_ros) StderrLine: {'line': b'\x1b[01m\x1b[K/home/ubuntu/rb3302_final_proj_code/robot_ws/src/rplidar_ros/sdk/src/sl_lidar_driver.cpp:511:32:\x1b[m\x1b[K \x1b[01;35m\x1b[Kwarning: \x1b[m\x1b[Kunused parameter \xe2\x80\x98\x1b[01m\x1b[KtimeoutInMs\x1b[m\x1b[K\xe2\x80\x99 [\x1b[01;35m\x1b[K\x1b]8;;https://gcc.gnu.org/onlinedocs/gcc/Warning-Options.html#index-Wunused-parameter\x07-Wunused-parameter\x1b]8;;\x07\x1b[m\x1b[K]\n'}
[13.293954] (rplidar_ros) StderrLine: {'line': b'  511 |         sl_result reset(\x1b[01;35m\x1b[Ksl_u32 timeoutInMs = DEFAULT_TIMEOUT\x1b[m\x1b[K)\n'}
[13.294082] (rplidar_ros) StderrLine: {'line': b'      |                         \x1b[01;35m\x1b[K~~~~~~~^~~~~~~~~~~~~~~~~~~~~~~~~~~~~\x1b[m\x1b[K\n'}
[13.307517] (rplidar_ros) StderrLine: {'line': b'\x1b[01m\x1b[K/home/ubuntu/rb3302_final_proj_code/robot_ws/src/rplidar_ros/sdk/src/sl_lidar_driver.cpp:\x1b[m\x1b[K In member function \xe2\x80\x98\x1b[01m\x1b[Kvirtual sl_result sl::SlamtecLidarDriver::\x1b[01;32m\x1b[KstartScan\x1b[m\x1b[K(bool, bool, sl_u32, sl::LidarScanMode*)\x1b[m\x1b[K\xe2\x80\x99:\n'}
[13.307907] (rplidar_ros) StderrLine: {'line': b'\x1b[01m\x1b[K/home/ubuntu/rb3302_final_proj_code/robot_ws/src/rplidar_ros/sdk/src/sl_lidar_driver.cpp:586:69:\x1b[m\x1b[K \x1b[01;35m\x1b[Kwarning: \x1b[m\x1b[Kunused parameter \xe2\x80\x98\x1b[01m\x1b[Koptions\x1b[m\x1b[K\xe2\x80\x99 [\x1b[01;35m\x1b[K\x1b]8;;https://gcc.gnu.org/onlinedocs/gcc/Warning-Options.html#index-Wunused-parameter\x07-Wunused-parameter\x1b]8;;\x07\x1b[m\x1b[K]\n'}
[13.308097] (rplidar_ros) StderrLine: {'line': b'  586 |         sl_result startScan(bool force, bool useTypicalScan, \x1b[01;35m\x1b[Ksl_u32 options = 0\x1b[m\x1b[K, LidarScanMode* outUsedScanMode = nullptr)\n'}
[13.308227] (rplidar_ros) StderrLine: {'line': b'      |                                                              \x1b[01;35m\x1b[K~~~~~~~^~~~~~~~~~~\x1b[m\x1b[K\n'}
[13.317505] (rplidar_ros) StderrLine: {'line': b'\x1b[01m\x1b[K/home/ubuntu/rb3302_final_proj_code/robot_ws/src/rplidar_ros/sdk/src/sl_lidar_driver.cpp:\x1b[m\x1b[K In member function \xe2\x80\x98\x1b[01m\x1b[Kvirtual sl_result sl::SlamtecLidarDriver::\x1b[01;32m\x1b[Kstop\x1b[m\x1b[K(sl_u32)\x1b[m\x1b[K\xe2\x80\x99:\n'}
[13.317861] (rplidar_ros) StderrLine: {'line': b'\x1b[01m\x1b[K/home/ubuntu/rb3302_final_proj_code/robot_ws/src/rplidar_ros/sdk/src/sl_lidar_driver.cpp:763:31:\x1b[m\x1b[K \x1b[01;35m\x1b[Kwarning: \x1b[m\x1b[Kunused parameter \xe2\x80\x98\x1b[01m\x1b[Ktimeout\x1b[m\x1b[K\xe2\x80\x99 [\x1b[01;35m\x1b[K\x1b]8;;https://gcc.gnu.org/onlinedocs/gcc/Warning-Options.html#index-Wunused-parameter\x07-Wunused-parameter\x1b]8;;\x07\x1b[m\x1b[K]\n'}
[13.318036] (rplidar_ros) StderrLine: {'line': b'  763 |         sl_result stop(\x1b[01;35m\x1b[Ksl_u32 timeout = DEFAULT_TIMEOUT\x1b[m\x1b[K)\n'}
[13.318157] (rplidar_ros) StderrLine: {'line': b'      |                        \x1b[01;35m\x1b[K~~~~~~~^~~~~~~~~~~~~~~~~~~~~~~~~\x1b[m\x1b[K\n'}
[13.327505] (rplidar_ros) StderrLine: {'line': b'\x1b[01m\x1b[K/home/ubuntu/rb3302_final_proj_code/robot_ws/src/rplidar_ros/sdk/src/sl_lidar_driver.cpp:\x1b[m\x1b[K In member function \xe2\x80\x98\x1b[01m\x1b[Kvirtual sl_result sl::SlamtecLidarDriver::\x1b[01;32m\x1b[KgetFrequency\x1b[m\x1b[K(const sl::LidarScanMode&, const sl_lidar_response_measurement_node_hq_t*, size_t, float&)\x1b[m\x1b[K\xe2\x80\x99:\n'}
[13.327873] (rplidar_ros) StderrLine: {'line': b'\x1b[01m\x1b[K/home/ubuntu/rb3302_final_proj_code/robot_ws/src/rplidar_ros/sdk/src/sl_lidar_driver.cpp:880:110:\x1b[m\x1b[K \x1b[01;35m\x1b[Kwarning: \x1b[m\x1b[Kunused parameter \xe2\x80\x98\x1b[01m\x1b[Knodes\x1b[m\x1b[K\xe2\x80\x99 [\x1b[01;35m\x1b[K\x1b]8;;https://gcc.gnu.org/onlinedocs/gcc/Warning-Options.html#index-Wunused-parameter\x07-Wunused-parameter\x1b]8;;\x07\x1b[m\x1b[K]\n'}
[13.328043] (rplidar_ros) StderrLine: {'line': b'  880 |         sl_result getFrequency(const LidarScanMode& scanMode, \x1b[01;35m\x1b[Kconst sl_lidar_response_measurement_node_hq_t* nodes\x1b[m\x1b[K, size_t count, float& frequency)\n'}
[13.328166] (rplidar_ros) StderrLine: {'line': b'      |                                                               \x1b[01;35m\x1b[K~~~~~~~~~~~~~~~~~~~~~~~~~~~~~~~~~~~~~~~~~~~~~~~^~~~~\x1b[m\x1b[K\n'}
[13.333845] (-) TimerEvent: {}
[13.335832] (rplidar_ros) StderrLine: {'line': b'\x1b[01m\x1b[K/home/ubuntu/rb3302_final_proj_code/robot_ws/src/rplidar_ros/sdk/src/sl_lidar_driver.cpp:\x1b[m\x1b[K In member function \xe2\x80\x98\x1b[01m\x1b[Kvirtual sl_result sl::SlamtecLidarDriver::\x1b[01;32m\x1b[KgetMotorInfo\x1b[m\x1b[K(sl::LidarMotorInfo&, sl_u32)\x1b[m\x1b[K\xe2\x80\x99:\n'}
[13.336144] (rplidar_ros) StderrLine: {'line': b'\x1b[01m\x1b[K/home/ubuntu/rb3302_final_proj_code/robot_ws/src/rplidar_ros/sdk/src/sl_lidar_driver.cpp:1023:66:\x1b[m\x1b[K \x1b[01;35m\x1b[Kwarning: \x1b[m\x1b[Kunused parameter \xe2\x80\x98\x1b[01m\x1b[KtimeoutInMs\x1b[m\x1b[K\xe2\x80\x99 [\x1b[01;35m\x1b[K\x1b]8;;https://gcc.gnu.org/onlinedocs/gcc/Warning-Options.html#index-Wunused-parameter\x07-Wunused-parameter\x1b]8;;\x07\x1b[m\x1b[K]\n'}
[13.336290] (rplidar_ros) StderrLine: {'line': b' 1023 |         sl_result getMotorInfo(LidarMotorInfo &motorInfo, \x1b[01;35m\x1b[Ksl_u32 timeoutInMs\x1b[m\x1b[K)\n'}
[13.336445] (rplidar_ros) StderrLine: {'line': b'      |                                                           \x1b[01;35m\x1b[K~~~~~~~^~~~~~~~~~~\x1b[m\x1b[K\n'}
[13.341680] (rplidar_ros) StderrLine: {'line': b'\x1b[01m\x1b[K/home/ubuntu/rb3302_final_proj_code/robot_ws/src/rplidar_ros/sdk/src/sl_lidar_driver.cpp:\x1b[m\x1b[K In member function \xe2\x80\x98\x1b[01m\x1b[Ku_result sl::SlamtecLidarDriver::\x1b[01;32m\x1b[KgetScanModeCount\x1b[m\x1b[K(sl_u16&, sl_u32)\x1b[m\x1b[K\xe2\x80\x99:\n'}
[13.342002] (rplidar_ros) StderrLine: {'line': b'\x1b[01m\x1b[K/home/ubuntu/rb3302_final_proj_code/robot_ws/src/rplidar_ros/sdk/src/sl_lidar_driver.cpp:1199:61:\x1b[m\x1b[K \x1b[01;35m\x1b[Kwarning: \x1b[m\x1b[Kunused parameter \xe2\x80\x98\x1b[01m\x1b[KtimeoutInMs\x1b[m\x1b[K\xe2\x80\x99 [\x1b[01;35m\x1b[K\x1b]8;;https://gcc.gnu.org/onlinedocs/gcc/Warning-Options.html#index-Wunused-parameter\x07-Wunused-parameter\x1b]8;;\x07\x1b[m\x1b[K]\n'}
[13.342148] (rplidar_ros) StderrLine: {'line': b' 1199 |         u_result getScanModeCount(sl_u16& modeCount, \x1b[01;35m\x1b[Ksl_u32 timeoutInMs = DEFAULT_TIMEOUT\x1b[m\x1b[K)\n'}
[13.342265] (rplidar_ros) StderrLine: {'line': b'      |                                                      \x1b[01;35m\x1b[K~~~~~~~^~~~~~~~~~~~~~~~~~~~~~~~~~~~~\x1b[m\x1b[K\n'}
[13.436504] (-) TimerEvent: {}
[13.468939] (rplidar_ros) StderrLine: {'line': b'In file included from \x1b[01m\x1b[K/home/ubuntu/rb3302_final_proj_code/robot_ws/src/rplidar_ros/sdk/include/sl_lidar_cmd.h:41\x1b[m\x1b[K,\n'}
[13.469435] (rplidar_ros) StderrLine: {'line': b'                 from \x1b[01m\x1b[K/home/ubuntu/rb3302_final_proj_code/robot_ws/src/rplidar_ros/sdk/include/sl_lidar_driver.h:54\x1b[m\x1b[K,\n'}
[13.469748] (rplidar_ros) StderrLine: {'line': b'                 from \x1b[01m\x1b[K/home/ubuntu/rb3302_final_proj_code/robot_ws/src/rplidar_ros/sdk/src/sl_serial_channel.cpp:33\x1b[m\x1b[K:\n'}
[13.470946] (rplidar_ros) StderrLine: {'line': b'\x1b[01m\x1b[K/home/ubuntu/rb3302_final_proj_code/robot_ws/src/rplidar_ros/sdk/include/sl_lidar_protocol.h:66:16:\x1b[m\x1b[K \x1b[01;35m\x1b[Kwarning: \x1b[m\x1b[KISO C++ forbids zero-size array \xe2\x80\x98\x1b[01m\x1b[Kdata\x1b[m\x1b[K\xe2\x80\x99 [\x1b[01;35m\x1b[K\x1b]8;;https://gcc.gnu.org/onlinedocs/gcc/Warning-Options.html#index-Wpedantic\x07-Wpedantic\x1b]8;;\x07\x1b[m\x1b[K]\n'}
[13.471289] (rplidar_ros) StderrLine: {'line': b'   66 |     sl_u8 data[\x1b[01;35m\x1b[K0\x1b[m\x1b[K];\n'}
[13.471438] (rplidar_ros) StderrLine: {'line': b'      |                \x1b[01;35m\x1b[K^\x1b[m\x1b[K\n'}
[13.471677] (rplidar_ros) StderrLine: {'line': b'\x1b[01m\x1b[K/home/ubuntu/rb3302_final_proj_code/robot_ws/src/rplidar_ros/sdk/include/sl_lidar_cmd.h:324:20:\x1b[m\x1b[K \x1b[01;35m\x1b[Kwarning: \x1b[m\x1b[KISO C++ forbids zero-size array \xe2\x80\x98\x1b[01m\x1b[Kpayload\x1b[m\x1b[K\xe2\x80\x99 [\x1b[01;35m\x1b[K\x1b]8;;https://gcc.gnu.org/onlinedocs/gcc/Warning-Options.html#index-Wpedantic\x07-Wpedantic\x1b]8;;\x07\x1b[m\x1b[K]\n'}
[13.471911] (rplidar_ros) StderrLine: {'line': b'  324 |     sl_u8  payload[\x1b[01;35m\x1b[K0\x1b[m\x1b[K];\n'}
[13.472107] (rplidar_ros) StderrLine: {'line': b'      |                    \x1b[01;35m\x1b[K^\x1b[m\x1b[K\n'}
[13.505221] (rplidar_ros) StderrLine: {'line': b'/home/ubuntu/rb3302_final_proj_code/robot_ws/src/rplidar_ros/sdk/src/sl_lidar_driver.cpp: In instantiation of \xe2\x80\x98\x1b[01m\x1b[Kvoid sl::RawSampleNodeHolder<T>::\x1b[01;32m\x1b[KpushNode\x1b[m\x1b[K(_u64, const T*) \x1b[35m\x1b[K[with T = sl_lidar_response_measurement_node_hq_t; _u64 = long unsigned int]\x1b[m\x1b[K\x1b[m\x1b[K\xe2\x80\x99:\n'}
[13.505558] (rplidar_ros) StderrLine: {'line': b'\x1b[01m\x1b[K/home/ubuntu/rb3302_final_proj_code/robot_ws/src/rplidar_ros/sdk/src/sl_lidar_driver.cpp:1648:42:\x1b[m\x1b[K   required from here\n'}
[13.505699] (rplidar_ros) StderrLine: {'line': b'\x1b[01m\x1b[K/home/ubuntu/rb3302_final_proj_code/robot_ws/src/rplidar_ros/sdk/src/sl_lidar_driver.cpp:202:28:\x1b[m\x1b[K \x1b[01;35m\x1b[Kwarning: \x1b[m\x1b[Kunused parameter \xe2\x80\x98\x1b[01m\x1b[Ktimestamp_uS\x1b[m\x1b[K\xe2\x80\x99 [\x1b[01;35m\x1b[K\x1b]8;;https://gcc.gnu.org/onlinedocs/gcc/Warning-Options.html#index-Wunused-parameter\x07-Wunused-parameter\x1b]8;;\x07\x1b[m\x1b[K]\n'}
[13.505835] (rplidar_ros) StderrLine: {'line': b'  202 |         void pushNode(\x1b[01;35m\x1b[K_u64 timestamp_uS\x1b[m\x1b[K, const T* node)\n'}
[13.505932] (rplidar_ros) StderrLine: {'line': b'      |                       \x1b[01;35m\x1b[K~~~~~^~~~~~~~~~~~\x1b[m\x1b[K\n'}
[13.538089] (-) TimerEvent: {}
[13.585260] (rplidar_ros) StdoutLine: {'line': b'[ 92%] \x1b[32mBuilding CXX object CMakeFiles/rplidar_composition.dir/sdk/src/sl_udp_channel.cpp.o\x1b[0m\n'}
[13.615461] (rplidar_ros) StderrLine: {'line': b'In file included from \x1b[01m\x1b[K/home/ubuntu/rb3302_final_proj_code/robot_ws/src/rplidar_ros/sdk/include/rplidar_protocol.h:36\x1b[m\x1b[K,\n'}
[13.615857] (rplidar_ros) StderrLine: {'line': b'                 from \x1b[01m\x1b[K/home/ubuntu/rb3302_final_proj_code/robot_ws/src/rplidar_ros/sdk/include/rplidar.h:39\x1b[m\x1b[K,\n'}
[13.616075] (rplidar_ros) StderrLine: {'line': b'                 from \x1b[01m\x1b[K/home/ubuntu/rb3302_final_proj_code/robot_ws/src/rplidar_ros/sdk/src/sdkcommon.h:49\x1b[m\x1b[K,\n'}
[13.617147] (rplidar_ros) StderrLine: {'line': b'                 from \x1b[01m\x1b[K/home/ubuntu/rb3302_final_proj_code/robot_ws/src/rplidar_ros/sdk/src/sl_lidarprotocol_codec.cpp:35\x1b[m\x1b[K:\n'}
[13.617432] (rplidar_ros) StderrLine: {'line': b'\x1b[01m\x1b[K/home/ubuntu/rb3302_final_proj_code/robot_ws/src/rplidar_ros/sdk/include/sl_lidar_protocol.h:66:16:\x1b[m\x1b[K \x1b[01;35m\x1b[Kwarning: \x1b[m\x1b[KISO C++ forbids zero-size array \xe2\x80\x98\x1b[01m\x1b[Kdata\x1b[m\x1b[K\xe2\x80\x99 [\x1b[01;35m\x1b[K\x1b]8;;https://gcc.gnu.org/onlinedocs/gcc/Warning-Options.html#index-Wpedantic\x07-Wpedantic\x1b]8;;\x07\x1b[m\x1b[K]\n'}
[13.617582] (rplidar_ros) StderrLine: {'line': b'   66 |     sl_u8 data[\x1b[01;35m\x1b[K0\x1b[m\x1b[K];\n'}
[13.617689] (rplidar_ros) StderrLine: {'line': b'      |                \x1b[01;35m\x1b[K^\x1b[m\x1b[K\n'}
[13.617904] (rplidar_ros) StderrLine: {'line': b'In file included from \x1b[01m\x1b[K/home/ubuntu/rb3302_final_proj_code/robot_ws/src/rplidar_ros/sdk/include/rplidar_cmd.h:36\x1b[m\x1b[K,\n'}
[13.618136] (rplidar_ros) StderrLine: {'line': b'                 from \x1b[01m\x1b[K/home/ubuntu/rb3302_final_proj_code/robot_ws/src/rplidar_ros/sdk/include/rplidar.h:40\x1b[m\x1b[K:\n'}
[13.618363] (rplidar_ros) StderrLine: {'line': b'\x1b[01m\x1b[K/home/ubuntu/rb3302_final_proj_code/robot_ws/src/rplidar_ros/sdk/include/sl_lidar_cmd.h:324:20:\x1b[m\x1b[K \x1b[01;35m\x1b[Kwarning: \x1b[m\x1b[KISO C++ forbids zero-size array \xe2\x80\x98\x1b[01m\x1b[Kpayload\x1b[m\x1b[K\xe2\x80\x99 [\x1b[01;35m\x1b[K\x1b]8;;https://gcc.gnu.org/onlinedocs/gcc/Warning-Options.html#index-Wpedantic\x07-Wpedantic\x1b]8;;\x07\x1b[m\x1b[K]\n'}
[13.618668] (rplidar_ros) StderrLine: {'line': b'  324 |     sl_u8  payload[\x1b[01;35m\x1b[K0\x1b[m\x1b[K];\n'}
[13.618881] (rplidar_ros) StderrLine: {'line': b'      |                    \x1b[01;35m\x1b[K^\x1b[m\x1b[K\n'}
[13.639507] (-) TimerEvent: {}
[13.739954] (-) TimerEvent: {}
[13.798820] (rplidar_ros) StderrLine: {'line': b'In file included from \x1b[01m\x1b[K/home/ubuntu/rb3302_final_proj_code/robot_ws/src/rplidar_ros/sdk/src/sl_lidarprotocol_codec.cpp:49\x1b[m\x1b[K:\n'}
[13.799109] (rplidar_ros) StderrLine: {'line': b'\x1b[01m\x1b[K/home/ubuntu/rb3302_final_proj_code/robot_ws/src/rplidar_ros/sdk/src/sl_async_transceiver.h:\x1b[m\x1b[K In member function \xe2\x80\x98\x1b[01m\x1b[Kvirtual void sl::internal::IAsyncProtocolCodec::\x1b[01;32m\x1b[KonChannelError\x1b[m\x1b[K(u_result)\x1b[m\x1b[K\xe2\x80\x99:\n'}
[13.799243] (rplidar_ros) StderrLine: {'line': b'\x1b[01m\x1b[K/home/ubuntu/rb3302_final_proj_code/robot_ws/src/rplidar_ros/sdk/src/sl_async_transceiver.h:90:48:\x1b[m\x1b[K \x1b[01;35m\x1b[Kwarning: \x1b[m\x1b[Kunused parameter \xe2\x80\x98\x1b[01m\x1b[KerrCode\x1b[m\x1b[K\xe2\x80\x99 [\x1b[01;35m\x1b[K\x1b]8;;https://gcc.gnu.org/onlinedocs/gcc/Warning-Options.html#index-Wunused-parameter\x07-Wunused-parameter\x1b]8;;\x07\x1b[m\x1b[K]\n'}
[13.799376] (rplidar_ros) StderrLine: {'line': b'   90 |         virtual void   onChannelError(\x1b[01;35m\x1b[Ku_result errCode\x1b[m\x1b[K) {}\n'}
[13.799565] (rplidar_ros) StderrLine: {'line': b'      |                                       \x1b[01;35m\x1b[K~~~~~~~~~^~~~~~~\x1b[m\x1b[K\n'}
[13.843502] (-) TimerEvent: {}
[13.874282] (rplidar_ros) StderrLine: {'line': b'In file included from \x1b[01m\x1b[K/home/ubuntu/rb3302_final_proj_code/robot_ws/src/rplidar_ros/sdk/include/sl_lidar_cmd.h:41\x1b[m\x1b[K,\n'}
[13.874657] (rplidar_ros) StderrLine: {'line': b'                 from \x1b[01m\x1b[K/home/ubuntu/rb3302_final_proj_code/robot_ws/src/rplidar_ros/sdk/include/sl_lidar_driver.h:54\x1b[m\x1b[K,\n'}
[13.874801] (rplidar_ros) StderrLine: {'line': b'                 from \x1b[01m\x1b[K/home/ubuntu/rb3302_final_proj_code/robot_ws/src/rplidar_ros/sdk/src/sl_tcp_channel.cpp:33\x1b[m\x1b[K:\n'}
[13.874913] (rplidar_ros) StderrLine: {'line': b'\x1b[01m\x1b[K/home/ubuntu/rb3302_final_proj_code/robot_ws/src/rplidar_ros/sdk/include/sl_lidar_protocol.h:66:16:\x1b[m\x1b[K \x1b[01;35m\x1b[Kwarning: \x1b[m\x1b[KISO C++ forbids zero-size array \xe2\x80\x98\x1b[01m\x1b[Kdata\x1b[m\x1b[K\xe2\x80\x99 [\x1b[01;35m\x1b[K\x1b]8;;https://gcc.gnu.org/onlinedocs/gcc/Warning-Options.html#index-Wpedantic\x07-Wpedantic\x1b]8;;\x07\x1b[m\x1b[K]\n'}
[13.875027] (rplidar_ros) StderrLine: {'line': b'   66 |     sl_u8 data[\x1b[01;35m\x1b[K0\x1b[m\x1b[K];\n'}
[13.875131] (rplidar_ros) StderrLine: {'line': b'      |                \x1b[01;35m\x1b[K^\x1b[m\x1b[K\n'}
[13.880610] (rplidar_ros) StderrLine: {'line': b'\x1b[01m\x1b[K/home/ubuntu/rb3302_final_proj_code/robot_ws/src/rplidar_ros/sdk/include/sl_lidar_cmd.h:324:20:\x1b[m\x1b[K \x1b[01;35m\x1b[Kwarning: \x1b[m\x1b[KISO C++ forbids zero-size array \xe2\x80\x98\x1b[01m\x1b[Kpayload\x1b[m\x1b[K\xe2\x80\x99 [\x1b[01;35m\x1b[K\x1b]8;;https://gcc.gnu.org/onlinedocs/gcc/Warning-Options.html#index-Wpedantic\x07-Wpedantic\x1b]8;;\x07\x1b[m\x1b[K]\n'}
[13.880916] (rplidar_ros) StderrLine: {'line': b'  324 |     sl_u8  payload[\x1b[01;35m\x1b[K0\x1b[m\x1b[K];\n'}
[13.881041] (rplidar_ros) StderrLine: {'line': b'      |                    \x1b[01;35m\x1b[K^\x1b[m\x1b[K\n'}
[13.888129] (rplidar_ros) StderrLine: {'line': b'In file included from \x1b[01m\x1b[K/home/ubuntu/rb3302_final_proj_code/robot_ws/src/rplidar_ros/sdk/src/dataunpacker/unpacker/handler_normalnode.cpp:40\x1b[m\x1b[K:\n'}
[13.888664] (rplidar_ros) StderrLine: {'line': b'\x1b[01m\x1b[K/home/ubuntu/rb3302_final_proj_code/robot_ws/src/rplidar_ros/sdk/src/dataunpacker/unpacker/../dataunpacker.h:\x1b[m\x1b[K In member function \xe2\x80\x98\x1b[01m\x1b[Kvirtual void sl::internal::LIDARSampleDataListener::\x1b[01;32m\x1b[KonCustomSampleDataDecoded\x1b[m\x1b[K(_u8, _u32, const void*, size_t)\x1b[m\x1b[K\xe2\x80\x99:\n'}
[13.888876] (rplidar_ros) StderrLine: {'line': b'\x1b[01m\x1b[K/home/ubuntu/rb3302_final_proj_code/robot_ws/src/rplidar_ros/sdk/src/dataunpacker/unpacker/../dataunpacker.h:54:52:\x1b[m\x1b[K \x1b[01;35m\x1b[Kwarning: \x1b[m\x1b[Kunused parameter \xe2\x80\x98\x1b[01m\x1b[KansType\x1b[m\x1b[K\xe2\x80\x99 [\x1b[01;35m\x1b[K\x1b]8;;https://gcc.gnu.org/onlinedocs/gcc/Warning-Options.html#index-Wunused-parameter\x07-Wunused-parameter\x1b]8;;\x07\x1b[m\x1b[K]\n'}
[13.888998] (rplidar_ros) StderrLine: {'line': b'   54 |         virtual void onCustomSampleDataDecoded(\x1b[01;35m\x1b[K_u8 ansType\x1b[m\x1b[K, _u32 customCode, const void* data, size_t size) {}\n'}
[13.889106] (rplidar_ros) StderrLine: {'line': b'      |                                                \x1b[01;35m\x1b[K~~~~^~~~~~~\x1b[m\x1b[K\n'}
[13.889206] (rplidar_ros) StderrLine: {'line': b'\x1b[01m\x1b[K/home/ubuntu/rb3302_final_proj_code/robot_ws/src/rplidar_ros/sdk/src/dataunpacker/unpacker/../dataunpacker.h:54:66:\x1b[m\x1b[K \x1b[01;35m\x1b[Kwarning: \x1b[m\x1b[Kunused parameter \xe2\x80\x98\x1b[01m\x1b[KcustomCode\x1b[m\x1b[K\xe2\x80\x99 [\x1b[01;35m\x1b[K\x1b]8;;https://gcc.gnu.org/onlinedocs/gcc/Warning-Options.html#index-Wunused-parameter\x07-Wunused-parameter\x1b]8;;\x07\x1b[m\x1b[K]\n'}
[13.889307] (rplidar_ros) StderrLine: {'line': b'   54 |         virtual void onCustomSampleDataDecoded(_u8 ansType, \x1b[01;35m\x1b[K_u32 customCode\x1b[m\x1b[K, const void* data, size_t size) {}\n'}
[13.889445] (rplidar_ros) StderrLine: {'line': b'      |                                                             \x1b[01;35m\x1b[K~~~~~^~~~~~~~~~\x1b[m\x1b[K\n'}
[13.889564] (rplidar_ros) StderrLine: {'line': b'\x1b[01m\x1b[K/home/ubuntu/rb3302_final_proj_code/robot_ws/src/rplidar_ros/sdk/src/dataunpacker/unpacker/../dataunpacker.h:54:90:\x1b[m\x1b[K \x1b[01;35m\x1b[Kwarning: \x1b[m\x1b[Kunused parameter \xe2\x80\x98\x1b[01m\x1b[Kdata\x1b[m\x1b[K\xe2\x80\x99 [\x1b[01;35m\x1b[K\x1b]8;;https://gcc.gnu.org/onlinedocs/gcc/Warning-Options.html#index-Wunused-parameter\x07-Wunused-parameter\x1b]8;;\x07\x1b[m\x1b[K]\n'}
[13.889672] (rplidar_ros) StderrLine: {'line': b'   54 |         virtual void onCustomSampleDataDecoded(_u8 ansType, _u32 customCode, \x1b[01;35m\x1b[Kconst void* data\x1b[m\x1b[K, size_t size) {}\n'}
[13.889770] (rplidar_ros) StderrLine: {'line': b'      |                                                                              \x1b[01;35m\x1b[K~~~~~~~~~~~~^~~~\x1b[m\x1b[K\n'}
[13.889861] (rplidar_ros) StderrLine: {'line': b'\x1b[01m\x1b[K/home/ubuntu/rb3302_final_proj_code/robot_ws/src/rplidar_ros/sdk/src/dataunpacker/unpacker/../dataunpacker.h:54:103:\x1b[m\x1b[K \x1b[01;35m\x1b[Kwarning: \x1b[m\x1b[Kunused parameter \xe2\x80\x98\x1b[01m\x1b[Ksize\x1b[m\x1b[K\xe2\x80\x99 [\x1b[01;35m\x1b[K\x1b]8;;https://gcc.gnu.org/onlinedocs/gcc/Warning-Options.html#index-Wunused-parameter\x07-Wunused-parameter\x1b]8;;\x07\x1b[m\x1b[K]\n'}
[13.889976] (rplidar_ros) StderrLine: {'line': b'   54 |         virtual void onCustomSampleDataDecoded(_u8 ansType, _u32 customCode, const void* data, \x1b[01;35m\x1b[Ksize_t size\x1b[m\x1b[K) {}\n'}
[13.890071] (rplidar_ros) StderrLine: {'line': b'      |                                                                                                \x1b[01;35m\x1b[K~~~~~~~^~~~\x1b[m\x1b[K\n'}
[13.890165] (rplidar_ros) StderrLine: {'line': b'\x1b[01m\x1b[K/home/ubuntu/rb3302_final_proj_code/robot_ws/src/rplidar_ros/sdk/src/dataunpacker/unpacker/../dataunpacker.h:\x1b[m\x1b[K In member function \xe2\x80\x98\x1b[01m\x1b[Kvirtual void sl::internal::LIDARSampleDataListener::\x1b[01;32m\x1b[KonDecodingError\x1b[m\x1b[K(int, _u8, const void*, size_t)\x1b[m\x1b[K\xe2\x80\x99:\n'}
[13.890279] (rplidar_ros) StderrLine: {'line': b'\x1b[01m\x1b[K/home/ubuntu/rb3302_final_proj_code/robot_ws/src/rplidar_ros/sdk/src/dataunpacker/unpacker/../dataunpacker.h:56:42:\x1b[m\x1b[K \x1b[01;35m\x1b[Kwarning: \x1b[m\x1b[Kunused parameter \xe2\x80\x98\x1b[01m\x1b[KerrMsg\x1b[m\x1b[K\xe2\x80\x99 [\x1b[01;35m\x1b[K\x1b]8;;https://gcc.gnu.org/onlinedocs/gcc/Warning-Options.html#index-Wunused-parameter\x07-Wunused-parameter\x1b]8;;\x07\x1b[m\x1b[K]\n'}
[13.890412] (rplidar_ros) StderrLine: {'line': b'   56 |         virtual void onDecodingError(\x1b[01;35m\x1b[Kint errMsg\x1b[m\x1b[K, _u8 ansType, const void* payload, size_t size) {}\n'}
[13.890546] (rplidar_ros) StderrLine: {'line': b'      |                                      \x1b[01;35m\x1b[K~~~~^~~~~~\x1b[m\x1b[K\n'}
[13.890642] (rplidar_ros) StderrLine: {'line': b'\x1b[01m\x1b[K/home/ubuntu/rb3302_final_proj_code/robot_ws/src/rplidar_ros/sdk/src/dataunpacker/unpacker/../dataunpacker.h:56:54:\x1b[m\x1b[K \x1b[01;35m\x1b[Kwarning: \x1b[m\x1b[Kunused parameter \xe2\x80\x98\x1b[01m\x1b[KansType\x1b[m\x1b[K\xe2\x80\x99 [\x1b[01;35m\x1b[K\x1b]8;;https://gcc.gnu.org/onlinedocs/gcc/Warning-Options.html#index-Wunused-parameter\x07-Wunused-parameter\x1b]8;;\x07\x1b[m\x1b[K]\n'}
[13.890740] (rplidar_ros) StderrLine: {'line': b'   56 |         virtual void onDecodingError(int errMsg, \x1b[01;35m\x1b[K_u8 ansType\x1b[m\x1b[K, const void* payload, size_t size) {}\n'}
[13.890833] (rplidar_ros) StderrLine: {'line': b'      |                                                  \x1b[01;35m\x1b[K~~~~^~~~~~~\x1b[m\x1b[K\n'}
[13.890924] (rplidar_ros) StderrLine: {'line': b'\x1b[01m\x1b[K/home/ubuntu/rb3302_final_proj_code/robot_ws/src/rplidar_ros/sdk/src/dataunpacker/unpacker/../dataunpacker.h:56:75:\x1b[m\x1b[K \x1b[01;35m\x1b[Kwarning: \x1b[m\x1b[Kunused parameter \xe2\x80\x98\x1b[01m\x1b[Kpayload\x1b[m\x1b[K\xe2\x80\x99 [\x1b[01;35m\x1b[K\x1b]8;;https://gcc.gnu.org/onlinedocs/gcc/Warning-Options.html#index-Wunused-parameter\x07-Wunused-parameter\x1b]8;;\x07\x1b[m\x1b[K]\n'}
[13.891037] (rplidar_ros) StderrLine: {'line': b'   56 |         virtual void onDecodingError(int errMsg, _u8 ansType, \x1b[01;35m\x1b[Kconst void* payload\x1b[m\x1b[K, size_t size) {}\n'}
[13.891130] (rplidar_ros) StderrLine: {'line': b'      |                                                               \x1b[01;35m\x1b[K~~~~~~~~~~~~^~~~~~~\x1b[m\x1b[K\n'}
[13.891269] (rplidar_ros) StderrLine: {'line': b'\x1b[01m\x1b[K/home/ubuntu/rb3302_final_proj_code/robot_ws/src/rplidar_ros/sdk/src/dataunpacker/unpacker/../dataunpacker.h:56:91:\x1b[m\x1b[K \x1b[01;35m\x1b[Kwarning: \x1b[m\x1b[Kunused parameter \xe2\x80\x98\x1b[01m\x1b[Ksize\x1b[m\x1b[K\xe2\x80\x99 [\x1b[01;35m\x1b[K\x1b]8;;https://gcc.gnu.org/onlinedocs/gcc/Warning-Options.html#index-Wunused-parameter\x07-Wunused-parameter\x1b]8;;\x07\x1b[m\x1b[K]\n'}
[13.891442] (rplidar_ros) StderrLine: {'line': b'   56 |         virtual void onDecodingError(int errMsg, _u8 ansType, const void* payload, \x1b[01;35m\x1b[Ksize_t size\x1b[m\x1b[K) {}\n'}
[13.891558] (rplidar_ros) StderrLine: {'line': b'      |                                                                                    \x1b[01;35m\x1b[K~~~~~~~^~~~\x1b[m\x1b[K\n'}
[13.895488] (rplidar_ros) StderrLine: {'line': b'\x1b[01m\x1b[K/home/ubuntu/rb3302_final_proj_code/robot_ws/src/rplidar_ros/sdk/src/sl_tcp_channel.cpp:\x1b[m\x1b[K In member function \xe2\x80\x98\x1b[01m\x1b[Kvoid sl::TcpChannel::\x1b[01;32m\x1b[KsetStatus\x1b[m\x1b[K(_u32)\x1b[m\x1b[K\xe2\x80\x99:\n'}
[13.895818] (rplidar_ros) StderrLine: {'line': b'\x1b[01m\x1b[K/home/ubuntu/rb3302_final_proj_code/robot_ws/src/rplidar_ros/sdk/src/sl_tcp_channel.cpp:109:29:\x1b[m\x1b[K \x1b[01;35m\x1b[Kwarning: \x1b[m\x1b[Kunused parameter \xe2\x80\x98\x1b[01m\x1b[Kflag\x1b[m\x1b[K\xe2\x80\x99 [\x1b[01;35m\x1b[K\x1b]8;;https://gcc.gnu.org/onlinedocs/gcc/Warning-Options.html#index-Wunused-parameter\x07-Wunused-parameter\x1b]8;;\x07\x1b[m\x1b[K]\n'}
[13.895955] (rplidar_ros) StderrLine: {'line': b'  109 |         void setStatus(\x1b[01;35m\x1b[K_u32 flag\x1b[m\x1b[K){}\n'}
[13.896084] (rplidar_ros) StderrLine: {'line': b'      |                        \x1b[01;35m\x1b[K~~~~~^~~~\x1b[m\x1b[K\n'}
[13.923589] (rplidar_ros) StderrLine: {'line': b'\x1b[01m\x1b[K/home/ubuntu/rb3302_final_proj_code/robot_ws/src/rplidar_ros/sdk/src/sl_lidar_driver.cpp:\x1b[m\x1b[K At global scope:\n'}
[13.926761] (rplidar_ros) StderrLine: {'line': b'\x1b[01m\x1b[K/home/ubuntu/rb3302_final_proj_code/robot_ws/src/rplidar_ros/sdk/src/sl_lidar_driver.cpp:83:17:\x1b[m\x1b[K \x1b[01;35m\x1b[Kwarning: \x1b[m\x1b[K\xe2\x80\x98\x1b[01m\x1b[Kvoid sl::\x1b[01;32m\x1b[Kconvert\x1b[m\x1b[K(const sl_lidar_response_measurement_node_hq_t&, sl_lidar_response_measurement_node_t&)\x1b[m\x1b[K\xe2\x80\x99 defined but not used [\x1b[01;35m\x1b[K\x1b]8;;https://gcc.gnu.org/onlinedocs/gcc/Warning-Options.html#index-Wunused-function\x07-Wunused-function\x1b]8;;\x07\x1b[m\x1b[K]\n'}
[13.926933] (rplidar_ros) StderrLine: {'line': b'   83 |     static void \x1b[01;35m\x1b[Kconvert\x1b[m\x1b[K(const sl_lidar_response_measurement_node_hq_t& from, sl_lidar_response_measurement_node_t& to)\n'}
[13.927053] (rplidar_ros) StderrLine: {'line': b'      |                 \x1b[01;35m\x1b[K^~~~~~~\x1b[m\x1b[K\n'}
[13.927164] (rplidar_ros) StderrLine: {'line': b'\x1b[01m\x1b[K/home/ubuntu/rb3302_final_proj_code/robot_ws/src/rplidar_ros/sdk/src/sl_lidar_driver.cpp:75:17:\x1b[m\x1b[K \x1b[01;35m\x1b[Kwarning: \x1b[m\x1b[K\xe2\x80\x98\x1b[01m\x1b[Kvoid sl::\x1b[01;32m\x1b[Kconvert\x1b[m\x1b[K(const sl_lidar_response_measurement_node_t&, sl_lidar_response_measurement_node_hq_t&)\x1b[m\x1b[K\xe2\x80\x99 defined but not used [\x1b[01;35m\x1b[K\x1b]8;;https://gcc.gnu.org/onlinedocs/gcc/Warning-Options.html#index-Wunused-function\x07-Wunused-function\x1b]8;;\x07\x1b[m\x1b[K]\n'}
[13.927295] (rplidar_ros) StderrLine: {'line': b'   75 |     static void \x1b[01;35m\x1b[Kconvert\x1b[m\x1b[K(const sl_lidar_response_measurement_node_t& from, sl_lidar_response_measurement_node_hq_t& to)\n'}
[13.927446] (rplidar_ros) StderrLine: {'line': b'      |                 \x1b[01;35m\x1b[K^~~~~~~\x1b[m\x1b[K\n'}
[13.927594] (rplidar_ros) StderrLine: {'line': b'\x1b[01m\x1b[K/home/ubuntu/rb3302_final_proj_code/robot_ws/src/rplidar_ros/sdk/src/sl_lidar_driver.cpp:70:17:\x1b[m\x1b[K \x1b[01;35m\x1b[Kwarning: \x1b[m\x1b[K\xe2\x80\x98\x1b[01m\x1b[Kvoid sl::\x1b[01;32m\x1b[KprintDeprecationWarn\x1b[m\x1b[K(const char*, const char*)\x1b[m\x1b[K\xe2\x80\x99 defined but not used [\x1b[01;35m\x1b[K\x1b]8;;https://gcc.gnu.org/onlinedocs/gcc/Warning-Options.html#index-Wunused-function\x07-Wunused-function\x1b]8;;\x07\x1b[m\x1b[K]\n'}
[13.927707] (rplidar_ros) StderrLine: {'line': b'   70 |     static void \x1b[01;35m\x1b[KprintDeprecationWarn\x1b[m\x1b[K(const char* fn, const char* replacement)\n'}
[13.927809] (rplidar_ros) StderrLine: {'line': b'      |                 \x1b[01;35m\x1b[K^~~~~~~~~~~~~~~~~~~~\x1b[m\x1b[K\n'}
[13.943654] (-) TimerEvent: {}
[13.972682] (rplidar_ros) StderrLine: {'line': b'In file included from \x1b[01m\x1b[K/home/ubuntu/rb3302_final_proj_code/robot_ws/src/rplidar_ros/sdk/include/sl_lidar_cmd.h:41\x1b[m\x1b[K,\n'}
[13.973024] (rplidar_ros) StderrLine: {'line': b'                 from \x1b[01m\x1b[K/home/ubuntu/rb3302_final_proj_code/robot_ws/src/rplidar_ros/sdk/include/sl_lidar_driver.h:54\x1b[m\x1b[K,\n'}
[13.973146] (rplidar_ros) StderrLine: {'line': b'                 from \x1b[01m\x1b[K/home/ubuntu/rb3302_final_proj_code/robot_ws/src/rplidar_ros/sdk/src/sl_udp_channel.cpp:33\x1b[m\x1b[K:\n'}
[13.973250] (rplidar_ros) StderrLine: {'line': b'\x1b[01m\x1b[K/home/ubuntu/rb3302_final_proj_code/robot_ws/src/rplidar_ros/sdk/include/sl_lidar_protocol.h:66:16:\x1b[m\x1b[K \x1b[01;35m\x1b[Kwarning: \x1b[m\x1b[KISO C++ forbids zero-size array \xe2\x80\x98\x1b[01m\x1b[Kdata\x1b[m\x1b[K\xe2\x80\x99 [\x1b[01;35m\x1b[K\x1b]8;;https://gcc.gnu.org/onlinedocs/gcc/Warning-Options.html#index-Wpedantic\x07-Wpedantic\x1b]8;;\x07\x1b[m\x1b[K]\n'}
[13.973383] (rplidar_ros) StderrLine: {'line': b'   66 |     sl_u8 data[\x1b[01;35m\x1b[K0\x1b[m\x1b[K];\n'}
[13.974856] (rplidar_ros) StderrLine: {'line': b'      |                \x1b[01;35m\x1b[K^\x1b[m\x1b[K\n'}
[13.975131] (rplidar_ros) StderrLine: {'line': b'\x1b[01m\x1b[K/home/ubuntu/rb3302_final_proj_code/robot_ws/src/rplidar_ros/sdk/include/sl_lidar_cmd.h:324:20:\x1b[m\x1b[K \x1b[01;35m\x1b[Kwarning: \x1b[m\x1b[KISO C++ forbids zero-size array \xe2\x80\x98\x1b[01m\x1b[Kpayload\x1b[m\x1b[K\xe2\x80\x99 [\x1b[01;35m\x1b[K\x1b]8;;https://gcc.gnu.org/onlinedocs/gcc/Warning-Options.html#index-Wpedantic\x07-Wpedantic\x1b]8;;\x07\x1b[m\x1b[K]\n'}
[13.975297] (rplidar_ros) StderrLine: {'line': b'  324 |     sl_u8  payload[\x1b[01;35m\x1b[K0\x1b[m\x1b[K];\n'}
[13.975456] (rplidar_ros) StderrLine: {'line': b'      |                    \x1b[01;35m\x1b[K^\x1b[m\x1b[K\n'}
[13.981029] (rplidar_ros) StderrLine: {'line': b'\x1b[01m\x1b[K/home/ubuntu/rb3302_final_proj_code/robot_ws/src/rplidar_ros/sdk/src/sl_udp_channel.cpp:\x1b[m\x1b[K In member function \xe2\x80\x98\x1b[01m\x1b[Kvoid sl::UdpChannel::\x1b[01;32m\x1b[KsetStatus\x1b[m\x1b[K(_u32)\x1b[m\x1b[K\xe2\x80\x99:\n'}
[13.981488] (rplidar_ros) StderrLine: {'line': b'\x1b[01m\x1b[K/home/ubuntu/rb3302_final_proj_code/robot_ws/src/rplidar_ros/sdk/src/sl_udp_channel.cpp:112:29:\x1b[m\x1b[K \x1b[01;35m\x1b[Kwarning: \x1b[m\x1b[Kunused parameter \xe2\x80\x98\x1b[01m\x1b[Kflag\x1b[m\x1b[K\xe2\x80\x99 [\x1b[01;35m\x1b[K\x1b]8;;https://gcc.gnu.org/onlinedocs/gcc/Warning-Options.html#index-Wunused-parameter\x07-Wunused-parameter\x1b]8;;\x07\x1b[m\x1b[K]\n'}
[13.981797] (rplidar_ros) StderrLine: {'line': b'  112 |         void setStatus(\x1b[01;35m\x1b[K_u32 flag\x1b[m\x1b[K){}\n'}
[13.982020] (rplidar_ros) StderrLine: {'line': b'      |                        \x1b[01;35m\x1b[K~~~~~^~~~\x1b[m\x1b[K\n'}
[14.043804] (-) TimerEvent: {}
[14.146833] (-) TimerEvent: {}
[14.247668] (-) TimerEvent: {}
[14.348852] (-) TimerEvent: {}
[14.449616] (-) TimerEvent: {}
[14.550465] (-) TimerEvent: {}
[14.651702] (-) TimerEvent: {}
[14.752903] (-) TimerEvent: {}
[14.854096] (-) TimerEvent: {}
[14.955379] (-) TimerEvent: {}
[15.056565] (-) TimerEvent: {}
[15.161708] (-) TimerEvent: {}
[15.262580] (-) TimerEvent: {}
[15.366593] (-) TimerEvent: {}
[15.411446] (rplidar_ros) StderrLine: {'line': b'In file included from \x1b[01m\x1b[K/home/ubuntu/rb3302_final_proj_code/robot_ws/src/rplidar_ros/sdk/include/sl_lidar_cmd.h:41\x1b[m\x1b[K,\n'}
[15.411743] (rplidar_ros) StderrLine: {'line': b'                 from \x1b[01m\x1b[K/home/ubuntu/rb3302_final_proj_code/robot_ws/src/rplidar_ros/sdk/include/sl_lidar_driver.h:54\x1b[m\x1b[K,\n'}
[15.411991] (rplidar_ros) StderrLine: {'line': b'                 from \x1b[01m\x1b[K/home/ubuntu/rb3302_final_proj_code/robot_ws/src/rplidar_ros/sdk/include/sl_lidar.h:36\x1b[m\x1b[K,\n'}
[15.412121] (rplidar_ros) StderrLine: {'line': b'                 from \x1b[01m\x1b[K/home/ubuntu/rb3302_final_proj_code/robot_ws/src/rplidar_ros/src/rplidar_node.cpp:38\x1b[m\x1b[K:\n'}
[15.412251] (rplidar_ros) StderrLine: {'line': b'\x1b[01m\x1b[K/home/ubuntu/rb3302_final_proj_code/robot_ws/src/rplidar_ros/sdk/include/sl_lidar_protocol.h:66:16:\x1b[m\x1b[K \x1b[01;35m\x1b[Kwarning: \x1b[m\x1b[KISO C++ forbids zero-size array \xe2\x80\x98\x1b[01m\x1b[Kdata\x1b[m\x1b[K\xe2\x80\x99 [\x1b[01;35m\x1b[K\x1b]8;;https://gcc.gnu.org/onlinedocs/gcc/Warning-Options.html#index-Wpedantic\x07-Wpedantic\x1b]8;;\x07\x1b[m\x1b[K]\n'}
[15.412358] (rplidar_ros) StderrLine: {'line': b'   66 |     sl_u8 data[\x1b[01;35m\x1b[K0\x1b[m\x1b[K];\n'}
[15.412520] (rplidar_ros) StderrLine: {'line': b'      |                \x1b[01;35m\x1b[K^\x1b[m\x1b[K\n'}
[15.416509] (rplidar_ros) StderrLine: {'line': b'\x1b[01m\x1b[K/home/ubuntu/rb3302_final_proj_code/robot_ws/src/rplidar_ros/sdk/include/sl_lidar_cmd.h:324:20:\x1b[m\x1b[K \x1b[01;35m\x1b[Kwarning: \x1b[m\x1b[KISO C++ forbids zero-size array \xe2\x80\x98\x1b[01m\x1b[Kpayload\x1b[m\x1b[K\xe2\x80\x99 [\x1b[01;35m\x1b[K\x1b]8;;https://gcc.gnu.org/onlinedocs/gcc/Warning-Options.html#index-Wpedantic\x07-Wpedantic\x1b]8;;\x07\x1b[m\x1b[K]\n'}
[15.416841] (rplidar_ros) StderrLine: {'line': b'  324 |     sl_u8  payload[\x1b[01;35m\x1b[K0\x1b[m\x1b[K];\n'}
[15.417015] (rplidar_ros) StderrLine: {'line': b'      |                    \x1b[01;35m\x1b[K^\x1b[m\x1b[K\n'}
[15.444519] (rplidar_ros) StderrLine: {'line': b'In file included from \x1b[01m\x1b[K/home/ubuntu/rb3302_final_proj_code/robot_ws/src/rplidar_ros/sdk/include/sl_lidar_cmd.h:41\x1b[m\x1b[K,\n'}
[15.444814] (rplidar_ros) StderrLine: {'line': b'                 from \x1b[01m\x1b[K/home/ubuntu/rb3302_final_proj_code/robot_ws/src/rplidar_ros/sdk/include/sl_lidar_driver.h:54\x1b[m\x1b[K,\n'}
[15.444964] (rplidar_ros) StderrLine: {'line': b'                 from \x1b[01m\x1b[K/home/ubuntu/rb3302_final_proj_code/robot_ws/src/rplidar_ros/sdk/include/sl_lidar.h:36\x1b[m\x1b[K,\n'}
[15.445066] (rplidar_ros) StderrLine: {'line': b'                 from \x1b[01m\x1b[K/home/ubuntu/rb3302_final_proj_code/robot_ws/src/rplidar_ros/src/rplidar_node.cpp:38\x1b[m\x1b[K:\n'}
[15.445229] (rplidar_ros) StderrLine: {'line': b'\x1b[01m\x1b[K/home/ubuntu/rb3302_final_proj_code/robot_ws/src/rplidar_ros/sdk/include/sl_lidar_protocol.h:66:16:\x1b[m\x1b[K \x1b[01;35m\x1b[Kwarning: \x1b[m\x1b[KISO C++ forbids zero-size array \xe2\x80\x98\x1b[01m\x1b[Kdata\x1b[m\x1b[K\xe2\x80\x99 [\x1b[01;35m\x1b[K\x1b]8;;https://gcc.gnu.org/onlinedocs/gcc/Warning-Options.html#index-Wpedantic\x07-Wpedantic\x1b]8;;\x07\x1b[m\x1b[K]\n'}
[15.445432] (rplidar_ros) StderrLine: {'line': b'   66 |     sl_u8 data[\x1b[01;35m\x1b[K0\x1b[m\x1b[K];\n'}
[15.445660] (rplidar_ros) StderrLine: {'line': b'      |                \x1b[01;35m\x1b[K^\x1b[m\x1b[K\n'}
[15.445764] (rplidar_ros) StderrLine: {'line': b'\x1b[01m\x1b[K/home/ubuntu/rb3302_final_proj_code/robot_ws/src/rplidar_ros/sdk/include/sl_lidar_cmd.h:324:20:\x1b[m\x1b[K \x1b[01;35m\x1b[Kwarning: \x1b[m\x1b[KISO C++ forbids zero-size array \xe2\x80\x98\x1b[01m\x1b[Kpayload\x1b[m\x1b[K\xe2\x80\x99 [\x1b[01;35m\x1b[K\x1b]8;;https://gcc.gnu.org/onlinedocs/gcc/Warning-Options.html#index-Wpedantic\x07-Wpedantic\x1b]8;;\x07\x1b[m\x1b[K]\n'}
[15.445867] (rplidar_ros) StderrLine: {'line': b'  324 |     sl_u8  payload[\x1b[01;35m\x1b[K0\x1b[m\x1b[K];\n'}
[15.445959] (rplidar_ros) StderrLine: {'line': b'      |                    \x1b[01;35m\x1b[K^\x1b[m\x1b[K\n'}
[15.466709] (-) TimerEvent: {}
[15.567148] (-) TimerEvent: {}
[15.667756] (-) TimerEvent: {}
[15.771462] (-) TimerEvent: {}
[15.872125] (-) TimerEvent: {}
[15.972655] (-) TimerEvent: {}
[16.073129] (-) TimerEvent: {}
[16.174296] (yesense_interface) StdoutLine: {'line': b'[  2%] Built target yesense_interface__cpp\n'}
[16.174640] (-) TimerEvent: {}
[16.280669] (-) TimerEvent: {}
[16.381154] (-) TimerEvent: {}
[16.481621] (-) TimerEvent: {}
[16.582055] (-) TimerEvent: {}
[16.682624] (-) TimerEvent: {}
[16.713605] (yesense_interface) StdoutLine: {'line': b'[  2%] \x1b[32mBuilding C object CMakeFiles/yesense_interface__rosidl_generator_c.dir/rosidl_generator_c/yesense_interface/msg/detail/three_axis__type_support.c.o\x1b[0m\n'}
[16.732579] (yesense_interface) StdoutLine: {'line': b'[  2%] \x1b[32mBuilding C object CMakeFiles/yesense_interface__rosidl_generator_c.dir/rosidl_generator_c/yesense_interface/msg/detail/tid__description.c.o\x1b[0m\n'}
[16.735115] (yesense_interface) StdoutLine: {'line': b'[  4%] \x1b[32mBuilding C object CMakeFiles/yesense_interface__rosidl_generator_c.dir/rosidl_generator_c/yesense_interface/msg/detail/tid__functions.c.o\x1b[0m\n'}
[16.737336] (yesense_interface) StdoutLine: {'line': b'[  4%] \x1b[32mBuilding C object CMakeFiles/yesense_interface__rosidl_generator_c.dir/rosidl_generator_c/yesense_interface/msg/detail/sensor_temp__functions.c.o\x1b[0m\n'}
[16.737712] (yesense_interface) StdoutLine: {'line': b'[  3%] \x1b[32mBuilding C object CMakeFiles/yesense_interface__rosidl_generator_c.dir/rosidl_generator_c/yesense_interface/msg/detail/three_axis__functions.c.o\x1b[0m\n'}
[16.750841] (yesense_interface) StdoutLine: {'line': b'[  4%] \x1b[32mBuilding C object CMakeFiles/yesense_interface__rosidl_generator_c.dir/rosidl_generator_c/yesense_interface/msg/detail/three_axis__description.c.o\x1b[0m\n'}
[16.751674] (yesense_interface) StdoutLine: {'line': b'[  4%] \x1b[32mBuilding C object CMakeFiles/yesense_interface__rosidl_generator_c.dir/rosidl_generator_c/yesense_interface/msg/detail/tid__type_support.c.o\x1b[0m\n'}
[16.761139] (yesense_interface) StdoutLine: {'line': b'[  5%] \x1b[32mBuilding C object CMakeFiles/yesense_interface__rosidl_generator_c.dir/rosidl_generator_c/yesense_interface/msg/detail/sensor_temp__description.c.o\x1b[0m\n'}
[16.782758] (-) TimerEvent: {}
[16.812624] (yesense_interface) StdoutLine: {'line': b'[  5%] \x1b[32mBuilding C object CMakeFiles/yesense_interface__rosidl_generator_c.dir/rosidl_generator_c/yesense_interface/msg/detail/sensor_temp__type_support.c.o\x1b[0m\n'}
[16.882900] (-) TimerEvent: {}
[16.884631] (yesense_interface) StdoutLine: {'line': b'[  6%] \x1b[32mBuilding C object CMakeFiles/yesense_interface__rosidl_generator_c.dir/rosidl_generator_c/yesense_interface/msg/detail/pressure__description.c.o\x1b[0m\n'}
[16.924925] (yesense_interface) StdoutLine: {'line': b'[  6%] \x1b[32mBuilding C object CMakeFiles/yesense_interface__rosidl_generator_c.dir/rosidl_generator_c/yesense_interface/msg/detail/pressure__functions.c.o\x1b[0m\n'}
[16.933519] (yesense_interface) StdoutLine: {'line': b'[  7%] \x1b[32mBuilding C object CMakeFiles/yesense_interface__rosidl_generator_c.dir/rosidl_generator_c/yesense_interface/msg/detail/pressure__type_support.c.o\x1b[0m\n'}
[16.966967] (yesense_interface) StdoutLine: {'line': b'[  7%] \x1b[32mBuilding C object CMakeFiles/yesense_interface__rosidl_generator_c.dir/rosidl_generator_c/yesense_interface/msg/detail/euler_angle__functions.c.o\x1b[0m\n'}
[16.975618] (yesense_interface) StdoutLine: {'line': b'[  8%] \x1b[32mBuilding C object CMakeFiles/yesense_interface__rosidl_generator_c.dir/rosidl_generator_c/yesense_interface/msg/detail/euler_angle__type_support.c.o\x1b[0m\n'}
[16.982624] (yesense_interface) StdoutLine: {'line': b'[  9%] \x1b[32mBuilding C object CMakeFiles/yesense_interface__rosidl_generator_c.dir/rosidl_generator_c/yesense_interface/msg/detail/quat__functions.c.o\x1b[0m\n'}
[16.982957] (-) TimerEvent: {}
[16.988001] (yesense_interface) StdoutLine: {'line': b'[  9%] \x1b[32mBuilding C object CMakeFiles/yesense_interface__rosidl_generator_c.dir/rosidl_generator_c/yesense_interface/msg/detail/euler_angle__description.c.o\x1b[0m\n'}
[17.016133] (yesense_interface) StdoutLine: {'line': b'[  9%] \x1b[32mBuilding C object CMakeFiles/yesense_interface__rosidl_generator_c.dir/rosidl_generator_c/yesense_interface/msg/detail/quat__description.c.o\x1b[0m\n'}
[17.063699] (yesense_interface) StdoutLine: {'line': b'[  9%] \x1b[32mBuilding C object CMakeFiles/yesense_interface__rosidl_generator_c.dir/rosidl_generator_c/yesense_interface/msg/detail/gnss_pos__description.c.o\x1b[0m\n'}
[17.083129] (-) TimerEvent: {}
[17.089495] (yesense_interface) StdoutLine: {'line': b'[  9%] \x1b[32mBuilding C object CMakeFiles/yesense_interface__rosidl_generator_c.dir/rosidl_generator_c/yesense_interface/msg/detail/quat__type_support.c.o\x1b[0m\n'}
[17.139809] (yesense_interface) StdoutLine: {'line': b'[ 10%] \x1b[32mBuilding C object CMakeFiles/yesense_interface__rosidl_generator_c.dir/rosidl_generator_c/yesense_interface/msg/detail/gnss_pos__functions.c.o\x1b[0m\n'}
[17.153509] (yesense_interface) StdoutLine: {'line': b'[ 10%] \x1b[32mBuilding C object CMakeFiles/yesense_interface__rosidl_generator_c.dir/rosidl_generator_c/yesense_interface/msg/detail/gnss_pos__type_support.c.o\x1b[0m\n'}
[17.173630] (yesense_interface) StdoutLine: {'line': b'[ 10%] \x1b[32mBuilding C object CMakeFiles/yesense_interface__rosidl_generator_c.dir/rosidl_generator_c/yesense_interface/msg/detail/nav_status__functions.c.o\x1b[0m\n'}
[17.183311] (-) TimerEvent: {}
[17.192323] (yesense_interface) StdoutLine: {'line': b'[ 11%] \x1b[32mBuilding C object CMakeFiles/yesense_interface__rosidl_generator_c.dir/rosidl_generator_c/yesense_interface/msg/detail/nav_status__description.c.o\x1b[0m\n'}
[17.237505] (yesense_interface) StdoutLine: {'line': b'[ 12%] \x1b[32mBuilding C object CMakeFiles/yesense_interface__rosidl_generator_c.dir/rosidl_generator_c/yesense_interface/msg/detail/nav_status__type_support.c.o\x1b[0m\n'}
[17.253005] (yesense_interface) StdoutLine: {'line': b'[ 12%] \x1b[32mBuilding C object CMakeFiles/yesense_interface__rosidl_generator_c.dir/rosidl_generator_c/yesense_interface/msg/detail/vel__description.c.o\x1b[0m\n'}
[17.257625] (yesense_interface) StdoutLine: {'line': b'[ 12%] \x1b[32mBuilding C object CMakeFiles/yesense_interface__rosidl_generator_c.dir/rosidl_generator_c/yesense_interface/msg/detail/vel__functions.c.o\x1b[0m\n'}
[17.275485] (yesense_interface) StdoutLine: {'line': b'[ 13%] \x1b[32mBuilding C object CMakeFiles/yesense_interface__rosidl_generator_c.dir/rosidl_generator_c/yesense_interface/msg/detail/vel__type_support.c.o\x1b[0m\n'}
[17.284530] (-) TimerEvent: {}
[17.305562] (yesense_interface) StdoutLine: {'line': b'[ 13%] \x1b[32mBuilding C object CMakeFiles/yesense_interface__rosidl_generator_c.dir/rosidl_generator_c/yesense_interface/msg/detail/utc__description.c.o\x1b[0m\n'}
[17.306362] (yesense_interface) StdoutLine: {'line': b'[ 14%] \x1b[32mBuilding C object CMakeFiles/yesense_interface__rosidl_generator_c.dir/rosidl_generator_c/yesense_interface/msg/detail/utc__functions.c.o\x1b[0m\n'}
[17.339723] (yesense_interface) StdoutLine: {'line': b'[ 14%] \x1b[32mBuilding C object CMakeFiles/yesense_interface__rosidl_generator_c.dir/rosidl_generator_c/yesense_interface/msg/detail/utc__type_support.c.o\x1b[0m\n'}
[17.379948] (yesense_interface) StdoutLine: {'line': b'[ 14%] \x1b[32mBuilding C object CMakeFiles/yesense_interface__rosidl_generator_c.dir/rosidl_generator_c/yesense_interface/msg/detail/sample_timestamp__description.c.o\x1b[0m\n'}
[17.387584] (-) TimerEvent: {}
[17.400899] (yesense_interface) StdoutLine: {'line': b'[ 14%] \x1b[32mBuilding C object CMakeFiles/yesense_interface__rosidl_generator_c.dir/rosidl_generator_c/yesense_interface/msg/detail/sample_timestamp__type_support.c.o\x1b[0m\n'}
[17.436323] (yesense_interface) StdoutLine: {'line': b'[ 15%] \x1b[32mBuilding C object CMakeFiles/yesense_interface__rosidl_generator_c.dir/rosidl_generator_c/yesense_interface/msg/detail/sample_timestamp__functions.c.o\x1b[0m\n'}
[17.436754] (yesense_interface) StdoutLine: {'line': b'[ 16%] \x1b[32mBuilding C object CMakeFiles/yesense_interface__rosidl_generator_c.dir/rosidl_generator_c/yesense_interface/msg/detail/imu_data__description.c.o\x1b[0m\n'}
[17.447664] (yesense_interface) StdoutLine: {'line': b'[ 16%] \x1b[32mBuilding C object CMakeFiles/yesense_interface__rosidl_generator_c.dir/rosidl_generator_c/yesense_interface/msg/detail/imu_data__functions.c.o\x1b[0m\n'}
[17.477850] (yesense_interface) StdoutLine: {'line': b'[ 17%] \x1b[32mBuilding C object CMakeFiles/yesense_interface__rosidl_generator_c.dir/rosidl_generator_c/yesense_interface/msg/detail/imu_data_ten_axis__description.c.o\x1b[0m\n'}
[17.482760] (yesense_interface) StdoutLine: {'line': b'[ 17%] \x1b[32mBuilding C object CMakeFiles/yesense_interface__rosidl_generator_c.dir/rosidl_generator_c/yesense_interface/msg/detail/imu_data__type_support.c.o\x1b[0m\n'}
[17.487714] (-) TimerEvent: {}
[17.516541] (yesense_interface) StdoutLine: {'line': b'[ 17%] \x1b[32mBuilding C object CMakeFiles/yesense_interface__rosidl_generator_c.dir/rosidl_generator_c/yesense_interface/msg/detail/imu_data_ten_axis__functions.c.o\x1b[0m\n'}
[17.527520] (yesense_interface) StdoutLine: {'line': b'[ 18%] \x1b[32mBuilding C object CMakeFiles/yesense_interface__rosidl_generator_c.dir/rosidl_generator_c/yesense_interface/msg/detail/imu_data_ten_axis__type_support.c.o\x1b[0m\n'}
[17.548169] (yesense_interface) StdoutLine: {'line': b'[ 18%] \x1b[32mBuilding C object CMakeFiles/yesense_interface__rosidl_generator_c.dir/rosidl_generator_c/yesense_interface/msg/detail/euler_only__description.c.o\x1b[0m\n'}
[17.588500] (-) TimerEvent: {}
[17.595557] (yesense_interface) StdoutLine: {'line': b'[ 19%] \x1b[32mBuilding C object CMakeFiles/yesense_interface__rosidl_generator_c.dir/rosidl_generator_c/yesense_interface/msg/detail/euler_only__type_support.c.o\x1b[0m\n'}
[17.613509] (yesense_interface) StdoutLine: {'line': b'[ 20%] \x1b[32mBuilding C object CMakeFiles/yesense_interface__rosidl_generator_c.dir/rosidl_generator_c/yesense_interface/msg/detail/robot_lord__functions.c.o\x1b[0m\n'}
[17.647544] (yesense_interface) StdoutLine: {'line': b'[ 20%] \x1b[32mBuilding C object CMakeFiles/yesense_interface__rosidl_generator_c.dir/rosidl_generator_c/yesense_interface/msg/detail/euler_only__functions.c.o\x1b[0m\n'}
[17.647901] (yesense_interface) StdoutLine: {'line': b'[ 20%] \x1b[32mBuilding C object CMakeFiles/yesense_interface__rosidl_generator_c.dir/rosidl_generator_c/yesense_interface/msg/detail/robot_lord__description.c.o\x1b[0m\n'}
[17.648131] (yesense_interface) StdoutLine: {'line': b'[ 20%] \x1b[32mBuilding C object CMakeFiles/yesense_interface__rosidl_generator_c.dir/rosidl_generator_c/yesense_interface/msg/detail/robot_lord__type_support.c.o\x1b[0m\n'}
[17.660520] (yesense_interface) StdoutLine: {'line': b'[ 21%] \x1b[32mBuilding C object CMakeFiles/yesense_interface__rosidl_generator_c.dir/rosidl_generator_c/yesense_interface/msg/detail/attitude_min_vru__description.c.o\x1b[0m\n'}
[17.688641] (-) TimerEvent: {}
[17.719830] (yesense_interface) StdoutLine: {'line': b'[ 21%] \x1b[32mBuilding C object CMakeFiles/yesense_interface__rosidl_generator_c.dir/rosidl_generator_c/yesense_interface/msg/detail/attitude_min_vru__functions.c.o\x1b[0m\n'}
[17.727253] (yesense_interface) StdoutLine: {'line': b'[ 22%] \x1b[32mBuilding C object CMakeFiles/yesense_interface__rosidl_generator_c.dir/rosidl_generator_c/yesense_interface/msg/detail/attitude_min_ahrs__description.c.o\x1b[0m\n'}
[17.782131] (yesense_interface) StdoutLine: {'line': b'[ 22%] \x1b[32mBuilding C object CMakeFiles/yesense_interface__rosidl_generator_c.dir/rosidl_generator_c/yesense_interface/msg/detail/attitude_min_vru__type_support.c.o\x1b[0m\n'}
[17.788232] (yesense_interface) StdoutLine: {'line': b'[ 22%] \x1b[32mBuilding C object CMakeFiles/yesense_interface__rosidl_generator_c.dir/rosidl_generator_c/yesense_interface/msg/detail/attitude_min_ahrs__functions.c.o\x1b[0m\n'}
[17.788650] (-) TimerEvent: {}
[17.803521] (yesense_interface) StdoutLine: {'line': b'[ 22%] \x1b[32mBuilding C object CMakeFiles/yesense_interface__rosidl_generator_c.dir/rosidl_generator_c/yesense_interface/msg/detail/attitude_all_data__description.c.o\x1b[0m\n'}
[17.815634] (yesense_interface) StdoutLine: {'line': b'[ 23%] \x1b[32mBuilding C object CMakeFiles/yesense_interface__rosidl_generator_c.dir/rosidl_generator_c/yesense_interface/msg/detail/attitude_min_ahrs__type_support.c.o\x1b[0m\n'}
[17.873326] (yesense_interface) StdoutLine: {'line': b'[ 23%] \x1b[32mBuilding C object CMakeFiles/yesense_interface__rosidl_generator_c.dir/rosidl_generator_c/yesense_interface/msg/detail/attitude_all_data__functions.c.o\x1b[0m\n'}
[17.883569] (yesense_interface) StdoutLine: {'line': b'[ 23%] \x1b[32mBuilding C object CMakeFiles/yesense_interface__rosidl_generator_c.dir/rosidl_generator_c/yesense_interface/msg/detail/pos_only__description.c.o\x1b[0m\n'}
[17.886743] (yesense_interface) StdoutLine: {'line': b'[ 24%] \x1b[32mBuilding C object CMakeFiles/yesense_interface__rosidl_generator_c.dir/rosidl_generator_c/yesense_interface/msg/detail/attitude_all_data__type_support.c.o\x1b[0m\n'}
[17.888821] (-) TimerEvent: {}
[17.907684] (yesense_interface) StdoutLine: {'line': b'[ 25%] \x1b[32mBuilding C object CMakeFiles/yesense_interface__rosidl_generator_c.dir/rosidl_generator_c/yesense_interface/msg/detail/pos_only__functions.c.o\x1b[0m\n'}
[17.927220] (yesense_interface) StdoutLine: {'line': b'[ 25%] \x1b[32mBuilding C object CMakeFiles/yesense_interface__rosidl_generator_c.dir/rosidl_generator_c/yesense_interface/msg/detail/pos_only__type_support.c.o\x1b[0m\n'}
[17.946534] (yesense_interface) StdoutLine: {'line': b'[ 25%] \x1b[32mBuilding C object CMakeFiles/yesense_interface__rosidl_generator_c.dir/rosidl_generator_c/yesense_interface/msg/detail/nav_min__description.c.o\x1b[0m\n'}
[17.956661] (yesense_interface) StdoutLine: {'line': b'[ 26%] \x1b[32mBuilding C object CMakeFiles/yesense_interface__rosidl_generator_c.dir/rosidl_generator_c/yesense_interface/msg/detail/nav_min__functions.c.o\x1b[0m\n'}
[17.989700] (-) TimerEvent: {}
[18.009536] (yesense_interface) StdoutLine: {'line': b'[ 26%] \x1b[32mBuilding C object CMakeFiles/yesense_interface__rosidl_generator_c.dir/rosidl_generator_c/yesense_interface/msg/detail/nav_min__type_support.c.o\x1b[0m\n'}
[18.015295] (yesense_interface) StdoutLine: {'line': b'[ 27%] \x1b[32mBuilding C object CMakeFiles/yesense_interface__rosidl_generator_c.dir/rosidl_generator_c/yesense_interface/msg/detail/nav_min_utc__description.c.o\x1b[0m\n'}
[18.042273] (yesense_interface) StdoutLine: {'line': b'[ 27%] \x1b[32mBuilding C object CMakeFiles/yesense_interface__rosidl_generator_c.dir/rosidl_generator_c/yesense_interface/msg/detail/nav_min_utc__functions.c.o\x1b[0m\n'}
[18.091548] (-) TimerEvent: {}
[18.103458] (yesense_interface) StdoutLine: {'line': b'[ 28%] \x1b[32mBuilding C object CMakeFiles/yesense_interface__rosidl_generator_c.dir/rosidl_generator_c/yesense_interface/msg/detail/nav_all__description.c.o\x1b[0m\n'}
[18.103797] (yesense_interface) StdoutLine: {'line': b'[ 28%] \x1b[32mBuilding C object CMakeFiles/yesense_interface__rosidl_generator_c.dir/rosidl_generator_c/yesense_interface/msg/detail/nav_all__functions.c.o\x1b[0m\n'}
[18.104312] (yesense_interface) StdoutLine: {'line': b'[ 28%] \x1b[32mBuilding C object CMakeFiles/yesense_interface__rosidl_generator_c.dir/rosidl_generator_c/yesense_interface/msg/detail/nav_min_utc__type_support.c.o\x1b[0m\n'}
[18.175316] (yesense_interface) StdoutLine: {'line': b'[ 29%] \x1b[32mBuilding C object CMakeFiles/yesense_interface__rosidl_generator_c.dir/rosidl_generator_c/yesense_interface/msg/detail/nav_all__type_support.c.o\x1b[0m\n'}
[18.191848] (-) TimerEvent: {}
[18.291802] (yesense_interface) StdoutLine: {'line': b'[ 29%] \x1b[32m\x1b[1mLinking C shared library libyesense_interface__rosidl_generator_c.so\x1b[0m\n'}
[18.292849] (-) TimerEvent: {}
[18.394285] (-) TimerEvent: {}
[18.443213] (yesense_interface) StdoutLine: {'line': b'[ 29%] Built target yesense_interface__rosidl_generator_c\n'}
[18.468653] (yesense_interface) StdoutLine: {'line': b'[ 30%] \x1b[34m\x1b[1mGenerating C++ type support for eProsima Fast-RTPS\x1b[0m\n'}
[18.484079] (yesense_interface) StdoutLine: {'line': b'[ 30%] \x1b[34m\x1b[1mGenerating C++ introspection for ROS interfaces\x1b[0m\n'}
[18.494428] (-) TimerEvent: {}
[18.496583] (yesense_interface) StdoutLine: {'line': b'[ 31%] \x1b[34m\x1b[1mGenerating C introspection for ROS interfaces\x1b[0m\n'}
[18.496924] (yesense_interface) StdoutLine: {'line': b'[ 31%] \x1b[34m\x1b[1mGenerating C type support for eProsima Fast-RTPS\x1b[0m\n'}
[18.499737] (yesense_interface) StdoutLine: {'line': b'[ 31%] \x1b[34m\x1b[1mGenerating C++ type support dispatch for ROS interfaces\x1b[0m\n'}
[18.502498] (yesense_interface) StdoutLine: {'line': b'[ 31%] \x1b[34m\x1b[1mGenerating C type support dispatch for ROS interfaces\x1b[0m\n'}
[18.594508] (-) TimerEvent: {}
[18.694936] (-) TimerEvent: {}
[18.795381] (-) TimerEvent: {}
[18.896158] (-) TimerEvent: {}
[18.997497] (-) TimerEvent: {}
[19.100499] (-) TimerEvent: {}
[19.200891] (-) TimerEvent: {}
[19.301310] (-) TimerEvent: {}
[19.403488] (-) TimerEvent: {}
[19.503942] (-) TimerEvent: {}
[19.604659] (-) TimerEvent: {}
[19.707697] (-) TimerEvent: {}
[19.808138] (-) TimerEvent: {}
[19.908892] (-) TimerEvent: {}
[20.015719] (-) TimerEvent: {}
[20.116503] (-) TimerEvent: {}
[20.217198] (-) TimerEvent: {}
[20.319512] (-) TimerEvent: {}
[20.420200] (-) TimerEvent: {}
[20.520903] (-) TimerEvent: {}
[20.540505] (yesense_interface) StdoutLine: {'line': b'[ 32%] \x1b[32mBuilding CXX object CMakeFiles/yesense_interface__rosidl_typesupport_introspection_cpp.dir/rosidl_typesupport_introspection_cpp/yesense_interface/msg/detail/tid__type_support.cpp.o\x1b[0m\n'}
[20.622602] (-) TimerEvent: {}
[20.624846] (yesense_interface) StdoutLine: {'line': b'[ 32%] \x1b[32mBuilding CXX object CMakeFiles/yesense_interface__rosidl_typesupport_introspection_cpp.dir/rosidl_typesupport_introspection_cpp/yesense_interface/msg/detail/three_axis__type_support.cpp.o\x1b[0m\n'}
[20.671012] (yesense_interface) StdoutLine: {'line': b'[ 32%] \x1b[32mBuilding CXX object CMakeFiles/yesense_interface__rosidl_typesupport_introspection_cpp.dir/rosidl_typesupport_introspection_cpp/yesense_interface/msg/detail/sensor_temp__type_support.cpp.o\x1b[0m\n'}
[20.722745] (-) TimerEvent: {}
[20.723420] (yesense_interface) StdoutLine: {'line': b'[ 33%] \x1b[32mBuilding CXX object CMakeFiles/yesense_interface__rosidl_typesupport_c.dir/rosidl_typesupport_c/yesense_interface/msg/tid__type_support.cpp.o\x1b[0m\n'}
[20.822901] (-) TimerEvent: {}
[20.865603] (yesense_interface) StdoutLine: {'line': b'[ 33%] \x1b[32mBuilding CXX object CMakeFiles/yesense_interface__rosidl_typesupport_c.dir/rosidl_typesupport_c/yesense_interface/msg/three_axis__type_support.cpp.o\x1b[0m\n'}
[20.923565] (-) TimerEvent: {}
[21.023997] (-) TimerEvent: {}
[21.028344] (yesense_interface) StdoutLine: {'line': b'[ 34%] \x1b[32mBuilding CXX object CMakeFiles/yesense_interface__rosidl_typesupport_c.dir/rosidl_typesupport_c/yesense_interface/msg/sensor_temp__type_support.cpp.o\x1b[0m\n'}
[21.124136] (-) TimerEvent: {}
[21.218622] (yesense_interface) StdoutLine: {'line': b'[ 34%] \x1b[32mBuilding CXX object CMakeFiles/yesense_interface__rosidl_typesupport_c.dir/rosidl_typesupport_c/yesense_interface/msg/pressure__type_support.cpp.o\x1b[0m\n'}
[21.224286] (-) TimerEvent: {}
[21.257889] (yesense_interface) StdoutLine: {'line': b'[ 34%] \x1b[32mBuilding CXX object CMakeFiles/yesense_interface__rosidl_typesupport_c.dir/rosidl_typesupport_c/yesense_interface/msg/euler_angle__type_support.cpp.o\x1b[0m\n'}
[21.297593] (yesense_interface) StdoutLine: {'line': b'[ 35%] \x1b[32mBuilding CXX object CMakeFiles/yesense_interface__rosidl_typesupport_introspection_cpp.dir/rosidl_typesupport_introspection_cpp/yesense_interface/msg/detail/pressure__type_support.cpp.o\x1b[0m\n'}
[21.328500] (-) TimerEvent: {}
[21.429144] (-) TimerEvent: {}
[21.466617] (yesense_interface) StdoutLine: {'line': b'[ 36%] \x1b[32mBuilding CXX object CMakeFiles/yesense_interface__rosidl_typesupport_c.dir/rosidl_typesupport_c/yesense_interface/msg/quat__type_support.cpp.o\x1b[0m\n'}
[21.529308] (-) TimerEvent: {}
[21.613603] (yesense_interface) StdoutLine: {'line': b'[ 36%] \x1b[32mBuilding CXX object CMakeFiles/yesense_interface__rosidl_typesupport_c.dir/rosidl_typesupport_c/yesense_interface/msg/gnss_pos__type_support.cpp.o\x1b[0m\n'}
[21.629505] (-) TimerEvent: {}
[21.733521] (-) TimerEvent: {}
[21.751538] (yesense_interface) StdoutLine: {'line': b'[ 37%] \x1b[32mBuilding CXX object CMakeFiles/yesense_interface__rosidl_typesupport_c.dir/rosidl_typesupport_c/yesense_interface/msg/nav_status__type_support.cpp.o\x1b[0m\n'}
[21.833676] (-) TimerEvent: {}
[21.902610] (yesense_interface) StdoutLine: {'line': b'[ 37%] \x1b[32mBuilding CXX object CMakeFiles/yesense_interface__rosidl_typesupport_c.dir/rosidl_typesupport_c/yesense_interface/msg/vel__type_support.cpp.o\x1b[0m\n'}
[21.935491] (-) TimerEvent: {}
[22.039500] (-) TimerEvent: {}
[22.049462] (yesense_interface) StdoutLine: {'line': b'[ 38%] \x1b[32mBuilding CXX object CMakeFiles/yesense_interface__rosidl_typesupport_c.dir/rosidl_typesupport_c/yesense_interface/msg/sample_timestamp__type_support.cpp.o\x1b[0m\n'}
[22.053499] (yesense_interface) StdoutLine: {'line': b'[ 38%] \x1b[32mBuilding CXX object CMakeFiles/yesense_interface__rosidl_typesupport_c.dir/rosidl_typesupport_c/yesense_interface/msg/utc__type_support.cpp.o\x1b[0m\n'}
[22.062483] (yesense_interface) StdoutLine: {'line': b'[ 38%] \x1b[32mBuilding CXX object CMakeFiles/yesense_interface__rosidl_typesupport_introspection_cpp.dir/rosidl_typesupport_introspection_cpp/yesense_interface/msg/detail/euler_angle__type_support.cpp.o\x1b[0m\n'}
[22.139635] (-) TimerEvent: {}
[22.161526] (yesense_interface) StdoutLine: {'line': b'[ 39%] \x1b[32mBuilding CXX object CMakeFiles/yesense_interface__rosidl_typesupport_introspection_cpp.dir/rosidl_typesupport_introspection_cpp/yesense_interface/msg/detail/quat__type_support.cpp.o\x1b[0m\n'}
[22.219071] (yesense_interface) StdoutLine: {'line': b'[ 39%] \x1b[32mBuilding CXX object CMakeFiles/yesense_interface__rosidl_typesupport_c.dir/rosidl_typesupport_c/yesense_interface/msg/imu_data__type_support.cpp.o\x1b[0m\n'}
[22.239777] (-) TimerEvent: {}
[22.340215] (-) TimerEvent: {}
[22.352164] (yesense_interface) StdoutLine: {'line': b'[ 40%] \x1b[32mBuilding CXX object CMakeFiles/yesense_interface__rosidl_typesupport_c.dir/rosidl_typesupport_c/yesense_interface/msg/imu_data_ten_axis__type_support.cpp.o\x1b[0m\n'}
[22.440379] (-) TimerEvent: {}
[22.493143] (yesense_interface) StdoutLine: {'line': b'[ 40%] \x1b[32mBuilding CXX object CMakeFiles/yesense_interface__rosidl_typesupport_c.dir/rosidl_typesupport_c/yesense_interface/msg/euler_only__type_support.cpp.o\x1b[0m\n'}
[22.540522] (-) TimerEvent: {}
[22.646483] (-) TimerEvent: {}
[22.710116] (yesense_interface) StdoutLine: {'line': b'[ 40%] \x1b[32mBuilding CXX object CMakeFiles/yesense_interface__rosidl_typesupport_c.dir/rosidl_typesupport_c/yesense_interface/msg/robot_lord__type_support.cpp.o\x1b[0m\n'}
[22.749564] (-) TimerEvent: {}
[22.824917] (yesense_interface) StdoutLine: {'line': b'[ 40%] \x1b[32mBuilding CXX object CMakeFiles/yesense_interface__rosidl_typesupport_introspection_cpp.dir/rosidl_typesupport_introspection_cpp/yesense_interface/msg/detail/gnss_pos__type_support.cpp.o\x1b[0m\n'}
[22.842557] (yesense_interface) StdoutLine: {'line': b'[ 41%] \x1b[32mBuilding CXX object CMakeFiles/yesense_interface__rosidl_typesupport_c.dir/rosidl_typesupport_c/yesense_interface/msg/attitude_min_vru__type_support.cpp.o\x1b[0m\n'}
[22.849714] (-) TimerEvent: {}
[22.950206] (-) TimerEvent: {}
[22.976087] (yesense_interface) StdoutLine: {'line': b'[ 41%] \x1b[32mBuilding CXX object CMakeFiles/yesense_interface__rosidl_typesupport_c.dir/rosidl_typesupport_c/yesense_interface/msg/attitude_min_ahrs__type_support.cpp.o\x1b[0m\n'}
[22.989433] (yesense_interface) StdoutLine: {'line': b'[ 41%] \x1b[32mBuilding CXX object CMakeFiles/yesense_interface__rosidl_typesupport_cpp.dir/rosidl_typesupport_cpp/yesense_interface/msg/tid__type_support.cpp.o\x1b[0m\n'}
[23.050414] (-) TimerEvent: {}
[23.138715] (yesense_interface) StdoutLine: {'line': b'[ 42%] \x1b[32mBuilding CXX object CMakeFiles/yesense_interface__rosidl_typesupport_c.dir/rosidl_typesupport_c/yesense_interface/msg/attitude_all_data__type_support.cpp.o\x1b[0m\n'}
[23.153509] (-) TimerEvent: {}
[23.154650] (yesense_interface) StdoutLine: {'line': b'[ 43%] \x1b[32mBuilding CXX object CMakeFiles/yesense_interface__rosidl_typesupport_introspection_cpp.dir/rosidl_typesupport_introspection_cpp/yesense_interface/msg/detail/nav_status__type_support.cpp.o\x1b[0m\n'}
[23.253639] (-) TimerEvent: {}
[23.307591] (yesense_interface) StdoutLine: {'line': b'[ 43%] \x1b[32mBuilding CXX object CMakeFiles/yesense_interface__rosidl_typesupport_c.dir/rosidl_typesupport_c/yesense_interface/msg/pos_only__type_support.cpp.o\x1b[0m\n'}
[23.312554] (rplidar_ros) StdoutLine: {'line': b'[ 94%] \x1b[32m\x1b[1mLinking CXX executable rplidar_composition\x1b[0m\n'}
[23.353768] (-) TimerEvent: {}
[23.454473] (-) TimerEvent: {}
[23.479466] (yesense_interface) StdoutLine: {'line': b'[ 43%] \x1b[32mBuilding CXX object CMakeFiles/yesense_interface__rosidl_typesupport_c.dir/rosidl_typesupport_c/yesense_interface/msg/nav_min__type_support.cpp.o\x1b[0m\n'}
[23.555621] (-) TimerEvent: {}
[23.656295] (-) TimerEvent: {}
[23.662237] (yesense_interface) StdoutLine: {'line': b'[ 43%] \x1b[32mBuilding CXX object CMakeFiles/yesense_interface__rosidl_typesupport_introspection_cpp.dir/rosidl_typesupport_introspection_cpp/yesense_interface/msg/detail/vel__type_support.cpp.o\x1b[0m\n'}
[23.687515] (yesense_interface) StdoutLine: {'line': b'[ 44%] \x1b[32mBuilding CXX object CMakeFiles/yesense_interface__rosidl_typesupport_c.dir/rosidl_typesupport_c/yesense_interface/msg/nav_min_utc__type_support.cpp.o\x1b[0m\n'}
[23.700274] (yesense_interface) StdoutLine: {'line': b'[ 44%] \x1b[32mBuilding CXX object CMakeFiles/yesense_interface__rosidl_typesupport_c.dir/rosidl_typesupport_c/yesense_interface/msg/nav_all__type_support.cpp.o\x1b[0m\n'}
[23.749511] (yesense_interface) StdoutLine: {'line': b'[ 45%] \x1b[32mBuilding C object CMakeFiles/yesense_interface__rosidl_typesupport_introspection_c.dir/rosidl_typesupport_introspection_c/yesense_interface/msg/detail/tid__type_support.c.o\x1b[0m\n'}
[23.756511] (-) TimerEvent: {}
[23.786981] (yesense_interface) StdoutLine: {'line': b'[ 46%] \x1b[32mBuilding CXX object CMakeFiles/yesense_interface__rosidl_typesupport_cpp.dir/rosidl_typesupport_cpp/yesense_interface/msg/three_axis__type_support.cpp.o\x1b[0m\n'}
[23.851507] (yesense_interface) StdoutLine: {'line': b'[ 46%] \x1b[32mBuilding C object CMakeFiles/yesense_interface__rosidl_typesupport_introspection_c.dir/rosidl_typesupport_introspection_c/yesense_interface/msg/detail/three_axis__type_support.c.o\x1b[0m\n'}
[23.856642] (-) TimerEvent: {}
[23.935986] (yesense_interface) StdoutLine: {'line': b'[ 47%] \x1b[32m\x1b[1mLinking CXX shared library libyesense_interface__rosidl_typesupport_c.so\x1b[0m\n'}
[23.956770] (-) TimerEvent: {}
[23.958627] (yesense_interface) StdoutLine: {'line': b'[ 47%] \x1b[32mBuilding CXX object CMakeFiles/yesense_interface__rosidl_typesupport_cpp.dir/rosidl_typesupport_cpp/yesense_interface/msg/sensor_temp__type_support.cpp.o\x1b[0m\n'}
[23.974789] (yesense_interface) StdoutLine: {'line': b'[ 48%] \x1b[32mBuilding C object CMakeFiles/yesense_interface__rosidl_typesupport_introspection_c.dir/rosidl_typesupport_introspection_c/yesense_interface/msg/detail/sensor_temp__type_support.c.o\x1b[0m\n'}
[24.060681] (-) TimerEvent: {}
[24.119594] (yesense_interface) StdoutLine: {'line': b'[ 48%] \x1b[32mBuilding C object CMakeFiles/yesense_interface__rosidl_typesupport_introspection_c.dir/rosidl_typesupport_introspection_c/yesense_interface/msg/detail/pressure__type_support.c.o\x1b[0m\n'}
[24.160798] (-) TimerEvent: {}
[24.207966] (yesense_interface) StdoutLine: {'line': b'[ 48%] Built target yesense_interface__rosidl_typesupport_c\n'}
[24.246618] (yesense_interface) StdoutLine: {'line': b'[ 49%] \x1b[32mBuilding C object CMakeFiles/yesense_interface__rosidl_typesupport_introspection_c.dir/rosidl_typesupport_introspection_c/yesense_interface/msg/detail/euler_angle__type_support.c.o\x1b[0m\n'}
[24.260878] (yesense_interface) StdoutLine: {'line': b'[ 49%] \x1b[32mBuilding C object CMakeFiles/yesense_interface__rosidl_typesupport_introspection_c.dir/rosidl_typesupport_introspection_c/yesense_interface/msg/detail/quat__type_support.c.o\x1b[0m\n'}
[24.261212] (-) TimerEvent: {}
[24.364068] (-) TimerEvent: {}
[24.403668] (yesense_interface) StdoutLine: {'line': b'[ 50%] \x1b[32mBuilding CXX object CMakeFiles/yesense_interface__rosidl_typesupport_fastrtps_c.dir/rosidl_typesupport_fastrtps_c/yesense_interface/msg/detail/three_axis__type_support_c.cpp.o\x1b[0m\n'}
[24.405476] (yesense_interface) StdoutLine: {'line': b'[ 50%] \x1b[32mBuilding C object CMakeFiles/yesense_interface__rosidl_typesupport_introspection_c.dir/rosidl_typesupport_introspection_c/yesense_interface/msg/detail/gnss_pos__type_support.c.o\x1b[0m\n'}
[24.444054] (yesense_interface) StdoutLine: {'line': b'[ 50%] \x1b[32mBuilding CXX object CMakeFiles/yesense_interface__rosidl_typesupport_fastrtps_c.dir/rosidl_typesupport_fastrtps_c/yesense_interface/msg/detail/tid__type_support_c.cpp.o\x1b[0m\n'}
[24.466628] (-) TimerEvent: {}
[24.500870] (yesense_interface) StdoutLine: {'line': b'[ 51%] \x1b[32mBuilding C object CMakeFiles/yesense_interface__rosidl_typesupport_introspection_c.dir/rosidl_typesupport_introspection_c/yesense_interface/msg/detail/nav_status__type_support.c.o\x1b[0m\n'}
[24.558473] (yesense_interface) StdoutLine: {'line': b'[ 51%] \x1b[32mBuilding CXX object CMakeFiles/yesense_interface__rosidl_typesupport_introspection_cpp.dir/rosidl_typesupport_introspection_cpp/yesense_interface/msg/detail/utc__type_support.cpp.o\x1b[0m\n'}
[24.567592] (-) TimerEvent: {}
[24.643684] (yesense_interface) StdoutLine: {'line': b'[ 51%] \x1b[32mBuilding C object CMakeFiles/yesense_interface__rosidl_typesupport_introspection_c.dir/rosidl_typesupport_introspection_c/yesense_interface/msg/detail/vel__type_support.c.o\x1b[0m\n'}
[24.648136] (yesense_interface) StdoutLine: {'line': b'[ 52%] \x1b[32mBuilding CXX object CMakeFiles/yesense_interface__rosidl_typesupport_cpp.dir/rosidl_typesupport_cpp/yesense_interface/msg/pressure__type_support.cpp.o\x1b[0m\n'}
[24.669544] (-) TimerEvent: {}
[24.770148] (-) TimerEvent: {}
[24.776468] (yesense_interface) StdoutLine: {'line': b'[ 53%] \x1b[32mBuilding C object CMakeFiles/yesense_interface__rosidl_typesupport_introspection_c.dir/rosidl_typesupport_introspection_c/yesense_interface/msg/detail/utc__type_support.c.o\x1b[0m\n'}
[24.872112] (-) TimerEvent: {}
[24.879693] (yesense_interface) StdoutLine: {'line': b'[ 53%] \x1b[32mBuilding CXX object CMakeFiles/yesense_interface__rosidl_typesupport_fastrtps_c.dir/rosidl_typesupport_fastrtps_c/yesense_interface/msg/detail/sensor_temp__type_support_c.cpp.o\x1b[0m\n'}
[24.927010] (yesense_interface) StdoutLine: {'line': b'[ 53%] \x1b[32mBuilding C object CMakeFiles/yesense_interface__rosidl_typesupport_introspection_c.dir/rosidl_typesupport_introspection_c/yesense_interface/msg/detail/sample_timestamp__type_support.c.o\x1b[0m\n'}
[24.972246] (-) TimerEvent: {}
[25.001632] (rplidar_ros) StdoutLine: {'line': b'[ 94%] Built target rplidar_composition\n'}
[25.038175] (yesense_interface) StdoutLine: {'line': b'[ 53%] \x1b[32mBuilding C object CMakeFiles/yesense_interface__rosidl_typesupport_introspection_c.dir/rosidl_typesupport_introspection_c/yesense_interface/msg/detail/imu_data__type_support.c.o\x1b[0m\n'}
[25.072457] (-) TimerEvent: {}
[25.174509] (-) TimerEvent: {}
[25.193503] (yesense_interface) StdoutLine: {'line': b'[ 54%] \x1b[32mBuilding C object CMakeFiles/yesense_interface__rosidl_typesupport_introspection_c.dir/rosidl_typesupport_introspection_c/yesense_interface/msg/detail/imu_data_ten_axis__type_support.c.o\x1b[0m\n'}
[25.276524] (-) TimerEvent: {}
[25.377040] (-) TimerEvent: {}
[25.391212] (yesense_interface) StdoutLine: {'line': b'[ 54%] \x1b[32mBuilding C object CMakeFiles/yesense_interface__rosidl_typesupport_introspection_c.dir/rosidl_typesupport_introspection_c/yesense_interface/msg/detail/euler_only__type_support.c.o\x1b[0m\n'}
[25.474523] (yesense_interface) StdoutLine: {'line': b'[ 55%] \x1b[32mBuilding C object CMakeFiles/yesense_interface__rosidl_typesupport_introspection_c.dir/rosidl_typesupport_introspection_c/yesense_interface/msg/detail/robot_lord__type_support.c.o\x1b[0m\n'}
[25.477208] (-) TimerEvent: {}
[25.535253] (yesense_interface) StdoutLine: {'line': b'[ 55%] \x1b[32mBuilding C object CMakeFiles/yesense_interface__rosidl_typesupport_introspection_c.dir/rosidl_typesupport_introspection_c/yesense_interface/msg/detail/attitude_min_vru__type_support.c.o\x1b[0m\n'}
[25.579832] (-) TimerEvent: {}
[25.642724] (yesense_interface) StdoutLine: {'line': b'[ 56%] \x1b[32mBuilding CXX object CMakeFiles/yesense_interface__rosidl_typesupport_fastrtps_c.dir/rosidl_typesupport_fastrtps_c/yesense_interface/msg/detail/pressure__type_support_c.cpp.o\x1b[0m\n'}
[25.663761] (yesense_interface) StdoutLine: {'line': b'[ 56%] \x1b[32mBuilding C object CMakeFiles/yesense_interface__rosidl_typesupport_introspection_c.dir/rosidl_typesupport_introspection_c/yesense_interface/msg/detail/attitude_min_ahrs__type_support.c.o\x1b[0m\n'}
[25.680537] (-) TimerEvent: {}
[25.707306] (yesense_interface) StdoutLine: {'line': b'[ 57%] \x1b[32mBuilding CXX object CMakeFiles/yesense_interface__rosidl_typesupport_introspection_cpp.dir/rosidl_typesupport_introspection_cpp/yesense_interface/msg/detail/sample_timestamp__type_support.cpp.o\x1b[0m\n'}
[25.724307] (yesense_interface) StdoutLine: {'line': b'[ 57%] \x1b[32mBuilding CXX object CMakeFiles/yesense_interface__rosidl_typesupport_fastrtps_c.dir/rosidl_typesupport_fastrtps_c/yesense_interface/msg/detail/euler_angle__type_support_c.cpp.o\x1b[0m\n'}
[25.733021] (yesense_interface) StdoutLine: {'line': b'[ 58%] \x1b[32mBuilding C object CMakeFiles/yesense_interface__rosidl_typesupport_introspection_c.dir/rosidl_typesupport_introspection_c/yesense_interface/msg/detail/attitude_all_data__type_support.c.o\x1b[0m\n'}
[25.763629] (yesense_interface) StdoutLine: {'line': b'[ 58%] \x1b[32mBuilding CXX object CMakeFiles/yesense_interface__rosidl_typesupport_introspection_cpp.dir/rosidl_typesupport_introspection_cpp/yesense_interface/msg/detail/imu_data__type_support.cpp.o\x1b[0m\n'}
[25.783545] (-) TimerEvent: {}
[25.884061] (-) TimerEvent: {}
[25.907849] (yesense_interface) StdoutLine: {'line': b'[ 58%] \x1b[32mBuilding C object CMakeFiles/yesense_interface__rosidl_typesupport_introspection_c.dir/rosidl_typesupport_introspection_c/yesense_interface/msg/detail/pos_only__type_support.c.o\x1b[0m\n'}
[25.984239] (-) TimerEvent: {}
[26.009594] (yesense_interface) StdoutLine: {'line': b'[ 58%] \x1b[32mBuilding CXX object CMakeFiles/yesense_interface__rosidl_typesupport_cpp.dir/rosidl_typesupport_cpp/yesense_interface/msg/euler_angle__type_support.cpp.o\x1b[0m\n'}
[26.084434] (-) TimerEvent: {}
[26.099316] (yesense_interface) StdoutLine: {'line': b'[ 59%] \x1b[32mBuilding C object CMakeFiles/yesense_interface__rosidl_typesupport_introspection_c.dir/rosidl_typesupport_introspection_c/yesense_interface/msg/detail/nav_min__type_support.c.o\x1b[0m\n'}
[26.184528] (-) TimerEvent: {}
[26.237920] (yesense_interface) StdoutLine: {'line': b'[ 59%] \x1b[32mBuilding C object CMakeFiles/yesense_interface__rosidl_typesupport_introspection_c.dir/rosidl_typesupport_introspection_c/yesense_interface/msg/detail/nav_min_utc__type_support.c.o\x1b[0m\n'}
[26.285523] (-) TimerEvent: {}
[26.383638] (yesense_interface) StdoutLine: {'line': b'[ 59%] \x1b[32mBuilding C object CMakeFiles/yesense_interface__rosidl_typesupport_introspection_c.dir/rosidl_typesupport_introspection_c/yesense_interface/msg/detail/nav_all__type_support.c.o\x1b[0m\n'}
[26.385669] (-) TimerEvent: {}
[26.487493] (-) TimerEvent: {}
[26.526363] (yesense_interface) StdoutLine: {'line': b'[ 60%] \x1b[32m\x1b[1mLinking C shared library libyesense_interface__rosidl_typesupport_introspection_c.so\x1b[0m\n'}
[26.592679] (-) TimerEvent: {}
[26.648201] (yesense_interface) StdoutLine: {'line': b'[ 60%] Built target yesense_interface__rosidl_typesupport_introspection_c\n'}
[26.656744] (yesense_interface) StdoutLine: {'line': b'[ 61%] \x1b[32mBuilding CXX object CMakeFiles/yesense_interface__rosidl_typesupport_cpp.dir/rosidl_typesupport_cpp/yesense_interface/msg/quat__type_support.cpp.o\x1b[0m\n'}
[26.667944] (yesense_interface) StdoutLine: {'line': b'[ 62%] \x1b[32mBuilding CXX object CMakeFiles/yesense_interface__rosidl_typesupport_introspection_cpp.dir/rosidl_typesupport_introspection_cpp/yesense_interface/msg/detail/imu_data_ten_axis__type_support.cpp.o\x1b[0m\n'}
[26.688348] (yesense_interface) StdoutLine: {'line': b'[ 62%] \x1b[32mBuilding CXX object CMakeFiles/yesense_interface__rosidl_typesupport_cpp.dir/rosidl_typesupport_cpp/yesense_interface/msg/gnss_pos__type_support.cpp.o\x1b[0m\n'}
[26.693916] (-) TimerEvent: {}
[26.794852] (-) TimerEvent: {}
[26.897608] (-) TimerEvent: {}
[26.998076] (-) TimerEvent: {}
[27.081540] (yesense_interface) StdoutLine: {'line': b'[ 62%] \x1b[32mBuilding CXX object CMakeFiles/yesense_interface__rosidl_typesupport_fastrtps_cpp.dir/rosidl_typesupport_fastrtps_cpp/yesense_interface/msg/detail/dds_fastrtps/tid__type_support.cpp.o\x1b[0m\n'}
[27.102499] (-) TimerEvent: {}
[27.117348] (yesense_interface) StdoutLine: {'line': b'[ 62%] \x1b[32mBuilding CXX object CMakeFiles/yesense_interface__rosidl_typesupport_fastrtps_c.dir/rosidl_typesupport_fastrtps_c/yesense_interface/msg/detail/quat__type_support_c.cpp.o\x1b[0m\n'}
[27.202639] (-) TimerEvent: {}
[27.305529] (-) TimerEvent: {}
[27.349073] (yesense_interface) StdoutLine: {'line': b'[ 62%] \x1b[32mBuilding CXX object CMakeFiles/yesense_interface__rosidl_typesupport_cpp.dir/rosidl_typesupport_cpp/yesense_interface/msg/nav_status__type_support.cpp.o\x1b[0m\n'}
[27.405668] (-) TimerEvent: {}
[27.413987] (yesense_interface) StdoutLine: {'line': b'[ 62%] \x1b[32mBuilding CXX object CMakeFiles/yesense_interface__rosidl_typesupport_introspection_cpp.dir/rosidl_typesupport_introspection_cpp/yesense_interface/msg/detail/euler_only__type_support.cpp.o\x1b[0m\n'}
[27.462885] (yesense_interface) StdoutLine: {'line': b'[ 62%] \x1b[32mBuilding CXX object CMakeFiles/yesense_interface__rosidl_typesupport_introspection_cpp.dir/rosidl_typesupport_introspection_cpp/yesense_interface/msg/detail/robot_lord__type_support.cpp.o\x1b[0m\n'}
[27.507549] (-) TimerEvent: {}
[27.554676] (yesense_interface) StdoutLine: {'line': b'[ 63%] \x1b[32mBuilding CXX object CMakeFiles/yesense_interface__rosidl_typesupport_introspection_cpp.dir/rosidl_typesupport_introspection_cpp/yesense_interface/msg/detail/attitude_min_vru__type_support.cpp.o\x1b[0m\n'}
[27.607690] (-) TimerEvent: {}
[27.688049] (yesense_interface) StdoutLine: {'line': b'[ 64%] \x1b[32mBuilding CXX object CMakeFiles/yesense_interface__rosidl_typesupport_fastrtps_c.dir/rosidl_typesupport_fastrtps_c/yesense_interface/msg/detail/gnss_pos__type_support_c.cpp.o\x1b[0m\n'}
[27.706173] (yesense_interface) StdoutLine: {'line': b'[ 64%] \x1b[32mBuilding CXX object CMakeFiles/yesense_interface__rosidl_typesupport_fastrtps_c.dir/rosidl_typesupport_fastrtps_c/yesense_interface/msg/detail/nav_status__type_support_c.cpp.o\x1b[0m\n'}
[27.707823] (-) TimerEvent: {}
[27.812511] (-) TimerEvent: {}
[27.915523] (-) TimerEvent: {}
[28.018516] (-) TimerEvent: {}
[28.119008] (-) TimerEvent: {}
[28.152564] (yesense_interface) StdoutLine: {'line': b'[ 64%] \x1b[32mBuilding CXX object CMakeFiles/yesense_interface__rosidl_typesupport_fastrtps_cpp.dir/rosidl_typesupport_fastrtps_cpp/yesense_interface/msg/detail/dds_fastrtps/three_axis__type_support.cpp.o\x1b[0m\n'}
[28.219176] (-) TimerEvent: {}
[28.277021] (yesense_interface) StdoutLine: {'line': b'[ 64%] \x1b[32mBuilding CXX object CMakeFiles/yesense_interface__rosidl_typesupport_introspection_cpp.dir/rosidl_typesupport_introspection_cpp/yesense_interface/msg/detail/attitude_min_ahrs__type_support.cpp.o\x1b[0m\n'}
[28.323523] (-) TimerEvent: {}
[28.387606] (yesense_interface) StdoutLine: {'line': b'[ 65%] \x1b[32mBuilding CXX object CMakeFiles/yesense_interface__rosidl_typesupport_cpp.dir/rosidl_typesupport_cpp/yesense_interface/msg/vel__type_support.cpp.o\x1b[0m\n'}
[28.423656] (-) TimerEvent: {}
[28.463564] (rplidar_ros) StdoutLine: {'line': b'[ 97%] \x1b[32m\x1b[1mLinking CXX executable rplidar_node\x1b[0m\n'}
[28.523802] (-) TimerEvent: {}
[28.624513] (-) TimerEvent: {}
[28.725447] (-) TimerEvent: {}
[28.752144] (yesense_interface) StdoutLine: {'line': b'[ 66%] \x1b[32mBuilding CXX object CMakeFiles/yesense_interface__rosidl_typesupport_fastrtps_cpp.dir/rosidl_typesupport_fastrtps_cpp/yesense_interface/msg/detail/dds_fastrtps/sensor_temp__type_support.cpp.o\x1b[0m\n'}
[28.828561] (-) TimerEvent: {}
[28.929120] (-) TimerEvent: {}
[28.937685] (yesense_interface) StdoutLine: {'line': b'[ 67%] \x1b[32mBuilding CXX object CMakeFiles/yesense_interface__rosidl_typesupport_fastrtps_c.dir/rosidl_typesupport_fastrtps_c/yesense_interface/msg/detail/vel__type_support_c.cpp.o\x1b[0m\n'}
[29.032525] (-) TimerEvent: {}
[29.051966] (yesense_interface) StdoutLine: {'line': b'[ 67%] \x1b[32mBuilding CXX object CMakeFiles/yesense_interface__rosidl_typesupport_cpp.dir/rosidl_typesupport_cpp/yesense_interface/msg/utc__type_support.cpp.o\x1b[0m\n'}
[29.135506] (-) TimerEvent: {}
[29.235990] (-) TimerEvent: {}
[29.334009] (yesense_interface) StdoutLine: {'line': b'[ 68%] \x1b[32mBuilding CXX object CMakeFiles/yesense_interface__rosidl_typesupport_cpp.dir/rosidl_typesupport_cpp/yesense_interface/msg/sample_timestamp__type_support.cpp.o\x1b[0m\n'}
[29.336136] (-) TimerEvent: {}
[29.367060] (rplidar_ros) StdoutLine: {'line': b'[ 97%] Built target rplidar_node\n'}
[29.393511] (yesense_interface) StdoutLine: {'line': b'[ 68%] \x1b[32mBuilding CXX object CMakeFiles/yesense_interface__rosidl_typesupport_cpp.dir/rosidl_typesupport_cpp/yesense_interface/msg/imu_data__type_support.cpp.o\x1b[0m\n'}
[29.436304] (-) TimerEvent: {}
[29.487596] (yesense_interface) StdoutLine: {'line': b'[ 68%] \x1b[32mBuilding CXX object CMakeFiles/yesense_interface__rosidl_typesupport_fastrtps_cpp.dir/rosidl_typesupport_fastrtps_cpp/yesense_interface/msg/detail/dds_fastrtps/pressure__type_support.cpp.o\x1b[0m\n'}
[29.536502] (-) TimerEvent: {}
[29.636944] (-) TimerEvent: {}
[29.737671] (-) TimerEvent: {}
[29.841737] (-) TimerEvent: {}
[29.942445] (-) TimerEvent: {}
[29.966042] (yesense_interface) StdoutLine: {'line': b'[ 69%] \x1b[32mBuilding CXX object CMakeFiles/yesense_interface__rosidl_typesupport_introspection_cpp.dir/rosidl_typesupport_introspection_cpp/yesense_interface/msg/detail/attitude_all_data__type_support.cpp.o\x1b[0m\n'}
[30.045522] (-) TimerEvent: {}
[30.087051] (rplidar_ros) StdoutLine: {'line': b'[100%] \x1b[32m\x1b[1mLinking CXX executable rplidar_client\x1b[0m\n'}
[30.122993] (yesense_interface) StdoutLine: {'line': b'[ 69%] \x1b[32mBuilding CXX object CMakeFiles/yesense_interface__rosidl_typesupport_cpp.dir/rosidl_typesupport_cpp/yesense_interface/msg/imu_data_ten_axis__type_support.cpp.o\x1b[0m\n'}
[30.145669] (-) TimerEvent: {}
[30.221262] (yesense_interface) StdoutLine: {'line': b'[ 70%] \x1b[32mBuilding CXX object CMakeFiles/yesense_interface__rosidl_typesupport_cpp.dir/rosidl_typesupport_cpp/yesense_interface/msg/euler_only__type_support.cpp.o\x1b[0m\n'}
[30.245829] (-) TimerEvent: {}
[30.346543] (-) TimerEvent: {}
[30.405571] (yesense_interface) StdoutLine: {'line': b'[ 70%] \x1b[32mBuilding CXX object CMakeFiles/yesense_interface__rosidl_typesupport_cpp.dir/rosidl_typesupport_cpp/yesense_interface/msg/robot_lord__type_support.cpp.o\x1b[0m\n'}
[30.422529] (yesense_interface) StdoutLine: {'line': b'[ 70%] \x1b[32mBuilding CXX object CMakeFiles/yesense_interface__rosidl_typesupport_introspection_cpp.dir/rosidl_typesupport_introspection_cpp/yesense_interface/msg/detail/pos_only__type_support.cpp.o\x1b[0m\n'}
[30.446673] (-) TimerEvent: {}
[30.545603] (yesense_interface) StdoutLine: {'line': b'[ 71%] \x1b[32mBuilding CXX object CMakeFiles/yesense_interface__rosidl_typesupport_fastrtps_cpp.dir/rosidl_typesupport_fastrtps_cpp/yesense_interface/msg/detail/dds_fastrtps/euler_angle__type_support.cpp.o\x1b[0m\n'}
[30.548715] (-) TimerEvent: {}
[30.649171] (-) TimerEvent: {}
[30.697800] (yesense_interface) StdoutLine: {'line': b'[ 71%] \x1b[32mBuilding CXX object CMakeFiles/yesense_interface__rosidl_typesupport_fastrtps_c.dir/rosidl_typesupport_fastrtps_c/yesense_interface/msg/detail/utc__type_support_c.cpp.o\x1b[0m\n'}
[30.748127] (yesense_interface) StdoutLine: {'line': b'[ 71%] \x1b[32mBuilding CXX object CMakeFiles/yesense_interface__rosidl_typesupport_introspection_cpp.dir/rosidl_typesupport_introspection_cpp/yesense_interface/msg/detail/nav_min__type_support.cpp.o\x1b[0m\n'}
[30.749344] (-) TimerEvent: {}
[30.853751] (-) TimerEvent: {}
[30.954545] (-) TimerEvent: {}
[31.055435] (-) TimerEvent: {}
[31.128873] (yesense_interface) StdoutLine: {'line': b'[ 71%] \x1b[32mBuilding CXX object CMakeFiles/yesense_interface__rosidl_typesupport_fastrtps_cpp.dir/rosidl_typesupport_fastrtps_cpp/yesense_interface/msg/detail/dds_fastrtps/quat__type_support.cpp.o\x1b[0m\n'}
[31.155689] (-) TimerEvent: {}
[31.256162] (-) TimerEvent: {}
[31.284605] (yesense_interface) StdoutLine: {'line': b'[ 72%] \x1b[32mBuilding CXX object CMakeFiles/yesense_interface__rosidl_typesupport_cpp.dir/rosidl_typesupport_cpp/yesense_interface/msg/attitude_min_vru__type_support.cpp.o\x1b[0m\n'}
[31.302783] (yesense_interface) StdoutLine: {'line': b'[ 72%] \x1b[32mBuilding CXX object CMakeFiles/yesense_interface__rosidl_typesupport_cpp.dir/rosidl_typesupport_cpp/yesense_interface/msg/attitude_min_ahrs__type_support.cpp.o\x1b[0m\n'}
[31.321528] (yesense_interface) StdoutLine: {'line': b'[ 73%] \x1b[32mBuilding CXX object CMakeFiles/yesense_interface__rosidl_typesupport_introspection_cpp.dir/rosidl_typesupport_introspection_cpp/yesense_interface/msg/detail/nav_min_utc__type_support.cpp.o\x1b[0m\n'}
[31.356349] (-) TimerEvent: {}
[31.456871] (-) TimerEvent: {}
[31.557374] (-) TimerEvent: {}
[31.610623] (yesense_interface) StdoutLine: {'line': b'[ 74%] \x1b[32mBuilding CXX object CMakeFiles/yesense_interface__rosidl_typesupport_fastrtps_cpp.dir/rosidl_typesupport_fastrtps_cpp/yesense_interface/msg/detail/dds_fastrtps/gnss_pos__type_support.cpp.o\x1b[0m\n'}
[31.657563] (-) TimerEvent: {}
[31.758369] (-) TimerEvent: {}
[31.861757] (-) TimerEvent: {}
[31.922262] (yesense_interface) StdoutLine: {'line': b'[ 74%] \x1b[32mBuilding CXX object CMakeFiles/yesense_interface__rosidl_typesupport_fastrtps_cpp.dir/rosidl_typesupport_fastrtps_cpp/yesense_interface/msg/detail/dds_fastrtps/nav_status__type_support.cpp.o\x1b[0m\n'}
[31.961912] (-) TimerEvent: {}
[32.002785] (yesense_interface) StdoutLine: {'line': b'[ 74%] \x1b[32mBuilding CXX object CMakeFiles/yesense_interface__rosidl_typesupport_fastrtps_c.dir/rosidl_typesupport_fastrtps_c/yesense_interface/msg/detail/sample_timestamp__type_support_c.cpp.o\x1b[0m\n'}
[32.062190] (-) TimerEvent: {}
[32.072561] (yesense_interface) StdoutLine: {'line': b'[ 74%] \x1b[32mBuilding CXX object CMakeFiles/yesense_interface__rosidl_typesupport_fastrtps_cpp.dir/rosidl_typesupport_fastrtps_cpp/yesense_interface/msg/detail/dds_fastrtps/vel__type_support.cpp.o\x1b[0m\n'}
[32.107636] (yesense_interface) StdoutLine: {'line': b'[ 74%] \x1b[32mBuilding CXX object CMakeFiles/yesense_interface__rosidl_typesupport_cpp.dir/rosidl_typesupport_cpp/yesense_interface/msg/attitude_all_data__type_support.cpp.o\x1b[0m\n'}
[32.130904] (yesense_interface) StdoutLine: {'line': b'[ 75%] \x1b[32mBuilding CXX object CMakeFiles/yesense_interface__rosidl_typesupport_fastrtps_c.dir/rosidl_typesupport_fastrtps_c/yesense_interface/msg/detail/imu_data__type_support_c.cpp.o\x1b[0m\n'}
[32.163508] (-) TimerEvent: {}
[32.180325] (yesense_interface) StdoutLine: {'line': b'[ 76%] \x1b[32mBuilding CXX object CMakeFiles/yesense_interface__rosidl_typesupport_fastrtps_cpp.dir/rosidl_typesupport_fastrtps_cpp/yesense_interface/msg/detail/dds_fastrtps/utc__type_support.cpp.o\x1b[0m\n'}
[32.267515] (-) TimerEvent: {}
[32.370534] (-) TimerEvent: {}
[32.471004] (-) TimerEvent: {}
[32.571493] (-) TimerEvent: {}
[32.671910] (-) TimerEvent: {}
[32.772723] (-) TimerEvent: {}
[32.794959] (yesense_interface) StdoutLine: {'line': b'[ 77%] \x1b[32mBuilding CXX object CMakeFiles/yesense_interface__rosidl_typesupport_cpp.dir/rosidl_typesupport_cpp/yesense_interface/msg/pos_only__type_support.cpp.o\x1b[0m\n'}
[32.856504] (yesense_interface) StdoutLine: {'line': b'[ 77%] \x1b[32mBuilding CXX object CMakeFiles/yesense_interface__rosidl_typesupport_introspection_cpp.dir/rosidl_typesupport_introspection_cpp/yesense_interface/msg/detail/nav_all__type_support.cpp.o\x1b[0m\n'}
[32.868497] (yesense_interface) StdoutLine: {'line': b'[ 77%] \x1b[32mBuilding CXX object CMakeFiles/yesense_interface__rosidl_typesupport_cpp.dir/rosidl_typesupport_cpp/yesense_interface/msg/nav_min__type_support.cpp.o\x1b[0m\n'}
[32.872854] (-) TimerEvent: {}
[32.937514] (rplidar_ros) StdoutLine: {'line': b'[100%] Built target rplidar_client\n'}
[32.973011] (-) TimerEvent: {}
[32.989085] (rplidar_ros) CommandEnded: {'returncode': 0}
[32.990376] (rplidar_ros) JobProgress: {'identifier': 'rplidar_ros', 'progress': 'install'}
[32.990865] (rplidar_ros) Command: {'cmd': ['/usr/bin/cmake', '--install', '/home/ubuntu/rb3302_final_proj_code/robot_ws/build/rplidar_ros'], 'cwd': '/home/ubuntu/rb3302_final_proj_code/robot_ws/build/rplidar_ros', 'env': OrderedDict({'USER': 'ubuntu', 'SSH_CLIENT': '10.42.0.1 50976 22', 'GZ_CONFIG_PATH': '/opt/ros/jazzy/opt/gz_sim_vendor/share/gz:/opt/ros/jazzy/opt/sdformat_vendor/share/gz:/opt/ros/jazzy/opt/gz_gui_vendor/share/gz:/opt/ros/jazzy/opt/gz_transport_vendor/share/gz:/opt/ros/jazzy/opt/gz_rendering_vendor/share/gz:/opt/ros/jazzy/opt/gz_plugin_vendor/share/gz:/opt/ros/jazzy/opt/gz_fuel_tools_vendor/share/gz:/opt/ros/jazzy/opt/gz_msgs_vendor/share/gz:/opt/ros/jazzy/opt/gz_common_vendor/share/gz', 'XDG_SESSION_TYPE': 'tty', 'SHLVL': '2', 'LD_LIBRARY_PATH': '/opt/ros/jazzy/opt/gz_sim_vendor/lib:/opt/ros/jazzy/opt/gz_sensors_vendor/lib:/opt/ros/jazzy/opt/gz_physics_vendor/lib:/opt/ros/jazzy/opt/sdformat_vendor/lib:/opt/ros/jazzy/opt/rviz_ogre_vendor/lib:/opt/ros/jazzy/lib/aarch64-linux-gnu:/opt/ros/jazzy/opt/gz_gui_vendor/lib:/opt/ros/jazzy/opt/gz_transport_vendor/lib:/opt/ros/jazzy/opt/gz_rendering_vendor/lib:/opt/ros/jazzy/opt/gz_plugin_vendor/lib:/opt/ros/jazzy/opt/gz_fuel_tools_vendor/lib:/opt/ros/jazzy/opt/gz_msgs_vendor/lib:/opt/ros/jazzy/opt/gz_common_vendor/lib:/opt/ros/jazzy/opt/gz_math_vendor/lib:/opt/ros/jazzy/opt/gz_utils_vendor/lib:/opt/ros/jazzy/opt/gz_tools_vendor/lib:/opt/ros/jazzy/opt/gz_ogre_next_vendor/lib:/opt/ros/jazzy/opt/gz_dartsim_vendor/lib:/opt/ros/jazzy/opt/gz_cmake_vendor/lib:/opt/ros/jazzy/lib', 'HOME': '/home/ubuntu', 'OLDPWD': '/home/ubuntu', 'SSH_TTY': '/dev/pts/0', 'ROS_PYTHON_VERSION': '3', 'DBUS_SESSION_BUS_ADDRESS': 'unix:path=/run/user/1000/bus', 'ROS_DISTRO': 'jazzy', 'LOGNAME': 'ubuntu', '_': '/usr/bin/colcon', 'ROS_VERSION': '2', 'XDG_SESSION_CLASS': 'user', 'TERM': 'xterm-256color', 'XDG_SESSION_ID': '1', 'PATH': '/opt/ros/jazzy/opt/gz_msgs_vendor/bin:/opt/ros/jazzy/opt/gz_tools_vendor/bin:/opt/ros/jazzy/opt/gz_ogre_next_vendor/bin:/opt/ros/jazzy/bin:/usr/local/sbin:/usr/local/bin:/usr/sbin:/usr/bin:/sbin:/bin:/usr/games:/usr/local/games:/snap/bin', 'VK_ICD_FILENAMES': '/usr/share/vulkan/icd.d/adrenovk.json', 'XDG_RUNTIME_DIR': '/run/user/1000', 'LANG': 'en_US.UTF-8', 'AMENT_PREFIX_PATH': '/opt/ros/jazzy', 'SHELL': '/bin/bash', 'ROS_AUTOMATIC_DISCOVERY_RANGE': 'SUBNET', 'PWD': '/home/ubuntu/rb3302_final_proj_code/robot_ws/build/rplidar_ros', 'QT_QPA_PLATFORM': 'wayland', 'LC_ALL': 'en_US.UTF-8', 'SSH_CONNECTION': '10.42.0.1 50976 10.42.0.126 22', 'XDG_DATA_DIRS': '/usr/local/share:/usr/share:/var/lib/snapd/desktop', 'PYTHONPATH': '/opt/ros/jazzy/lib/python3.12/site-packages', 'COLCON': '1', 'CMAKE_PREFIX_PATH': '/opt/ros/jazzy/opt/gz_sim_vendor:/opt/ros/jazzy/opt/gz_sensors_vendor:/opt/ros/jazzy/opt/gz_physics_vendor:/opt/ros/jazzy/opt/sdformat_vendor:/opt/ros/jazzy/opt/gz_gui_vendor:/opt/ros/jazzy/opt/gz_transport_vendor:/opt/ros/jazzy/opt/gz_rendering_vendor:/opt/ros/jazzy/opt/gz_plugin_vendor:/opt/ros/jazzy/opt/gz_fuel_tools_vendor:/opt/ros/jazzy/opt/gz_msgs_vendor:/opt/ros/jazzy/opt/gz_common_vendor:/opt/ros/jazzy/opt/gz_math_vendor:/opt/ros/jazzy/opt/gz_utils_vendor:/opt/ros/jazzy/opt/gz_tools_vendor:/opt/ros/jazzy/opt/gz_ogre_next_vendor:/opt/ros/jazzy/opt/gz_dartsim_vendor:/opt/ros/jazzy/opt/gz_cmake_vendor:/opt/ros/jazzy'}), 'shell': False}
[33.023111] (rplidar_ros) StdoutLine: {'line': b'-- Install configuration: ""\n'}
[33.025621] (rplidar_ros) StdoutLine: {'line': b'-- Execute custom install script\n'}
[33.025972] (rplidar_ros) StdoutLine: {'line': b'-- Symlinking: /home/ubuntu/rb3302_final_proj_code/robot_ws/install/rplidar_ros/share/rplidar_ros/launch/rplidar_launch.py\n'}
[33.062591] (rplidar_ros) StdoutLine: {'line': b'-- Symlinking: /home/ubuntu/rb3302_final_proj_code/robot_ws/install/rplidar_ros/share/rplidar_ros/rviz/rplidar_ros.rviz\n'}
[33.073163] (-) TimerEvent: {}
[33.098723] (rplidar_ros) StdoutLine: {'line': b'-- Symlinking: /home/ubuntu/rb3302_final_proj_code/robot_ws/install/rplidar_ros/lib/rplidar_ros/rplidar_node\n'}
[33.137514] (rplidar_ros) StdoutLine: {'line': b'-- Symlinking: /home/ubuntu/rb3302_final_proj_code/robot_ws/install/rplidar_ros/lib/rplidar_ros/rplidar_composition\n'}
[33.173317] (-) TimerEvent: {}
[33.173707] (rplidar_ros) StdoutLine: {'line': b'-- Symlinking: /home/ubuntu/rb3302_final_proj_code/robot_ws/install/rplidar_ros/lib/rplidar_ros/rplidar_client\n'}
[33.208566] (rplidar_ros) StdoutLine: {'line': b'-- Symlinking: /home/ubuntu/rb3302_final_proj_code/robot_ws/install/rplidar_ros/share/ament_index/resource_index/package_run_dependencies/rplidar_ros\n'}
[33.246533] (rplidar_ros) StdoutLine: {'line': b'-- Symlinking: /home/ubuntu/rb3302_final_proj_code/robot_ws/install/rplidar_ros/share/ament_index/resource_index/parent_prefix_path/rplidar_ros\n'}
[33.270519] (rplidar_ros) StdoutLine: {'line': b'-- Symlinking: /home/ubuntu/rb3302_final_proj_code/robot_ws/install/rplidar_ros/share/rplidar_ros/environment/ament_prefix_path.sh\n'}
[33.273653] (-) TimerEvent: {}
[33.298534] (yesense_interface) StdoutLine: {'line': b'[ 77%] \x1b[32mBuilding CXX object CMakeFiles/yesense_interface__rosidl_typesupport_fastrtps_c.dir/rosidl_typesupport_fastrtps_c/yesense_interface/msg/detail/imu_data_ten_axis__type_support_c.cpp.o\x1b[0m\n'}
[33.303775] (rplidar_ros) StdoutLine: {'line': b'-- Symlinking: /home/ubuntu/rb3302_final_proj_code/robot_ws/install/rplidar_ros/share/rplidar_ros/environment/ament_prefix_path.dsv\n'}
[33.321088] (yesense_interface) StdoutLine: {'line': b'[ 77%] \x1b[32mBuilding CXX object CMakeFiles/yesense_interface__rosidl_typesupport_fastrtps_cpp.dir/rosidl_typesupport_fastrtps_cpp/yesense_interface/msg/detail/dds_fastrtps/sample_timestamp__type_support.cpp.o\x1b[0m\n'}
[33.344089] (rplidar_ros) StdoutLine: {'line': b'-- Symlinking: /home/ubuntu/rb3302_final_proj_code/robot_ws/install/rplidar_ros/share/rplidar_ros/environment/path.sh\n'}
[33.364766] (rplidar_ros) StdoutLine: {'line': b'-- Symlinking: /home/ubuntu/rb3302_final_proj_code/robot_ws/install/rplidar_ros/share/rplidar_ros/environment/path.dsv\n'}
[33.373784] (-) TimerEvent: {}
[33.384692] (rplidar_ros) StdoutLine: {'line': b'-- Symlinking: /home/ubuntu/rb3302_final_proj_code/robot_ws/install/rplidar_ros/share/rplidar_ros/local_setup.bash\n'}
[33.402448] (rplidar_ros) StdoutLine: {'line': b'-- Symlinking: /home/ubuntu/rb3302_final_proj_code/robot_ws/install/rplidar_ros/share/rplidar_ros/local_setup.sh\n'}
[33.420529] (rplidar_ros) StdoutLine: {'line': b'-- Symlinking: /home/ubuntu/rb3302_final_proj_code/robot_ws/install/rplidar_ros/share/rplidar_ros/local_setup.zsh\n'}
[33.420957] (yesense_interface) StdoutLine: {'line': b'[ 78%] \x1b[32mBuilding CXX object CMakeFiles/yesense_interface__rosidl_typesupport_fastrtps_c.dir/rosidl_typesupport_fastrtps_c/yesense_interface/msg/detail/euler_only__type_support_c.cpp.o\x1b[0m\n'}
[33.439723] (rplidar_ros) StdoutLine: {'line': b'-- Symlinking: /home/ubuntu/rb3302_final_proj_code/robot_ws/install/rplidar_ros/share/rplidar_ros/local_setup.dsv\n'}
[33.458550] (rplidar_ros) StdoutLine: {'line': b'-- Symlinking: /home/ubuntu/rb3302_final_proj_code/robot_ws/install/rplidar_ros/share/rplidar_ros/package.dsv\n'}
[33.474570] (-) TimerEvent: {}
[33.476411] (rplidar_ros) StdoutLine: {'line': b'-- Symlinking: /home/ubuntu/rb3302_final_proj_code/robot_ws/install/rplidar_ros/share/ament_index/resource_index/packages/rplidar_ros\n'}
[33.495060] (rplidar_ros) StdoutLine: {'line': b'-- Symlinking: /home/ubuntu/rb3302_final_proj_code/robot_ws/install/rplidar_ros/share/rplidar_ros/cmake/ament_cmake_export_dependencies-extras.cmake\n'}
[33.513208] (rplidar_ros) StdoutLine: {'line': b'-- Symlinking: /home/ubuntu/rb3302_final_proj_code/robot_ws/install/rplidar_ros/share/rplidar_ros/cmake/ament_cmake_export_include_directories-extras.cmake\n'}
[33.537594] (rplidar_ros) StdoutLine: {'line': b'-- Symlinking: /home/ubuntu/rb3302_final_proj_code/robot_ws/install/rplidar_ros/share/rplidar_ros/cmake/rplidar_rosConfig.cmake\n'}
[33.556163] (rplidar_ros) StdoutLine: {'line': b'-- Symlinking: /home/ubuntu/rb3302_final_proj_code/robot_ws/install/rplidar_ros/share/rplidar_ros/cmake/rplidar_rosConfig-version.cmake\n'}
[33.574600] (rplidar_ros) StdoutLine: {'line': b'-- Symlinking: /home/ubuntu/rb3302_final_proj_code/robot_ws/install/rplidar_ros/share/rplidar_ros/package.xml\n'}
[33.574934] (-) TimerEvent: {}
[33.580345] (yesense_interface) StdoutLine: {'line': b'[ 79%] \x1b[32mBuilding CXX object CMakeFiles/yesense_interface__rosidl_typesupport_cpp.dir/rosidl_typesupport_cpp/yesense_interface/msg/nav_min_utc__type_support.cpp.o\x1b[0m\n'}
[33.609252] (rplidar_ros) CommandEnded: {'returncode': 0}
[33.645611] (rplidar_ros) JobEnded: {'identifier': 'rplidar_ros', 'rc': 0}
[33.660359] (yesense_interface) StdoutLine: {'line': b'[ 80%] \x1b[32m\x1b[1mLinking CXX shared library libyesense_interface__rosidl_typesupport_introspection_cpp.so\x1b[0m\n'}
[33.675144] (-) TimerEvent: {}
[33.775824] (-) TimerEvent: {}
[33.798542] (yesense_interface) StdoutLine: {'line': b'[ 80%] Built target yesense_interface__rosidl_typesupport_introspection_cpp\n'}
[33.816353] (yesense_interface) StdoutLine: {'line': b'[ 81%] \x1b[32mBuilding CXX object CMakeFiles/yesense_interface__rosidl_typesupport_fastrtps_cpp.dir/rosidl_typesupport_fastrtps_cpp/yesense_interface/msg/detail/dds_fastrtps/imu_data__type_support.cpp.o\x1b[0m\n'}
[33.875967] (-) TimerEvent: {}
[33.976683] (-) TimerEvent: {}
[34.077450] (-) TimerEvent: {}
[34.178181] (-) TimerEvent: {}
[34.234126] (yesense_interface) StdoutLine: {'line': b'[ 81%] \x1b[32mBuilding CXX object CMakeFiles/yesense_interface__rosidl_typesupport_fastrtps_c.dir/rosidl_typesupport_fastrtps_c/yesense_interface/msg/detail/robot_lord__type_support_c.cpp.o\x1b[0m\n'}
[34.278535] (-) TimerEvent: {}
[34.289041] (yesense_interface) StdoutLine: {'line': b'[ 81%] \x1b[32mBuilding CXX object CMakeFiles/yesense_interface__rosidl_typesupport_fastrtps_cpp.dir/rosidl_typesupport_fastrtps_cpp/yesense_interface/msg/detail/dds_fastrtps/imu_data_ten_axis__type_support.cpp.o\x1b[0m\n'}
[34.324929] (yesense_interface) StdoutLine: {'line': b'[ 81%] \x1b[32mBuilding CXX object CMakeFiles/yesense_interface__rosidl_typesupport_cpp.dir/rosidl_typesupport_cpp/yesense_interface/msg/nav_all__type_support.cpp.o\x1b[0m\n'}
[34.378662] (-) TimerEvent: {}
[34.480857] (-) TimerEvent: {}
[34.581569] (-) TimerEvent: {}
[34.682297] (-) TimerEvent: {}
[34.742603] (yesense_interface) StdoutLine: {'line': b'[ 81%] \x1b[32mBuilding CXX object CMakeFiles/yesense_interface__rosidl_typesupport_fastrtps_c.dir/rosidl_typesupport_fastrtps_c/yesense_interface/msg/detail/attitude_min_vru__type_support_c.cpp.o\x1b[0m\n'}
[34.751427] (yesense_interface) StdoutLine: {'line': b'[ 82%] \x1b[32mBuilding CXX object CMakeFiles/yesense_interface__rosidl_typesupport_fastrtps_c.dir/rosidl_typesupport_fastrtps_c/yesense_interface/msg/detail/attitude_min_ahrs__type_support_c.cpp.o\x1b[0m\n'}
[34.782512] (-) TimerEvent: {}
[34.866176] (yesense_interface) StdoutLine: {'line': b'[ 82%] \x1b[32mBuilding CXX object CMakeFiles/yesense_interface__rosidl_typesupport_fastrtps_c.dir/rosidl_typesupport_fastrtps_c/yesense_interface/msg/detail/attitude_all_data__type_support_c.cpp.o\x1b[0m\n'}
[34.882658] (-) TimerEvent: {}
[34.903783] (yesense_interface) StdoutLine: {'line': b'[ 83%] \x1b[32mBuilding CXX object CMakeFiles/yesense_interface__rosidl_typesupport_fastrtps_c.dir/rosidl_typesupport_fastrtps_c/yesense_interface/msg/detail/pos_only__type_support_c.cpp.o\x1b[0m\n'}
[34.948924] (yesense_interface) StdoutLine: {'line': b'[ 83%] \x1b[32m\x1b[1mLinking CXX shared library libyesense_interface__rosidl_typesupport_cpp.so\x1b[0m\n'}
[34.984513] (-) TimerEvent: {}
[35.028611] (yesense_interface) StdoutLine: {'line': b'[ 83%] Built target yesense_interface__rosidl_typesupport_cpp\n'}
[35.044173] (yesense_interface) StdoutLine: {'line': b'[ 83%] \x1b[32mBuilding CXX object CMakeFiles/yesense_interface__rosidl_typesupport_fastrtps_c.dir/rosidl_typesupport_fastrtps_c/yesense_interface/msg/detail/nav_min__type_support_c.cpp.o\x1b[0m\n'}
[35.084664] (-) TimerEvent: {}
[35.136333] (yesense_interface) StdoutLine: {'line': b'[ 83%] \x1b[32mBuilding CXX object CMakeFiles/yesense_interface__rosidl_typesupport_fastrtps_cpp.dir/rosidl_typesupport_fastrtps_cpp/yesense_interface/msg/detail/dds_fastrtps/euler_only__type_support.cpp.o\x1b[0m\n'}
[35.185538] (-) TimerEvent: {}
[35.214635] (yesense_interface) StdoutLine: {'line': b'[ 83%] \x1b[32mBuilding CXX object CMakeFiles/yesense_interface__rosidl_typesupport_fastrtps_c.dir/rosidl_typesupport_fastrtps_c/yesense_interface/msg/detail/nav_min_utc__type_support_c.cpp.o\x1b[0m\n'}
[35.287524] (-) TimerEvent: {}
[35.387979] (-) TimerEvent: {}
[35.488660] (-) TimerEvent: {}
[35.589354] (-) TimerEvent: {}
[35.646892] (yesense_interface) StdoutLine: {'line': b'[ 84%] \x1b[32mBuilding CXX object CMakeFiles/yesense_interface__rosidl_typesupport_fastrtps_cpp.dir/rosidl_typesupport_fastrtps_cpp/yesense_interface/msg/detail/dds_fastrtps/robot_lord__type_support.cpp.o\x1b[0m\n'}
[35.689517] (-) TimerEvent: {}
[35.790230] (-) TimerEvent: {}
[35.893746] (-) TimerEvent: {}
[35.925609] (yesense_interface) StdoutLine: {'line': b'[ 84%] \x1b[32mBuilding CXX object CMakeFiles/yesense_interface__rosidl_typesupport_fastrtps_cpp.dir/rosidl_typesupport_fastrtps_cpp/yesense_interface/msg/detail/dds_fastrtps/attitude_min_vru__type_support.cpp.o\x1b[0m\n'}
[35.940707] (yesense_interface) StdoutLine: {'line': b'[ 85%] \x1b[32mBuilding CXX object CMakeFiles/yesense_interface__rosidl_typesupport_fastrtps_cpp.dir/rosidl_typesupport_fastrtps_cpp/yesense_interface/msg/detail/dds_fastrtps/attitude_min_ahrs__type_support.cpp.o\x1b[0m\n'}
[35.993906] (-) TimerEvent: {}
[36.053344] (yesense_interface) StdoutLine: {'line': b'[ 85%] \x1b[32mBuilding CXX object CMakeFiles/yesense_interface__rosidl_typesupport_fastrtps_cpp.dir/rosidl_typesupport_fastrtps_cpp/yesense_interface/msg/detail/dds_fastrtps/attitude_all_data__type_support.cpp.o\x1b[0m\n'}
[36.095507] (-) TimerEvent: {}
[36.171699] (yesense_interface) StdoutLine: {'line': b'[ 86%] \x1b[32mBuilding CXX object CMakeFiles/yesense_interface__rosidl_typesupport_fastrtps_c.dir/rosidl_typesupport_fastrtps_c/yesense_interface/msg/detail/nav_all__type_support_c.cpp.o\x1b[0m\n'}
[36.195658] (-) TimerEvent: {}
[36.297735] (-) TimerEvent: {}
[36.398447] (-) TimerEvent: {}
[36.501515] (-) TimerEvent: {}
[36.601979] (-) TimerEvent: {}
[36.605525] (yesense_interface) StdoutLine: {'line': b'[ 86%] \x1b[32mBuilding CXX object CMakeFiles/yesense_interface__rosidl_typesupport_fastrtps_cpp.dir/rosidl_typesupport_fastrtps_cpp/yesense_interface/msg/detail/dds_fastrtps/pos_only__type_support.cpp.o\x1b[0m\n'}
[36.702150] (-) TimerEvent: {}
[36.802631] (-) TimerEvent: {}
[36.816338] (yesense_interface) StdoutLine: {'line': b'[ 87%] \x1b[32mBuilding CXX object CMakeFiles/yesense_interface__rosidl_typesupport_fastrtps_cpp.dir/rosidl_typesupport_fastrtps_cpp/yesense_interface/msg/detail/dds_fastrtps/nav_min__type_support.cpp.o\x1b[0m\n'}
[36.861496] (yesense_interface) StdoutLine: {'line': b'[ 87%] \x1b[32mBuilding CXX object CMakeFiles/yesense_interface__rosidl_typesupport_fastrtps_cpp.dir/rosidl_typesupport_fastrtps_cpp/yesense_interface/msg/detail/dds_fastrtps/nav_min_utc__type_support.cpp.o\x1b[0m\n'}
[36.902769] (-) TimerEvent: {}
[37.003218] (-) TimerEvent: {}
[37.021573] (yesense_interface) StdoutLine: {'line': b'[ 88%] \x1b[32mBuilding CXX object CMakeFiles/yesense_interface__rosidl_typesupport_fastrtps_cpp.dir/rosidl_typesupport_fastrtps_cpp/yesense_interface/msg/detail/dds_fastrtps/nav_all__type_support.cpp.o\x1b[0m\n'}
[37.103417] (-) TimerEvent: {}
[37.204075] (-) TimerEvent: {}
[37.307696] (-) TimerEvent: {}
[37.408280] (-) TimerEvent: {}
[37.509931] (-) TimerEvent: {}
[37.611096] (-) TimerEvent: {}
[37.712512] (-) TimerEvent: {}
[37.813553] (-) TimerEvent: {}
[37.914870] (-) TimerEvent: {}
[37.929719] (yesense_interface) StdoutLine: {'line': b'[ 88%] \x1b[32m\x1b[1mLinking CXX shared library libyesense_interface__rosidl_typesupport_fastrtps_c.so\x1b[0m\n'}
[37.943955] (yesense_interface) StdoutLine: {'line': b'[ 88%] \x1b[32m\x1b[1mLinking CXX shared library libyesense_interface__rosidl_typesupport_fastrtps_cpp.so\x1b[0m\n'}
[38.015366] (-) TimerEvent: {}
[38.053003] (yesense_interface) StdoutLine: {'line': b'[ 88%] Built target yesense_interface__rosidl_typesupport_fastrtps_cpp\n'}
[38.074045] (yesense_interface) StdoutLine: {'line': b'[ 88%] Built target yesense_interface__rosidl_typesupport_fastrtps_c\n'}
[38.115719] (-) TimerEvent: {}
[38.132836] (yesense_interface) StdoutLine: {'line': b'[ 88%] Built target yesense_interface\n'}
[38.181960] (yesense_interface) StdoutLine: {'line': b'[ 88%] \x1b[34m\x1b[1mGenerating Python code for ROS interfaces\x1b[0m\n'}
[38.216266] (-) TimerEvent: {}
[38.317519] (-) TimerEvent: {}
[38.418847] (-) TimerEvent: {}
[38.520131] (-) TimerEvent: {}
[38.621507] (-) TimerEvent: {}
[38.722587] (-) TimerEvent: {}
[38.824023] (-) TimerEvent: {}
[38.925464] (-) TimerEvent: {}
[39.026886] (-) TimerEvent: {}
[39.128134] (-) TimerEvent: {}
[39.229150] (-) TimerEvent: {}
[39.330462] (-) TimerEvent: {}
[39.431829] (-) TimerEvent: {}
[39.533053] (-) TimerEvent: {}
[39.634527] (-) TimerEvent: {}
[39.735941] (-) TimerEvent: {}
[39.837352] (-) TimerEvent: {}
[39.938669] (-) TimerEvent: {}
[40.039977] (-) TimerEvent: {}
[40.141323] (-) TimerEvent: {}
[40.243778] (-) TimerEvent: {}
[40.344605] (-) TimerEvent: {}
[40.388793] (yesense_interface) StdoutLine: {'line': b'[ 88%] Built target yesense_interface__py\n'}
[40.444867] (-) TimerEvent: {}
[40.458029] (yesense_interface) StdoutLine: {'line': b'[ 88%] \x1b[32mBuilding C object CMakeFiles/yesense_interface__rosidl_generator_py.dir/rosidl_generator_py/yesense_interface/msg/_tid_s.c.o\x1b[0m\n'}
[40.458364] (yesense_interface) StdoutLine: {'line': b'[ 88%] \x1b[32mBuilding C object CMakeFiles/yesense_interface__rosidl_generator_py.dir/rosidl_generator_py/yesense_interface/msg/_euler_angle_s.c.o\x1b[0m\n'}
[40.458727] (yesense_interface) StdoutLine: {'line': b'[ 88%] \x1b[32mBuilding C object CMakeFiles/yesense_interface__rosidl_generator_py.dir/rosidl_generator_py/yesense_interface/msg/_sensor_temp_s.c.o\x1b[0m\n'}
[40.461376] (yesense_interface) StdoutLine: {'line': b'[ 88%] \x1b[32mBuilding C object CMakeFiles/yesense_interface__rosidl_generator_py.dir/rosidl_generator_py/yesense_interface/msg/_gnss_pos_s.c.o\x1b[0m\n'}
[40.477854] (yesense_interface) StdoutLine: {'line': b'[ 89%] \x1b[32mBuilding C object CMakeFiles/yesense_interface__rosidl_generator_py.dir/rosidl_generator_py/yesense_interface/msg/_three_axis_s.c.o\x1b[0m\n'}
[40.486646] (yesense_interface) StdoutLine: {'line': b'[ 91%] \x1b[32mBuilding C object CMakeFiles/yesense_interface__rosidl_generator_py.dir/rosidl_generator_py/yesense_interface/msg/_pressure_s.c.o\x1b[0m\n'}
[40.487643] (yesense_interface) StdoutLine: {'line': b'[ 91%] \x1b[32mBuilding C object CMakeFiles/yesense_interface__rosidl_generator_py.dir/rosidl_generator_py/yesense_interface/msg/_quat_s.c.o\x1b[0m\n'}
[40.490626] (yesense_interface) StdoutLine: {'line': b'[ 91%] \x1b[32mBuilding C object CMakeFiles/yesense_interface__rosidl_generator_py.dir/rosidl_generator_py/yesense_interface/msg/_nav_status_s.c.o\x1b[0m\n'}
[40.545005] (-) TimerEvent: {}
[40.646501] (-) TimerEvent: {}
[40.725494] (yesense_interface) StdoutLine: {'line': b'[ 92%] \x1b[32mBuilding C object CMakeFiles/yesense_interface__rosidl_generator_py.dir/rosidl_generator_py/yesense_interface/msg/_vel_s.c.o\x1b[0m\n'}
[40.728294] (yesense_interface) StdoutLine: {'line': b'[ 92%] \x1b[32mBuilding C object CMakeFiles/yesense_interface__rosidl_generator_py.dir/rosidl_generator_py/yesense_interface/msg/_utc_s.c.o\x1b[0m\n'}
[40.730507] (yesense_interface) StdoutLine: {'line': b'[ 93%] \x1b[32mBuilding C object CMakeFiles/yesense_interface__rosidl_generator_py.dir/rosidl_generator_py/yesense_interface/msg/_sample_timestamp_s.c.o\x1b[0m\n'}
[40.747563] (-) TimerEvent: {}
[40.778753] (yesense_interface) StdoutLine: {'line': b'[ 93%] \x1b[32mBuilding C object CMakeFiles/yesense_interface__rosidl_generator_py.dir/rosidl_generator_py/yesense_interface/msg/_imu_data_s.c.o\x1b[0m\n'}
[40.783708] (yesense_interface) StdoutLine: {'line': b'[ 93%] \x1b[32mBuilding C object CMakeFiles/yesense_interface__rosidl_generator_py.dir/rosidl_generator_py/yesense_interface/msg/_imu_data_ten_axis_s.c.o\x1b[0m\n'}
[40.815828] (yesense_interface) StdoutLine: {'line': b'[ 94%] \x1b[32mBuilding C object CMakeFiles/yesense_interface__rosidl_generator_py.dir/rosidl_generator_py/yesense_interface/msg/_euler_only_s.c.o\x1b[0m\n'}
[40.831691] (yesense_interface) StdoutLine: {'line': b'[ 94%] \x1b[32mBuilding C object CMakeFiles/yesense_interface__rosidl_generator_py.dir/rosidl_generator_py/yesense_interface/msg/_robot_lord_s.c.o\x1b[0m\n'}
[40.847717] (-) TimerEvent: {}
[40.891592] (yesense_interface) StdoutLine: {'line': b'[ 95%] \x1b[32mBuilding C object CMakeFiles/yesense_interface__rosidl_generator_py.dir/rosidl_generator_py/yesense_interface/msg/_attitude_min_vru_s.c.o\x1b[0m\n'}
[40.920582] (yesense_interface) StdoutLine: {'line': b'[ 95%] \x1b[32mBuilding C object CMakeFiles/yesense_interface__rosidl_generator_py.dir/rosidl_generator_py/yesense_interface/msg/_attitude_min_ahrs_s.c.o\x1b[0m\n'}
[40.950626] (-) TimerEvent: {}
[40.953561] (yesense_interface) StdoutLine: {'line': b'[ 95%] \x1b[32mBuilding C object CMakeFiles/yesense_interface__rosidl_generator_py.dir/rosidl_generator_py/yesense_interface/msg/_attitude_all_data_s.c.o\x1b[0m\n'}
[40.965497] (yesense_interface) StdoutLine: {'line': b'[ 96%] \x1b[32mBuilding C object CMakeFiles/yesense_interface__rosidl_generator_py.dir/rosidl_generator_py/yesense_interface/msg/_pos_only_s.c.o\x1b[0m\n'}
[41.016037] (yesense_interface) StdoutLine: {'line': b'[ 96%] \x1b[32mBuilding C object CMakeFiles/yesense_interface__rosidl_generator_py.dir/rosidl_generator_py/yesense_interface/msg/_nav_min_s.c.o\x1b[0m\n'}
[41.050779] (-) TimerEvent: {}
[41.075625] (yesense_interface) StdoutLine: {'line': b'[ 97%] \x1b[32mBuilding C object CMakeFiles/yesense_interface__rosidl_generator_py.dir/rosidl_generator_py/yesense_interface/msg/_nav_min_utc_s.c.o\x1b[0m\n'}
[41.079541] (yesense_interface) StdoutLine: {'line': b'[ 97%] \x1b[32mBuilding C object CMakeFiles/yesense_interface__rosidl_generator_py.dir/rosidl_generator_py/yesense_interface/msg/_nav_all_s.c.o\x1b[0m\n'}
[41.151052] (-) TimerEvent: {}
[41.251963] (-) TimerEvent: {}
[41.353098] (-) TimerEvent: {}
[41.371268] (yesense_interface) StdoutLine: {'line': b'[ 97%] \x1b[32m\x1b[1mLinking C shared library libyesense_interface__rosidl_generator_py.so\x1b[0m\n'}
[41.453322] (-) TimerEvent: {}
[41.467680] (yesense_interface) StdoutLine: {'line': b'[ 97%] Built target yesense_interface__rosidl_generator_py\n'}
[41.523188] (yesense_interface) StdoutLine: {'line': b'[ 97%] \x1b[32mBuilding C object CMakeFiles/yesense_interface_s__rosidl_typesupport_c.dir/rosidl_generator_py/yesense_interface/_yesense_interface_s.ep.rosidl_typesupport_c.c.o\x1b[0m\n'}
[41.524064] (yesense_interface) StdoutLine: {'line': b'[ 97%] \x1b[32mBuilding C object CMakeFiles/yesense_interface_s__rosidl_typesupport_introspection_c.dir/rosidl_generator_py/yesense_interface/_yesense_interface_s.ep.rosidl_typesupport_introspection_c.c.o\x1b[0m\n'}
[41.549884] (yesense_interface) StdoutLine: {'line': b'[ 97%] \x1b[32mBuilding C object CMakeFiles/yesense_interface_s__rosidl_typesupport_fastrtps_c.dir/rosidl_generator_py/yesense_interface/_yesense_interface_s.ep.rosidl_typesupport_fastrtps_c.c.o\x1b[0m\n'}
[41.553532] (-) TimerEvent: {}
[41.654751] (-) TimerEvent: {}
[41.756291] (-) TimerEvent: {}
[41.804597] (yesense_interface) StdoutLine: {'line': b'[ 98%] \x1b[32m\x1b[1mLinking C shared module rosidl_generator_py/yesense_interface/yesense_interface_s__rosidl_typesupport_introspection_c.so\x1b[0m\n'}
[41.823696] (yesense_interface) StdoutLine: {'line': b'[ 99%] \x1b[32m\x1b[1mLinking C shared module rosidl_generator_py/yesense_interface/yesense_interface_s__rosidl_typesupport_c.so\x1b[0m\n'}
[41.856457] (-) TimerEvent: {}
[41.856862] (yesense_interface) StdoutLine: {'line': b'[100%] \x1b[32m\x1b[1mLinking C shared module rosidl_generator_py/yesense_interface/yesense_interface_s__rosidl_typesupport_fastrtps_c.so\x1b[0m\n'}
[41.904805] (yesense_interface) StdoutLine: {'line': b'[100%] Built target yesense_interface_s__rosidl_typesupport_introspection_c\n'}
[41.925085] (yesense_interface) StdoutLine: {'line': b'[100%] Built target yesense_interface_s__rosidl_typesupport_c\n'}
[41.932219] (yesense_interface) StdoutLine: {'line': b'[100%] Built target yesense_interface_s__rosidl_typesupport_fastrtps_c\n'}
[41.956731] (-) TimerEvent: {}
[41.979681] (yesense_interface) CommandEnded: {'returncode': 0}
[41.983361] (yesense_interface) JobProgress: {'identifier': 'yesense_interface', 'progress': 'install'}
[41.988280] (yesense_interface) Command: {'cmd': ['/usr/bin/cmake', '--install', '/home/ubuntu/rb3302_final_proj_code/robot_ws/build/yesense_interface'], 'cwd': '/home/ubuntu/rb3302_final_proj_code/robot_ws/build/yesense_interface', 'env': OrderedDict({'USER': 'ubuntu', 'SSH_CLIENT': '10.42.0.1 50976 22', 'GZ_CONFIG_PATH': '/opt/ros/jazzy/opt/gz_sim_vendor/share/gz:/opt/ros/jazzy/opt/sdformat_vendor/share/gz:/opt/ros/jazzy/opt/gz_gui_vendor/share/gz:/opt/ros/jazzy/opt/gz_transport_vendor/share/gz:/opt/ros/jazzy/opt/gz_rendering_vendor/share/gz:/opt/ros/jazzy/opt/gz_plugin_vendor/share/gz:/opt/ros/jazzy/opt/gz_fuel_tools_vendor/share/gz:/opt/ros/jazzy/opt/gz_msgs_vendor/share/gz:/opt/ros/jazzy/opt/gz_common_vendor/share/gz', 'XDG_SESSION_TYPE': 'tty', 'SHLVL': '2', 'LD_LIBRARY_PATH': '/opt/ros/jazzy/opt/gz_sim_vendor/lib:/opt/ros/jazzy/opt/gz_sensors_vendor/lib:/opt/ros/jazzy/opt/gz_physics_vendor/lib:/opt/ros/jazzy/opt/sdformat_vendor/lib:/opt/ros/jazzy/opt/rviz_ogre_vendor/lib:/opt/ros/jazzy/lib/aarch64-linux-gnu:/opt/ros/jazzy/opt/gz_gui_vendor/lib:/opt/ros/jazzy/opt/gz_transport_vendor/lib:/opt/ros/jazzy/opt/gz_rendering_vendor/lib:/opt/ros/jazzy/opt/gz_plugin_vendor/lib:/opt/ros/jazzy/opt/gz_fuel_tools_vendor/lib:/opt/ros/jazzy/opt/gz_msgs_vendor/lib:/opt/ros/jazzy/opt/gz_common_vendor/lib:/opt/ros/jazzy/opt/gz_math_vendor/lib:/opt/ros/jazzy/opt/gz_utils_vendor/lib:/opt/ros/jazzy/opt/gz_tools_vendor/lib:/opt/ros/jazzy/opt/gz_ogre_next_vendor/lib:/opt/ros/jazzy/opt/gz_dartsim_vendor/lib:/opt/ros/jazzy/opt/gz_cmake_vendor/lib:/opt/ros/jazzy/lib', 'HOME': '/home/ubuntu', 'OLDPWD': '/home/ubuntu', 'SSH_TTY': '/dev/pts/0', 'ROS_PYTHON_VERSION': '3', 'DBUS_SESSION_BUS_ADDRESS': 'unix:path=/run/user/1000/bus', 'ROS_DISTRO': 'jazzy', 'LOGNAME': 'ubuntu', '_': '/usr/bin/colcon', 'ROS_VERSION': '2', 'XDG_SESSION_CLASS': 'user', 'TERM': 'xterm-256color', 'XDG_SESSION_ID': '1', 'PATH': '/opt/ros/jazzy/opt/gz_msgs_vendor/bin:/opt/ros/jazzy/opt/gz_tools_vendor/bin:/opt/ros/jazzy/opt/gz_ogre_next_vendor/bin:/opt/ros/jazzy/bin:/usr/local/sbin:/usr/local/bin:/usr/sbin:/usr/bin:/sbin:/bin:/usr/games:/usr/local/games:/snap/bin', 'VK_ICD_FILENAMES': '/usr/share/vulkan/icd.d/adrenovk.json', 'XDG_RUNTIME_DIR': '/run/user/1000', 'LANG': 'en_US.UTF-8', 'AMENT_PREFIX_PATH': '/opt/ros/jazzy', 'SHELL': '/bin/bash', 'ROS_AUTOMATIC_DISCOVERY_RANGE': 'SUBNET', 'PWD': '/home/ubuntu/rb3302_final_proj_code/robot_ws/build/yesense_interface', 'QT_QPA_PLATFORM': 'wayland', 'LC_ALL': 'en_US.UTF-8', 'SSH_CONNECTION': '10.42.0.1 50976 10.42.0.126 22', 'XDG_DATA_DIRS': '/usr/local/share:/usr/share:/var/lib/snapd/desktop', 'PYTHONPATH': '/opt/ros/jazzy/lib/python3.12/site-packages', 'COLCON': '1', 'CMAKE_PREFIX_PATH': '/opt/ros/jazzy/opt/gz_sim_vendor:/opt/ros/jazzy/opt/gz_sensors_vendor:/opt/ros/jazzy/opt/gz_physics_vendor:/opt/ros/jazzy/opt/sdformat_vendor:/opt/ros/jazzy/opt/gz_gui_vendor:/opt/ros/jazzy/opt/gz_transport_vendor:/opt/ros/jazzy/opt/gz_rendering_vendor:/opt/ros/jazzy/opt/gz_plugin_vendor:/opt/ros/jazzy/opt/gz_fuel_tools_vendor:/opt/ros/jazzy/opt/gz_msgs_vendor:/opt/ros/jazzy/opt/gz_common_vendor:/opt/ros/jazzy/opt/gz_math_vendor:/opt/ros/jazzy/opt/gz_utils_vendor:/opt/ros/jazzy/opt/gz_tools_vendor:/opt/ros/jazzy/opt/gz_ogre_next_vendor:/opt/ros/jazzy/opt/gz_dartsim_vendor:/opt/ros/jazzy/opt/gz_cmake_vendor:/opt/ros/jazzy'}), 'shell': False}
[42.004941] (yesense_interface) StdoutLine: {'line': b'-- Install configuration: ""\n'}
[42.006757] (yesense_interface) StdoutLine: {'line': b'-- Execute custom install script\n'}
[42.007900] (yesense_interface) StdoutLine: {'line': b'-- Symlinking: /home/ubuntu/rb3302_final_proj_code/robot_ws/install/yesense_interface/share/ament_index/resource_index/rosidl_interfaces/yesense_interface\n'}
[42.022512] (yesense_interface) StdoutLine: {'line': b'-- Symlinking: /home/ubuntu/rb3302_final_proj_code/robot_ws/install/yesense_interface/share/yesense_interface/msg/Tid.json\n'}
[42.039808] (yesense_interface) StdoutLine: {'line': b'-- Symlinking: /home/ubuntu/rb3302_final_proj_code/robot_ws/install/yesense_interface/share/yesense_interface/msg/ThreeAxis.json\n'}
[42.057105] (-) TimerEvent: {}
[42.078343] (yesense_interface) StdoutLine: {'line': b'-- Symlinking: /home/ubuntu/rb3302_final_proj_code/robot_ws/install/yesense_interface/share/yesense_interface/msg/SensorTemp.json\n'}
[42.096804] (yesense_interface) StdoutLine: {'line': b'-- Symlinking: /home/ubuntu/rb3302_final_proj_code/robot_ws/install/yesense_interface/share/yesense_interface/msg/Pressure.json\n'}
[42.115500] (yesense_interface) StdoutLine: {'line': b'-- Symlinking: /home/ubuntu/rb3302_final_proj_code/robot_ws/install/yesense_interface/share/yesense_interface/msg/EulerAngle.json\n'}
[42.135031] (yesense_interface) StdoutLine: {'line': b'-- Symlinking: /home/ubuntu/rb3302_final_proj_code/robot_ws/install/yesense_interface/share/yesense_interface/msg/Quat.json\n'}
[42.155280] (yesense_interface) StdoutLine: {'line': b'-- Symlinking: /home/ubuntu/rb3302_final_proj_code/robot_ws/install/yesense_interface/share/yesense_interface/msg/GnssPos.json\n'}
[42.157304] (-) TimerEvent: {}
[42.176539] (yesense_interface) StdoutLine: {'line': b'-- Symlinking: /home/ubuntu/rb3302_final_proj_code/robot_ws/install/yesense_interface/share/yesense_interface/msg/NavStatus.json\n'}
[42.198611] (yesense_interface) StdoutLine: {'line': b'-- Symlinking: /home/ubuntu/rb3302_final_proj_code/robot_ws/install/yesense_interface/share/yesense_interface/msg/Vel.json\n'}
[42.221021] (yesense_interface) StdoutLine: {'line': b'-- Symlinking: /home/ubuntu/rb3302_final_proj_code/robot_ws/install/yesense_interface/share/yesense_interface/msg/Utc.json\n'}
[42.243561] (yesense_interface) StdoutLine: {'line': b'-- Symlinking: /home/ubuntu/rb3302_final_proj_code/robot_ws/install/yesense_interface/share/yesense_interface/msg/SampleTimestamp.json\n'}
[42.257959] (-) TimerEvent: {}
[42.265352] (yesense_interface) StdoutLine: {'line': b'-- Symlinking: /home/ubuntu/rb3302_final_proj_code/robot_ws/install/yesense_interface/share/yesense_interface/msg/ImuData.json\n'}
[42.288094] (yesense_interface) StdoutLine: {'line': b'-- Symlinking: /home/ubuntu/rb3302_final_proj_code/robot_ws/install/yesense_interface/share/yesense_interface/msg/ImuDataTenAxis.json\n'}
[42.313465] (yesense_interface) StdoutLine: {'line': b'-- Symlinking: /home/ubuntu/rb3302_final_proj_code/robot_ws/install/yesense_interface/share/yesense_interface/msg/EulerOnly.json\n'}
[42.336597] (yesense_interface) StdoutLine: {'line': b'-- Symlinking: /home/ubuntu/rb3302_final_proj_code/robot_ws/install/yesense_interface/share/yesense_interface/msg/RobotLord.json\n'}
[42.357221] (yesense_interface) StdoutLine: {'line': b'-- Symlinking: /home/ubuntu/rb3302_final_proj_code/robot_ws/install/yesense_interface/share/yesense_interface/msg/AttitudeMinVru.json\n'}
[42.358745] (-) TimerEvent: {}
[42.377808] (yesense_interface) StdoutLine: {'line': b'-- Symlinking: /home/ubuntu/rb3302_final_proj_code/robot_ws/install/yesense_interface/share/yesense_interface/msg/AttitudeMinAhrs.json\n'}
[42.400312] (yesense_interface) StdoutLine: {'line': b'-- Symlinking: /home/ubuntu/rb3302_final_proj_code/robot_ws/install/yesense_interface/share/yesense_interface/msg/AttitudeAllData.json\n'}
[42.422772] (yesense_interface) StdoutLine: {'line': b'-- Symlinking: /home/ubuntu/rb3302_final_proj_code/robot_ws/install/yesense_interface/share/yesense_interface/msg/PosOnly.json\n'}
[42.443647] (yesense_interface) StdoutLine: {'line': b'-- Symlinking: /home/ubuntu/rb3302_final_proj_code/robot_ws/install/yesense_interface/share/yesense_interface/msg/NavMin.json\n'}
[42.459354] (-) TimerEvent: {}
[42.465128] (yesense_interface) StdoutLine: {'line': b'-- Symlinking: /home/ubuntu/rb3302_final_proj_code/robot_ws/install/yesense_interface/share/yesense_interface/msg/NavMinUtc.json\n'}
[42.487142] (yesense_interface) StdoutLine: {'line': b'-- Symlinking: /home/ubuntu/rb3302_final_proj_code/robot_ws/install/yesense_interface/share/yesense_interface/msg/NavAll.json\n'}
[42.523069] (yesense_interface) StdoutLine: {'line': b'-- Symlinking: /home/ubuntu/rb3302_final_proj_code/robot_ws/install/yesense_interface/include/yesense_interface/yesense_interface/msg/attitude_all_data.h\n'}
[42.544822] (yesense_interface) StdoutLine: {'line': b'-- Symlinking: /home/ubuntu/rb3302_final_proj_code/robot_ws/install/yesense_interface/include/yesense_interface/yesense_interface/msg/attitude_min_ahrs.h\n'}
[42.559878] (-) TimerEvent: {}
[42.565180] (yesense_interface) StdoutLine: {'line': b'-- Symlinking: /home/ubuntu/rb3302_final_proj_code/robot_ws/install/yesense_interface/include/yesense_interface/yesense_interface/msg/attitude_min_vru.h\n'}
[42.586030] (yesense_interface) StdoutLine: {'line': b'-- Symlinking: /home/ubuntu/rb3302_final_proj_code/robot_ws/install/yesense_interface/include/yesense_interface/yesense_interface/msg/detail/attitude_all_data__functions.h\n'}
[42.608279] (yesense_interface) StdoutLine: {'line': b'-- Symlinking: /home/ubuntu/rb3302_final_proj_code/robot_ws/install/yesense_interface/include/yesense_interface/yesense_interface/msg/detail/attitude_all_data__struct.h\n'}
[42.629683] (yesense_interface) StdoutLine: {'line': b'-- Symlinking: /home/ubuntu/rb3302_final_proj_code/robot_ws/install/yesense_interface/include/yesense_interface/yesense_interface/msg/detail/attitude_all_data__type_support.h\n'}
[42.651186] (yesense_interface) StdoutLine: {'line': b'-- Symlinking: /home/ubuntu/rb3302_final_proj_code/robot_ws/install/yesense_interface/include/yesense_interface/yesense_interface/msg/detail/attitude_min_ahrs__functions.h\n'}
[42.660372] (-) TimerEvent: {}
[42.673142] (yesense_interface) StdoutLine: {'line': b'-- Symlinking: /home/ubuntu/rb3302_final_proj_code/robot_ws/install/yesense_interface/include/yesense_interface/yesense_interface/msg/detail/attitude_min_ahrs__struct.h\n'}
[42.693602] (yesense_interface) StdoutLine: {'line': b'-- Symlinking: /home/ubuntu/rb3302_final_proj_code/robot_ws/install/yesense_interface/include/yesense_interface/yesense_interface/msg/detail/attitude_min_ahrs__type_support.h\n'}
[42.714444] (yesense_interface) StdoutLine: {'line': b'-- Symlinking: /home/ubuntu/rb3302_final_proj_code/robot_ws/install/yesense_interface/include/yesense_interface/yesense_interface/msg/detail/attitude_min_vru__functions.h\n'}
[42.734768] (yesense_interface) StdoutLine: {'line': b'-- Symlinking: /home/ubuntu/rb3302_final_proj_code/robot_ws/install/yesense_interface/include/yesense_interface/yesense_interface/msg/detail/attitude_min_vru__struct.h\n'}
[42.757533] (yesense_interface) StdoutLine: {'line': b'-- Symlinking: /home/ubuntu/rb3302_final_proj_code/robot_ws/install/yesense_interface/include/yesense_interface/yesense_interface/msg/detail/attitude_min_vru__type_support.h\n'}
[42.760610] (-) TimerEvent: {}
[42.778591] (yesense_interface) StdoutLine: {'line': b'-- Symlinking: /home/ubuntu/rb3302_final_proj_code/robot_ws/install/yesense_interface/include/yesense_interface/yesense_interface/msg/detail/euler_angle__functions.h\n'}
[42.798984] (yesense_interface) StdoutLine: {'line': b'-- Symlinking: /home/ubuntu/rb3302_final_proj_code/robot_ws/install/yesense_interface/include/yesense_interface/yesense_interface/msg/detail/euler_angle__struct.h\n'}
[42.819471] (yesense_interface) StdoutLine: {'line': b'-- Symlinking: /home/ubuntu/rb3302_final_proj_code/robot_ws/install/yesense_interface/include/yesense_interface/yesense_interface/msg/detail/euler_angle__type_support.h\n'}
[42.841332] (yesense_interface) StdoutLine: {'line': b'-- Symlinking: /home/ubuntu/rb3302_final_proj_code/robot_ws/install/yesense_interface/include/yesense_interface/yesense_interface/msg/detail/euler_only__functions.h\n'}
[42.861286] (-) TimerEvent: {}
[42.862560] (yesense_interface) StdoutLine: {'line': b'-- Symlinking: /home/ubuntu/rb3302_final_proj_code/robot_ws/install/yesense_interface/include/yesense_interface/yesense_interface/msg/detail/euler_only__struct.h\n'}
[42.883125] (yesense_interface) StdoutLine: {'line': b'-- Symlinking: /home/ubuntu/rb3302_final_proj_code/robot_ws/install/yesense_interface/include/yesense_interface/yesense_interface/msg/detail/euler_only__type_support.h\n'}
[42.902909] (yesense_interface) StdoutLine: {'line': b'-- Symlinking: /home/ubuntu/rb3302_final_proj_code/robot_ws/install/yesense_interface/include/yesense_interface/yesense_interface/msg/detail/gnss_pos__functions.h\n'}
[42.922823] (yesense_interface) StdoutLine: {'line': b'-- Symlinking: /home/ubuntu/rb3302_final_proj_code/robot_ws/install/yesense_interface/include/yesense_interface/yesense_interface/msg/detail/gnss_pos__struct.h\n'}
[42.961998] (-) TimerEvent: {}
[42.963557] (yesense_interface) StdoutLine: {'line': b'-- Symlinking: /home/ubuntu/rb3302_final_proj_code/robot_ws/install/yesense_interface/include/yesense_interface/yesense_interface/msg/detail/gnss_pos__type_support.h\n'}
[42.984955] (yesense_interface) StdoutLine: {'line': b'-- Symlinking: /home/ubuntu/rb3302_final_proj_code/robot_ws/install/yesense_interface/include/yesense_interface/yesense_interface/msg/detail/imu_data__functions.h\n'}
[43.008456] (yesense_interface) StdoutLine: {'line': b'-- Symlinking: /home/ubuntu/rb3302_final_proj_code/robot_ws/install/yesense_interface/include/yesense_interface/yesense_interface/msg/detail/imu_data__struct.h\n'}
[43.026107] (yesense_interface) StdoutLine: {'line': b'-- Symlinking: /home/ubuntu/rb3302_final_proj_code/robot_ws/install/yesense_interface/include/yesense_interface/yesense_interface/msg/detail/imu_data__type_support.h\n'}
[43.046955] (yesense_interface) StdoutLine: {'line': b'-- Symlinking: /home/ubuntu/rb3302_final_proj_code/robot_ws/install/yesense_interface/include/yesense_interface/yesense_interface/msg/detail/imu_data_ten_axis__functions.h\n'}
[43.062503] (-) TimerEvent: {}
[43.067641] (yesense_interface) StdoutLine: {'line': b'-- Symlinking: /home/ubuntu/rb3302_final_proj_code/robot_ws/install/yesense_interface/include/yesense_interface/yesense_interface/msg/detail/imu_data_ten_axis__struct.h\n'}
[43.087794] (yesense_interface) StdoutLine: {'line': b'-- Symlinking: /home/ubuntu/rb3302_final_proj_code/robot_ws/install/yesense_interface/include/yesense_interface/yesense_interface/msg/detail/imu_data_ten_axis__type_support.h\n'}
[43.108717] (yesense_interface) StdoutLine: {'line': b'-- Symlinking: /home/ubuntu/rb3302_final_proj_code/robot_ws/install/yesense_interface/include/yesense_interface/yesense_interface/msg/detail/nav_all__functions.h\n'}
[43.130204] (yesense_interface) StdoutLine: {'line': b'-- Symlinking: /home/ubuntu/rb3302_final_proj_code/robot_ws/install/yesense_interface/include/yesense_interface/yesense_interface/msg/detail/nav_all__struct.h\n'}
[43.152118] (yesense_interface) StdoutLine: {'line': b'-- Symlinking: /home/ubuntu/rb3302_final_proj_code/robot_ws/install/yesense_interface/include/yesense_interface/yesense_interface/msg/detail/nav_all__type_support.h\n'}
[43.162751] (-) TimerEvent: {}
[43.174141] (yesense_interface) StdoutLine: {'line': b'-- Symlinking: /home/ubuntu/rb3302_final_proj_code/robot_ws/install/yesense_interface/include/yesense_interface/yesense_interface/msg/detail/nav_min__functions.h\n'}
[43.195160] (yesense_interface) StdoutLine: {'line': b'-- Symlinking: /home/ubuntu/rb3302_final_proj_code/robot_ws/install/yesense_interface/include/yesense_interface/yesense_interface/msg/detail/nav_min__struct.h\n'}
[43.215460] (yesense_interface) StdoutLine: {'line': b'-- Symlinking: /home/ubuntu/rb3302_final_proj_code/robot_ws/install/yesense_interface/include/yesense_interface/yesense_interface/msg/detail/nav_min__type_support.h\n'}
[43.237091] (yesense_interface) StdoutLine: {'line': b'-- Symlinking: /home/ubuntu/rb3302_final_proj_code/robot_ws/install/yesense_interface/include/yesense_interface/yesense_interface/msg/detail/nav_min_utc__functions.h\n'}
[43.258862] (yesense_interface) StdoutLine: {'line': b'-- Symlinking: /home/ubuntu/rb3302_final_proj_code/robot_ws/install/yesense_interface/include/yesense_interface/yesense_interface/msg/detail/nav_min_utc__struct.h\n'}
[43.262949] (-) TimerEvent: {}
[43.280242] (yesense_interface) StdoutLine: {'line': b'-- Symlinking: /home/ubuntu/rb3302_final_proj_code/robot_ws/install/yesense_interface/include/yesense_interface/yesense_interface/msg/detail/nav_min_utc__type_support.h\n'}
[43.302047] (yesense_interface) StdoutLine: {'line': b'-- Symlinking: /home/ubuntu/rb3302_final_proj_code/robot_ws/install/yesense_interface/include/yesense_interface/yesense_interface/msg/detail/nav_status__functions.h\n'}
[43.322832] (yesense_interface) StdoutLine: {'line': b'-- Symlinking: /home/ubuntu/rb3302_final_proj_code/robot_ws/install/yesense_interface/include/yesense_interface/yesense_interface/msg/detail/nav_status__struct.h\n'}
[43.345192] (yesense_interface) StdoutLine: {'line': b'-- Symlinking: /home/ubuntu/rb3302_final_proj_code/robot_ws/install/yesense_interface/include/yesense_interface/yesense_interface/msg/detail/nav_status__type_support.h\n'}
[43.363598] (-) TimerEvent: {}
[43.365558] (yesense_interface) StdoutLine: {'line': b'-- Symlinking: /home/ubuntu/rb3302_final_proj_code/robot_ws/install/yesense_interface/include/yesense_interface/yesense_interface/msg/detail/pos_only__functions.h\n'}
[43.386877] (yesense_interface) StdoutLine: {'line': b'-- Symlinking: /home/ubuntu/rb3302_final_proj_code/robot_ws/install/yesense_interface/include/yesense_interface/yesense_interface/msg/detail/pos_only__struct.h\n'}
[43.409087] (yesense_interface) StdoutLine: {'line': b'-- Symlinking: /home/ubuntu/rb3302_final_proj_code/robot_ws/install/yesense_interface/include/yesense_interface/yesense_interface/msg/detail/pos_only__type_support.h\n'}
[43.431114] (yesense_interface) StdoutLine: {'line': b'-- Symlinking: /home/ubuntu/rb3302_final_proj_code/robot_ws/install/yesense_interface/include/yesense_interface/yesense_interface/msg/detail/pressure__functions.h\n'}
[43.453190] (yesense_interface) StdoutLine: {'line': b'-- Symlinking: /home/ubuntu/rb3302_final_proj_code/robot_ws/install/yesense_interface/include/yesense_interface/yesense_interface/msg/detail/pressure__struct.h\n'}
[43.464093] (-) TimerEvent: {}
[43.473791] (yesense_interface) StdoutLine: {'line': b'-- Symlinking: /home/ubuntu/rb3302_final_proj_code/robot_ws/install/yesense_interface/include/yesense_interface/yesense_interface/msg/detail/pressure__type_support.h\n'}
[43.495553] (yesense_interface) StdoutLine: {'line': b'-- Symlinking: /home/ubuntu/rb3302_final_proj_code/robot_ws/install/yesense_interface/include/yesense_interface/yesense_interface/msg/detail/quat__functions.h\n'}
[43.516949] (yesense_interface) StdoutLine: {'line': b'-- Symlinking: /home/ubuntu/rb3302_final_proj_code/robot_ws/install/yesense_interface/include/yesense_interface/yesense_interface/msg/detail/quat__struct.h\n'}
[43.539166] (yesense_interface) StdoutLine: {'line': b'-- Symlinking: /home/ubuntu/rb3302_final_proj_code/robot_ws/install/yesense_interface/include/yesense_interface/yesense_interface/msg/detail/quat__type_support.h\n'}
[43.559609] (yesense_interface) StdoutLine: {'line': b'-- Symlinking: /home/ubuntu/rb3302_final_proj_code/robot_ws/install/yesense_interface/include/yesense_interface/yesense_interface/msg/detail/robot_lord__functions.h\n'}
[43.564541] (-) TimerEvent: {}
[43.583215] (yesense_interface) StdoutLine: {'line': b'-- Symlinking: /home/ubuntu/rb3302_final_proj_code/robot_ws/install/yesense_interface/include/yesense_interface/yesense_interface/msg/detail/robot_lord__struct.h\n'}
[43.605223] (yesense_interface) StdoutLine: {'line': b'-- Symlinking: /home/ubuntu/rb3302_final_proj_code/robot_ws/install/yesense_interface/include/yesense_interface/yesense_interface/msg/detail/robot_lord__type_support.h\n'}
[43.627156] (yesense_interface) StdoutLine: {'line': b'-- Symlinking: /home/ubuntu/rb3302_final_proj_code/robot_ws/install/yesense_interface/include/yesense_interface/yesense_interface/msg/detail/sample_timestamp__functions.h\n'}
[43.648846] (yesense_interface) StdoutLine: {'line': b'-- Symlinking: /home/ubuntu/rb3302_final_proj_code/robot_ws/install/yesense_interface/include/yesense_interface/yesense_interface/msg/detail/sample_timestamp__struct.h\n'}
[43.665126] (-) TimerEvent: {}
[43.668244] (yesense_interface) StdoutLine: {'line': b'-- Symlinking: /home/ubuntu/rb3302_final_proj_code/robot_ws/install/yesense_interface/include/yesense_interface/yesense_interface/msg/detail/sample_timestamp__type_support.h\n'}
[43.689338] (yesense_interface) StdoutLine: {'line': b'-- Symlinking: /home/ubuntu/rb3302_final_proj_code/robot_ws/install/yesense_interface/include/yesense_interface/yesense_interface/msg/detail/sensor_temp__functions.h\n'}
[43.711227] (yesense_interface) StdoutLine: {'line': b'-- Symlinking: /home/ubuntu/rb3302_final_proj_code/robot_ws/install/yesense_interface/include/yesense_interface/yesense_interface/msg/detail/sensor_temp__struct.h\n'}
[43.732144] (yesense_interface) StdoutLine: {'line': b'-- Symlinking: /home/ubuntu/rb3302_final_proj_code/robot_ws/install/yesense_interface/include/yesense_interface/yesense_interface/msg/detail/sensor_temp__type_support.h\n'}
[43.752781] (yesense_interface) StdoutLine: {'line': b'-- Symlinking: /home/ubuntu/rb3302_final_proj_code/robot_ws/install/yesense_interface/include/yesense_interface/yesense_interface/msg/detail/three_axis__functions.h\n'}
[43.765654] (-) TimerEvent: {}
[43.774183] (yesense_interface) StdoutLine: {'line': b'-- Symlinking: /home/ubuntu/rb3302_final_proj_code/robot_ws/install/yesense_interface/include/yesense_interface/yesense_interface/msg/detail/three_axis__struct.h\n'}
[43.795497] (yesense_interface) StdoutLine: {'line': b'-- Symlinking: /home/ubuntu/rb3302_final_proj_code/robot_ws/install/yesense_interface/include/yesense_interface/yesense_interface/msg/detail/three_axis__type_support.h\n'}
[43.814739] (yesense_interface) StdoutLine: {'line': b'-- Symlinking: /home/ubuntu/rb3302_final_proj_code/robot_ws/install/yesense_interface/include/yesense_interface/yesense_interface/msg/detail/tid__functions.h\n'}
[43.836882] (yesense_interface) StdoutLine: {'line': b'-- Symlinking: /home/ubuntu/rb3302_final_proj_code/robot_ws/install/yesense_interface/include/yesense_interface/yesense_interface/msg/detail/tid__struct.h\n'}
[43.858174] (yesense_interface) StdoutLine: {'line': b'-- Symlinking: /home/ubuntu/rb3302_final_proj_code/robot_ws/install/yesense_interface/include/yesense_interface/yesense_interface/msg/detail/tid__type_support.h\n'}
[43.866214] (-) TimerEvent: {}
[43.879768] (yesense_interface) StdoutLine: {'line': b'-- Symlinking: /home/ubuntu/rb3302_final_proj_code/robot_ws/install/yesense_interface/include/yesense_interface/yesense_interface/msg/detail/utc__functions.h\n'}
[43.901088] (yesense_interface) StdoutLine: {'line': b'-- Symlinking: /home/ubuntu/rb3302_final_proj_code/robot_ws/install/yesense_interface/include/yesense_interface/yesense_interface/msg/detail/utc__struct.h\n'}
[43.921779] (yesense_interface) StdoutLine: {'line': b'-- Symlinking: /home/ubuntu/rb3302_final_proj_code/robot_ws/install/yesense_interface/include/yesense_interface/yesense_interface/msg/detail/utc__type_support.h\n'}
[43.943592] (yesense_interface) StdoutLine: {'line': b'-- Symlinking: /home/ubuntu/rb3302_final_proj_code/robot_ws/install/yesense_interface/include/yesense_interface/yesense_interface/msg/detail/vel__functions.h\n'}
[43.965003] (yesense_interface) StdoutLine: {'line': b'-- Symlinking: /home/ubuntu/rb3302_final_proj_code/robot_ws/install/yesense_interface/include/yesense_interface/yesense_interface/msg/detail/vel__struct.h\n'}
[43.966538] (-) TimerEvent: {}
[43.987137] (yesense_interface) StdoutLine: {'line': b'-- Symlinking: /home/ubuntu/rb3302_final_proj_code/robot_ws/install/yesense_interface/include/yesense_interface/yesense_interface/msg/detail/vel__type_support.h\n'}
[44.008951] (yesense_interface) StdoutLine: {'line': b'-- Symlinking: /home/ubuntu/rb3302_final_proj_code/robot_ws/install/yesense_interface/include/yesense_interface/yesense_interface/msg/euler_angle.h\n'}
[44.029977] (yesense_interface) StdoutLine: {'line': b'-- Symlinking: /home/ubuntu/rb3302_final_proj_code/robot_ws/install/yesense_interface/include/yesense_interface/yesense_interface/msg/euler_only.h\n'}
[44.051831] (yesense_interface) StdoutLine: {'line': b'-- Symlinking: /home/ubuntu/rb3302_final_proj_code/robot_ws/install/yesense_interface/include/yesense_interface/yesense_interface/msg/gnss_pos.h\n'}
[44.067187] (-) TimerEvent: {}
[44.073737] (yesense_interface) StdoutLine: {'line': b'-- Symlinking: /home/ubuntu/rb3302_final_proj_code/robot_ws/install/yesense_interface/include/yesense_interface/yesense_interface/msg/imu_data.h\n'}
[44.094164] (yesense_interface) StdoutLine: {'line': b'-- Symlinking: /home/ubuntu/rb3302_final_proj_code/robot_ws/install/yesense_interface/include/yesense_interface/yesense_interface/msg/imu_data_ten_axis.h\n'}
[44.115543] (yesense_interface) StdoutLine: {'line': b'-- Symlinking: /home/ubuntu/rb3302_final_proj_code/robot_ws/install/yesense_interface/include/yesense_interface/yesense_interface/msg/nav_all.h\n'}
[44.137273] (yesense_interface) StdoutLine: {'line': b'-- Symlinking: /home/ubuntu/rb3302_final_proj_code/robot_ws/install/yesense_interface/include/yesense_interface/yesense_interface/msg/nav_min.h\n'}
[44.157935] (yesense_interface) StdoutLine: {'line': b'-- Symlinking: /home/ubuntu/rb3302_final_proj_code/robot_ws/install/yesense_interface/include/yesense_interface/yesense_interface/msg/nav_min_utc.h\n'}
[44.167717] (-) TimerEvent: {}
[44.178517] (yesense_interface) StdoutLine: {'line': b'-- Symlinking: /home/ubuntu/rb3302_final_proj_code/robot_ws/install/yesense_interface/include/yesense_interface/yesense_interface/msg/nav_status.h\n'}
[44.199962] (yesense_interface) StdoutLine: {'line': b'-- Symlinking: /home/ubuntu/rb3302_final_proj_code/robot_ws/install/yesense_interface/include/yesense_interface/yesense_interface/msg/pos_only.h\n'}
[44.221520] (yesense_interface) StdoutLine: {'line': b'-- Symlinking: /home/ubuntu/rb3302_final_proj_code/robot_ws/install/yesense_interface/include/yesense_interface/yesense_interface/msg/pressure.h\n'}
[44.242626] (yesense_interface) StdoutLine: {'line': b'-- Symlinking: /home/ubuntu/rb3302_final_proj_code/robot_ws/install/yesense_interface/include/yesense_interface/yesense_interface/msg/quat.h\n'}
[44.263449] (yesense_interface) StdoutLine: {'line': b'-- Symlinking: /home/ubuntu/rb3302_final_proj_code/robot_ws/install/yesense_interface/include/yesense_interface/yesense_interface/msg/robot_lord.h\n'}
[44.267922] (-) TimerEvent: {}
[44.285195] (yesense_interface) StdoutLine: {'line': b'-- Symlinking: /home/ubuntu/rb3302_final_proj_code/robot_ws/install/yesense_interface/include/yesense_interface/yesense_interface/msg/rosidl_generator_c__visibility_control.h\n'}
[44.306365] (yesense_interface) StdoutLine: {'line': b'-- Symlinking: /home/ubuntu/rb3302_final_proj_code/robot_ws/install/yesense_interface/include/yesense_interface/yesense_interface/msg/sample_timestamp.h\n'}
[44.326614] (yesense_interface) StdoutLine: {'line': b'-- Symlinking: /home/ubuntu/rb3302_final_proj_code/robot_ws/install/yesense_interface/include/yesense_interface/yesense_interface/msg/sensor_temp.h\n'}
[44.348018] (yesense_interface) StdoutLine: {'line': b'-- Symlinking: /home/ubuntu/rb3302_final_proj_code/robot_ws/install/yesense_interface/include/yesense_interface/yesense_interface/msg/three_axis.h\n'}
[44.368308] (-) TimerEvent: {}
[44.389599] (yesense_interface) StdoutLine: {'line': b'-- Symlinking: /home/ubuntu/rb3302_final_proj_code/robot_ws/install/yesense_interface/include/yesense_interface/yesense_interface/msg/tid.h\n'}
[44.410718] (yesense_interface) StdoutLine: {'line': b'-- Symlinking: /home/ubuntu/rb3302_final_proj_code/robot_ws/install/yesense_interface/include/yesense_interface/yesense_interface/msg/utc.h\n'}
[44.431373] (yesense_interface) StdoutLine: {'line': b'-- Symlinking: /home/ubuntu/rb3302_final_proj_code/robot_ws/install/yesense_interface/include/yesense_interface/yesense_interface/msg/vel.h\n'}
[44.452128] (yesense_interface) StdoutLine: {'line': b'-- Symlinking: /home/ubuntu/rb3302_final_proj_code/robot_ws/install/yesense_interface/share/yesense_interface/environment/library_path.sh\n'}
[44.468823] (-) TimerEvent: {}
[44.474918] (yesense_interface) StdoutLine: {'line': b'-- Symlinking: /home/ubuntu/rb3302_final_proj_code/robot_ws/install/yesense_interface/share/yesense_interface/environment/library_path.dsv\n'}
[44.506116] (yesense_interface) StdoutLine: {'line': b'-- Symlinking: /home/ubuntu/rb3302_final_proj_code/robot_ws/install/yesense_interface/include/yesense_interface/yesense_interface/msg/detail/attitude_all_data__rosidl_typesupport_fastrtps_c.h\n'}
[44.527647] (yesense_interface) StdoutLine: {'line': b'-- Symlinking: /home/ubuntu/rb3302_final_proj_code/robot_ws/install/yesense_interface/include/yesense_interface/yesense_interface/msg/detail/attitude_min_ahrs__rosidl_typesupport_fastrtps_c.h\n'}
[44.549793] (yesense_interface) StdoutLine: {'line': b'-- Symlinking: /home/ubuntu/rb3302_final_proj_code/robot_ws/install/yesense_interface/include/yesense_interface/yesense_interface/msg/detail/attitude_min_vru__rosidl_typesupport_fastrtps_c.h\n'}
[44.569513] (-) TimerEvent: {}
[44.571076] (yesense_interface) StdoutLine: {'line': b'-- Symlinking: /home/ubuntu/rb3302_final_proj_code/robot_ws/install/yesense_interface/include/yesense_interface/yesense_interface/msg/detail/euler_angle__rosidl_typesupport_fastrtps_c.h\n'}
[44.593288] (yesense_interface) StdoutLine: {'line': b'-- Symlinking: /home/ubuntu/rb3302_final_proj_code/robot_ws/install/yesense_interface/include/yesense_interface/yesense_interface/msg/detail/euler_only__rosidl_typesupport_fastrtps_c.h\n'}
[44.614636] (yesense_interface) StdoutLine: {'line': b'-- Symlinking: /home/ubuntu/rb3302_final_proj_code/robot_ws/install/yesense_interface/include/yesense_interface/yesense_interface/msg/detail/gnss_pos__rosidl_typesupport_fastrtps_c.h\n'}
[44.635833] (yesense_interface) StdoutLine: {'line': b'-- Symlinking: /home/ubuntu/rb3302_final_proj_code/robot_ws/install/yesense_interface/include/yesense_interface/yesense_interface/msg/detail/imu_data__rosidl_typesupport_fastrtps_c.h\n'}
[44.657951] (yesense_interface) StdoutLine: {'line': b'-- Symlinking: /home/ubuntu/rb3302_final_proj_code/robot_ws/install/yesense_interface/include/yesense_interface/yesense_interface/msg/detail/imu_data_ten_axis__rosidl_typesupport_fastrtps_c.h\n'}
[44.669982] (-) TimerEvent: {}
[44.679563] (yesense_interface) StdoutLine: {'line': b'-- Symlinking: /home/ubuntu/rb3302_final_proj_code/robot_ws/install/yesense_interface/include/yesense_interface/yesense_interface/msg/detail/nav_all__rosidl_typesupport_fastrtps_c.h\n'}
[44.700684] (yesense_interface) StdoutLine: {'line': b'-- Symlinking: /home/ubuntu/rb3302_final_proj_code/robot_ws/install/yesense_interface/include/yesense_interface/yesense_interface/msg/detail/nav_min__rosidl_typesupport_fastrtps_c.h\n'}
[44.722964] (yesense_interface) StdoutLine: {'line': b'-- Symlinking: /home/ubuntu/rb3302_final_proj_code/robot_ws/install/yesense_interface/include/yesense_interface/yesense_interface/msg/detail/nav_min_utc__rosidl_typesupport_fastrtps_c.h\n'}
[44.743348] (yesense_interface) StdoutLine: {'line': b'-- Symlinking: /home/ubuntu/rb3302_final_proj_code/robot_ws/install/yesense_interface/include/yesense_interface/yesense_interface/msg/detail/nav_status__rosidl_typesupport_fastrtps_c.h\n'}
[44.763945] (yesense_interface) StdoutLine: {'line': b'-- Symlinking: /home/ubuntu/rb3302_final_proj_code/robot_ws/install/yesense_interface/include/yesense_interface/yesense_interface/msg/detail/pos_only__rosidl_typesupport_fastrtps_c.h\n'}
[44.770569] (-) TimerEvent: {}
[44.783306] (yesense_interface) StdoutLine: {'line': b'-- Symlinking: /home/ubuntu/rb3302_final_proj_code/robot_ws/install/yesense_interface/include/yesense_interface/yesense_interface/msg/detail/pressure__rosidl_typesupport_fastrtps_c.h\n'}
[44.804452] (yesense_interface) StdoutLine: {'line': b'-- Symlinking: /home/ubuntu/rb3302_final_proj_code/robot_ws/install/yesense_interface/include/yesense_interface/yesense_interface/msg/detail/quat__rosidl_typesupport_fastrtps_c.h\n'}
[44.826286] (yesense_interface) StdoutLine: {'line': b'-- Symlinking: /home/ubuntu/rb3302_final_proj_code/robot_ws/install/yesense_interface/include/yesense_interface/yesense_interface/msg/detail/robot_lord__rosidl_typesupport_fastrtps_c.h\n'}
[44.848014] (yesense_interface) StdoutLine: {'line': b'-- Symlinking: /home/ubuntu/rb3302_final_proj_code/robot_ws/install/yesense_interface/include/yesense_interface/yesense_interface/msg/detail/sample_timestamp__rosidl_typesupport_fastrtps_c.h\n'}
[44.869017] (yesense_interface) StdoutLine: {'line': b'-- Symlinking: /home/ubuntu/rb3302_final_proj_code/robot_ws/install/yesense_interface/include/yesense_interface/yesense_interface/msg/detail/sensor_temp__rosidl_typesupport_fastrtps_c.h\n'}
[44.870591] (-) TimerEvent: {}
[44.890716] (yesense_interface) StdoutLine: {'line': b'-- Symlinking: /home/ubuntu/rb3302_final_proj_code/robot_ws/install/yesense_interface/include/yesense_interface/yesense_interface/msg/detail/three_axis__rosidl_typesupport_fastrtps_c.h\n'}
[44.912735] (yesense_interface) StdoutLine: {'line': b'-- Symlinking: /home/ubuntu/rb3302_final_proj_code/robot_ws/install/yesense_interface/include/yesense_interface/yesense_interface/msg/detail/tid__rosidl_typesupport_fastrtps_c.h\n'}
[44.934540] (yesense_interface) StdoutLine: {'line': b'-- Symlinking: /home/ubuntu/rb3302_final_proj_code/robot_ws/install/yesense_interface/include/yesense_interface/yesense_interface/msg/detail/utc__rosidl_typesupport_fastrtps_c.h\n'}
[44.955490] (yesense_interface) StdoutLine: {'line': b'-- Symlinking: /home/ubuntu/rb3302_final_proj_code/robot_ws/install/yesense_interface/include/yesense_interface/yesense_interface/msg/detail/vel__rosidl_typesupport_fastrtps_c.h\n'}
[44.971205] (-) TimerEvent: {}
[44.976082] (yesense_interface) StdoutLine: {'line': b'-- Symlinking: /home/ubuntu/rb3302_final_proj_code/robot_ws/install/yesense_interface/include/yesense_interface/yesense_interface/msg/rosidl_typesupport_fastrtps_c__visibility_control.h\n'}
[45.004727] (yesense_interface) StdoutLine: {'line': b'-- Symlinking: /home/ubuntu/rb3302_final_proj_code/robot_ws/install/yesense_interface/include/yesense_interface/yesense_interface/msg/detail/attitude_all_data__rosidl_typesupport_introspection_c.h\n'}
[45.026604] (yesense_interface) StdoutLine: {'line': b'-- Symlinking: /home/ubuntu/rb3302_final_proj_code/robot_ws/install/yesense_interface/include/yesense_interface/yesense_interface/msg/detail/attitude_min_ahrs__rosidl_typesupport_introspection_c.h\n'}
[45.048272] (yesense_interface) StdoutLine: {'line': b'-- Symlinking: /home/ubuntu/rb3302_final_proj_code/robot_ws/install/yesense_interface/include/yesense_interface/yesense_interface/msg/detail/attitude_min_vru__rosidl_typesupport_introspection_c.h\n'}
[45.070057] (yesense_interface) StdoutLine: {'line': b'-- Symlinking: /home/ubuntu/rb3302_final_proj_code/robot_ws/install/yesense_interface/include/yesense_interface/yesense_interface/msg/detail/euler_angle__rosidl_typesupport_introspection_c.h\n'}
[45.071455] (-) TimerEvent: {}
[45.091068] (yesense_interface) StdoutLine: {'line': b'-- Symlinking: /home/ubuntu/rb3302_final_proj_code/robot_ws/install/yesense_interface/include/yesense_interface/yesense_interface/msg/detail/euler_only__rosidl_typesupport_introspection_c.h\n'}
[45.112941] (yesense_interface) StdoutLine: {'line': b'-- Symlinking: /home/ubuntu/rb3302_final_proj_code/robot_ws/install/yesense_interface/include/yesense_interface/yesense_interface/msg/detail/gnss_pos__rosidl_typesupport_introspection_c.h\n'}
[45.134741] (yesense_interface) StdoutLine: {'line': b'-- Symlinking: /home/ubuntu/rb3302_final_proj_code/robot_ws/install/yesense_interface/include/yesense_interface/yesense_interface/msg/detail/imu_data__rosidl_typesupport_introspection_c.h\n'}
[45.156992] (yesense_interface) StdoutLine: {'line': b'-- Symlinking: /home/ubuntu/rb3302_final_proj_code/robot_ws/install/yesense_interface/include/yesense_interface/yesense_interface/msg/detail/imu_data_ten_axis__rosidl_typesupport_introspection_c.h\n'}
[45.172151] (-) TimerEvent: {}
[45.176177] (yesense_interface) StdoutLine: {'line': b'-- Symlinking: /home/ubuntu/rb3302_final_proj_code/robot_ws/install/yesense_interface/include/yesense_interface/yesense_interface/msg/detail/nav_all__rosidl_typesupport_introspection_c.h\n'}
[45.196596] (yesense_interface) StdoutLine: {'line': b'-- Symlinking: /home/ubuntu/rb3302_final_proj_code/robot_ws/install/yesense_interface/include/yesense_interface/yesense_interface/msg/detail/nav_min__rosidl_typesupport_introspection_c.h\n'}
[45.223182] (yesense_interface) StdoutLine: {'line': b'-- Symlinking: /home/ubuntu/rb3302_final_proj_code/robot_ws/install/yesense_interface/include/yesense_interface/yesense_interface/msg/detail/nav_min_utc__rosidl_typesupport_introspection_c.h\n'}
[45.244947] (yesense_interface) StdoutLine: {'line': b'-- Symlinking: /home/ubuntu/rb3302_final_proj_code/robot_ws/install/yesense_interface/include/yesense_interface/yesense_interface/msg/detail/nav_status__rosidl_typesupport_introspection_c.h\n'}
[45.267456] (yesense_interface) StdoutLine: {'line': b'-- Symlinking: /home/ubuntu/rb3302_final_proj_code/robot_ws/install/yesense_interface/include/yesense_interface/yesense_interface/msg/detail/pos_only__rosidl_typesupport_introspection_c.h\n'}
[45.272598] (-) TimerEvent: {}
[45.288801] (yesense_interface) StdoutLine: {'line': b'-- Symlinking: /home/ubuntu/rb3302_final_proj_code/robot_ws/install/yesense_interface/include/yesense_interface/yesense_interface/msg/detail/pressure__rosidl_typesupport_introspection_c.h\n'}
[45.308830] (yesense_interface) StdoutLine: {'line': b'-- Symlinking: /home/ubuntu/rb3302_final_proj_code/robot_ws/install/yesense_interface/include/yesense_interface/yesense_interface/msg/detail/quat__rosidl_typesupport_introspection_c.h\n'}
[45.329263] (yesense_interface) StdoutLine: {'line': b'-- Symlinking: /home/ubuntu/rb3302_final_proj_code/robot_ws/install/yesense_interface/include/yesense_interface/yesense_interface/msg/detail/robot_lord__rosidl_typesupport_introspection_c.h\n'}
[45.349608] (yesense_interface) StdoutLine: {'line': b'-- Symlinking: /home/ubuntu/rb3302_final_proj_code/robot_ws/install/yesense_interface/include/yesense_interface/yesense_interface/msg/detail/sample_timestamp__rosidl_typesupport_introspection_c.h\n'}
[45.369528] (yesense_interface) StdoutLine: {'line': b'-- Symlinking: /home/ubuntu/rb3302_final_proj_code/robot_ws/install/yesense_interface/include/yesense_interface/yesense_interface/msg/detail/sensor_temp__rosidl_typesupport_introspection_c.h\n'}
[45.372809] (-) TimerEvent: {}
[45.390167] (yesense_interface) StdoutLine: {'line': b'-- Symlinking: /home/ubuntu/rb3302_final_proj_code/robot_ws/install/yesense_interface/include/yesense_interface/yesense_interface/msg/detail/three_axis__rosidl_typesupport_introspection_c.h\n'}
[45.410247] (yesense_interface) StdoutLine: {'line': b'-- Symlinking: /home/ubuntu/rb3302_final_proj_code/robot_ws/install/yesense_interface/include/yesense_interface/yesense_interface/msg/detail/tid__rosidl_typesupport_introspection_c.h\n'}
[45.430632] (yesense_interface) StdoutLine: {'line': b'-- Symlinking: /home/ubuntu/rb3302_final_proj_code/robot_ws/install/yesense_interface/include/yesense_interface/yesense_interface/msg/detail/utc__rosidl_typesupport_introspection_c.h\n'}
[45.450549] (yesense_interface) StdoutLine: {'line': b'-- Symlinking: /home/ubuntu/rb3302_final_proj_code/robot_ws/install/yesense_interface/include/yesense_interface/yesense_interface/msg/detail/vel__rosidl_typesupport_introspection_c.h\n'}
[45.473119] (yesense_interface) StdoutLine: {'line': b'-- Symlinking: /home/ubuntu/rb3302_final_proj_code/robot_ws/install/yesense_interface/include/yesense_interface/yesense_interface/msg/rosidl_typesupport_introspection_c__visibility_control.h\n'}
[45.474755] (-) TimerEvent: {}
[45.507713] (yesense_interface) StdoutLine: {'line': b'-- Symlinking: /home/ubuntu/rb3302_final_proj_code/robot_ws/install/yesense_interface/include/yesense_interface/yesense_interface/msg/attitude_all_data.hpp\n'}
[45.529664] (yesense_interface) StdoutLine: {'line': b'-- Symlinking: /home/ubuntu/rb3302_final_proj_code/robot_ws/install/yesense_interface/include/yesense_interface/yesense_interface/msg/attitude_min_ahrs.hpp\n'}
[45.551260] (yesense_interface) StdoutLine: {'line': b'-- Symlinking: /home/ubuntu/rb3302_final_proj_code/robot_ws/install/yesense_interface/include/yesense_interface/yesense_interface/msg/attitude_min_vru.hpp\n'}
[45.573264] (yesense_interface) StdoutLine: {'line': b'-- Symlinking: /home/ubuntu/rb3302_final_proj_code/robot_ws/install/yesense_interface/include/yesense_interface/yesense_interface/msg/detail/attitude_all_data__builder.hpp\n'}
[45.574788] (-) TimerEvent: {}
[45.594125] (yesense_interface) StdoutLine: {'line': b'-- Symlinking: /home/ubuntu/rb3302_final_proj_code/robot_ws/install/yesense_interface/include/yesense_interface/yesense_interface/msg/detail/attitude_all_data__struct.hpp\n'}
[45.614961] (yesense_interface) StdoutLine: {'line': b'-- Symlinking: /home/ubuntu/rb3302_final_proj_code/robot_ws/install/yesense_interface/include/yesense_interface/yesense_interface/msg/detail/attitude_all_data__traits.hpp\n'}
[45.636868] (yesense_interface) StdoutLine: {'line': b'-- Symlinking: /home/ubuntu/rb3302_final_proj_code/robot_ws/install/yesense_interface/include/yesense_interface/yesense_interface/msg/detail/attitude_all_data__type_support.hpp\n'}
[45.658432] (yesense_interface) StdoutLine: {'line': b'-- Symlinking: /home/ubuntu/rb3302_final_proj_code/robot_ws/install/yesense_interface/include/yesense_interface/yesense_interface/msg/detail/attitude_min_ahrs__builder.hpp\n'}
[45.675551] (-) TimerEvent: {}
[45.678730] (yesense_interface) StdoutLine: {'line': b'-- Symlinking: /home/ubuntu/rb3302_final_proj_code/robot_ws/install/yesense_interface/include/yesense_interface/yesense_interface/msg/detail/attitude_min_ahrs__struct.hpp\n'}
[45.699517] (yesense_interface) StdoutLine: {'line': b'-- Symlinking: /home/ubuntu/rb3302_final_proj_code/robot_ws/install/yesense_interface/include/yesense_interface/yesense_interface/msg/detail/attitude_min_ahrs__traits.hpp\n'}
[45.721534] (yesense_interface) StdoutLine: {'line': b'-- Symlinking: /home/ubuntu/rb3302_final_proj_code/robot_ws/install/yesense_interface/include/yesense_interface/yesense_interface/msg/detail/attitude_min_ahrs__type_support.hpp\n'}
[45.742836] (yesense_interface) StdoutLine: {'line': b'-- Symlinking: /home/ubuntu/rb3302_final_proj_code/robot_ws/install/yesense_interface/include/yesense_interface/yesense_interface/msg/detail/attitude_min_vru__builder.hpp\n'}
[45.763328] (yesense_interface) StdoutLine: {'line': b'-- Symlinking: /home/ubuntu/rb3302_final_proj_code/robot_ws/install/yesense_interface/include/yesense_interface/yesense_interface/msg/detail/attitude_min_vru__struct.hpp\n'}
[45.776107] (-) TimerEvent: {}
[45.783076] (yesense_interface) StdoutLine: {'line': b'-- Symlinking: /home/ubuntu/rb3302_final_proj_code/robot_ws/install/yesense_interface/include/yesense_interface/yesense_interface/msg/detail/attitude_min_vru__traits.hpp\n'}
[45.803613] (yesense_interface) StdoutLine: {'line': b'-- Symlinking: /home/ubuntu/rb3302_final_proj_code/robot_ws/install/yesense_interface/include/yesense_interface/yesense_interface/msg/detail/attitude_min_vru__type_support.hpp\n'}
[45.824228] (yesense_interface) StdoutLine: {'line': b'-- Symlinking: /home/ubuntu/rb3302_final_proj_code/robot_ws/install/yesense_interface/include/yesense_interface/yesense_interface/msg/detail/euler_angle__builder.hpp\n'}
[45.846011] (yesense_interface) StdoutLine: {'line': b'-- Symlinking: /home/ubuntu/rb3302_final_proj_code/robot_ws/install/yesense_interface/include/yesense_interface/yesense_interface/msg/detail/euler_angle__struct.hpp\n'}
[45.868180] (yesense_interface) StdoutLine: {'line': b'-- Symlinking: /home/ubuntu/rb3302_final_proj_code/robot_ws/install/yesense_interface/include/yesense_interface/yesense_interface/msg/detail/euler_angle__traits.hpp\n'}
[45.876597] (-) TimerEvent: {}
[45.890310] (yesense_interface) StdoutLine: {'line': b'-- Symlinking: /home/ubuntu/rb3302_final_proj_code/robot_ws/install/yesense_interface/include/yesense_interface/yesense_interface/msg/detail/euler_angle__type_support.hpp\n'}
[45.911351] (yesense_interface) StdoutLine: {'line': b'-- Symlinking: /home/ubuntu/rb3302_final_proj_code/robot_ws/install/yesense_interface/include/yesense_interface/yesense_interface/msg/detail/euler_only__builder.hpp\n'}
[45.932288] (yesense_interface) StdoutLine: {'line': b'-- Symlinking: /home/ubuntu/rb3302_final_proj_code/robot_ws/install/yesense_interface/include/yesense_interface/yesense_interface/msg/detail/euler_only__struct.hpp\n'}
[45.952897] (yesense_interface) StdoutLine: {'line': b'-- Symlinking: /home/ubuntu/rb3302_final_proj_code/robot_ws/install/yesense_interface/include/yesense_interface/yesense_interface/msg/detail/euler_only__traits.hpp\n'}
[45.972937] (yesense_interface) StdoutLine: {'line': b'-- Symlinking: /home/ubuntu/rb3302_final_proj_code/robot_ws/install/yesense_interface/include/yesense_interface/yesense_interface/msg/detail/euler_only__type_support.hpp\n'}
[45.976797] (-) TimerEvent: {}
[45.994326] (yesense_interface) StdoutLine: {'line': b'-- Symlinking: /home/ubuntu/rb3302_final_proj_code/robot_ws/install/yesense_interface/include/yesense_interface/yesense_interface/msg/detail/gnss_pos__builder.hpp\n'}
[46.015329] (yesense_interface) StdoutLine: {'line': b'-- Symlinking: /home/ubuntu/rb3302_final_proj_code/robot_ws/install/yesense_interface/include/yesense_interface/yesense_interface/msg/detail/gnss_pos__struct.hpp\n'}
[46.036124] (yesense_interface) StdoutLine: {'line': b'-- Symlinking: /home/ubuntu/rb3302_final_proj_code/robot_ws/install/yesense_interface/include/yesense_interface/yesense_interface/msg/detail/gnss_pos__traits.hpp\n'}
[46.057162] (yesense_interface) StdoutLine: {'line': b'-- Symlinking: /home/ubuntu/rb3302_final_proj_code/robot_ws/install/yesense_interface/include/yesense_interface/yesense_interface/msg/detail/gnss_pos__type_support.hpp\n'}
[46.077056] (yesense_interface) StdoutLine: {'line': b'-- Symlinking: /home/ubuntu/rb3302_final_proj_code/robot_ws/install/yesense_interface/include/yesense_interface/yesense_interface/msg/detail/imu_data__builder.hpp\n'}
[46.078619] (-) TimerEvent: {}
[46.097471] (yesense_interface) StdoutLine: {'line': b'-- Symlinking: /home/ubuntu/rb3302_final_proj_code/robot_ws/install/yesense_interface/include/yesense_interface/yesense_interface/msg/detail/imu_data__struct.hpp\n'}
[46.119233] (yesense_interface) StdoutLine: {'line': b'-- Symlinking: /home/ubuntu/rb3302_final_proj_code/robot_ws/install/yesense_interface/include/yesense_interface/yesense_interface/msg/detail/imu_data__traits.hpp\n'}
[46.141166] (yesense_interface) StdoutLine: {'line': b'-- Symlinking: /home/ubuntu/rb3302_final_proj_code/robot_ws/install/yesense_interface/include/yesense_interface/yesense_interface/msg/detail/imu_data__type_support.hpp\n'}
[46.161023] (yesense_interface) StdoutLine: {'line': b'-- Symlinking: /home/ubuntu/rb3302_final_proj_code/robot_ws/install/yesense_interface/include/yesense_interface/yesense_interface/msg/detail/imu_data_ten_axis__builder.hpp\n'}
[46.179225] (-) TimerEvent: {}
[46.181593] (yesense_interface) StdoutLine: {'line': b'-- Symlinking: /home/ubuntu/rb3302_final_proj_code/robot_ws/install/yesense_interface/include/yesense_interface/yesense_interface/msg/detail/imu_data_ten_axis__struct.hpp\n'}
[46.203212] (yesense_interface) StdoutLine: {'line': b'-- Symlinking: /home/ubuntu/rb3302_final_proj_code/robot_ws/install/yesense_interface/include/yesense_interface/yesense_interface/msg/detail/imu_data_ten_axis__traits.hpp\n'}
[46.224995] (yesense_interface) StdoutLine: {'line': b'-- Symlinking: /home/ubuntu/rb3302_final_proj_code/robot_ws/install/yesense_interface/include/yesense_interface/yesense_interface/msg/detail/imu_data_ten_axis__type_support.hpp\n'}
[46.246852] (yesense_interface) StdoutLine: {'line': b'-- Symlinking: /home/ubuntu/rb3302_final_proj_code/robot_ws/install/yesense_interface/include/yesense_interface/yesense_interface/msg/detail/nav_all__builder.hpp\n'}
[46.266038] (yesense_interface) StdoutLine: {'line': b'-- Symlinking: /home/ubuntu/rb3302_final_proj_code/robot_ws/install/yesense_interface/include/yesense_interface/yesense_interface/msg/detail/nav_all__struct.hpp\n'}
[46.279796] (-) TimerEvent: {}
[46.286572] (yesense_interface) StdoutLine: {'line': b'-- Symlinking: /home/ubuntu/rb3302_final_proj_code/robot_ws/install/yesense_interface/include/yesense_interface/yesense_interface/msg/detail/nav_all__traits.hpp\n'}
[46.306582] (yesense_interface) StdoutLine: {'line': b'-- Symlinking: /home/ubuntu/rb3302_final_proj_code/robot_ws/install/yesense_interface/include/yesense_interface/yesense_interface/msg/detail/nav_all__type_support.hpp\n'}
[46.326770] (yesense_interface) StdoutLine: {'line': b'-- Symlinking: /home/ubuntu/rb3302_final_proj_code/robot_ws/install/yesense_interface/include/yesense_interface/yesense_interface/msg/detail/nav_min__builder.hpp\n'}
[46.348705] (yesense_interface) StdoutLine: {'line': b'-- Symlinking: /home/ubuntu/rb3302_final_proj_code/robot_ws/install/yesense_interface/include/yesense_interface/yesense_interface/msg/detail/nav_min__struct.hpp\n'}
[46.370154] (yesense_interface) StdoutLine: {'line': b'-- Symlinking: /home/ubuntu/rb3302_final_proj_code/robot_ws/install/yesense_interface/include/yesense_interface/yesense_interface/msg/detail/nav_min__traits.hpp\n'}
[46.380289] (-) TimerEvent: {}
[46.391251] (yesense_interface) StdoutLine: {'line': b'-- Symlinking: /home/ubuntu/rb3302_final_proj_code/robot_ws/install/yesense_interface/include/yesense_interface/yesense_interface/msg/detail/nav_min__type_support.hpp\n'}
[46.413012] (yesense_interface) StdoutLine: {'line': b'-- Symlinking: /home/ubuntu/rb3302_final_proj_code/robot_ws/install/yesense_interface/include/yesense_interface/yesense_interface/msg/detail/nav_min_utc__builder.hpp\n'}
[46.435263] (yesense_interface) StdoutLine: {'line': b'-- Symlinking: /home/ubuntu/rb3302_final_proj_code/robot_ws/install/yesense_interface/include/yesense_interface/yesense_interface/msg/detail/nav_min_utc__struct.hpp\n'}
[46.456659] (yesense_interface) StdoutLine: {'line': b'-- Symlinking: /home/ubuntu/rb3302_final_proj_code/robot_ws/install/yesense_interface/include/yesense_interface/yesense_interface/msg/detail/nav_min_utc__traits.hpp\n'}
[46.477701] (yesense_interface) StdoutLine: {'line': b'-- Symlinking: /home/ubuntu/rb3302_final_proj_code/robot_ws/install/yesense_interface/include/yesense_interface/yesense_interface/msg/detail/nav_min_utc__type_support.hpp\n'}
[46.480558] (-) TimerEvent: {}
[46.497178] (yesense_interface) StdoutLine: {'line': b'-- Symlinking: /home/ubuntu/rb3302_final_proj_code/robot_ws/install/yesense_interface/include/yesense_interface/yesense_interface/msg/detail/nav_status__builder.hpp\n'}
[46.517890] (yesense_interface) StdoutLine: {'line': b'-- Symlinking: /home/ubuntu/rb3302_final_proj_code/robot_ws/install/yesense_interface/include/yesense_interface/yesense_interface/msg/detail/nav_status__struct.hpp\n'}
[46.536548] (yesense_interface) StdoutLine: {'line': b'-- Symlinking: /home/ubuntu/rb3302_final_proj_code/robot_ws/install/yesense_interface/include/yesense_interface/yesense_interface/msg/detail/nav_status__traits.hpp\n'}
[46.556570] (yesense_interface) StdoutLine: {'line': b'-- Symlinking: /home/ubuntu/rb3302_final_proj_code/robot_ws/install/yesense_interface/include/yesense_interface/yesense_interface/msg/detail/nav_status__type_support.hpp\n'}
[46.577602] (yesense_interface) StdoutLine: {'line': b'-- Symlinking: /home/ubuntu/rb3302_final_proj_code/robot_ws/install/yesense_interface/include/yesense_interface/yesense_interface/msg/detail/pos_only__builder.hpp\n'}
[46.580720] (-) TimerEvent: {}
[46.615029] (yesense_interface) StdoutLine: {'line': b'-- Symlinking: /home/ubuntu/rb3302_final_proj_code/robot_ws/install/yesense_interface/include/yesense_interface/yesense_interface/msg/detail/pos_only__struct.hpp\n'}
[46.649958] (yesense_interface) StdoutLine: {'line': b'-- Symlinking: /home/ubuntu/rb3302_final_proj_code/robot_ws/install/yesense_interface/include/yesense_interface/yesense_interface/msg/detail/pos_only__traits.hpp\n'}
[46.670258] (yesense_interface) StdoutLine: {'line': b'-- Symlinking: /home/ubuntu/rb3302_final_proj_code/robot_ws/install/yesense_interface/include/yesense_interface/yesense_interface/msg/detail/pos_only__type_support.hpp\n'}
[46.680970] (-) TimerEvent: {}
[46.692727] (yesense_interface) StdoutLine: {'line': b'-- Symlinking: /home/ubuntu/rb3302_final_proj_code/robot_ws/install/yesense_interface/include/yesense_interface/yesense_interface/msg/detail/pressure__builder.hpp\n'}
[46.714508] (yesense_interface) StdoutLine: {'line': b'-- Symlinking: /home/ubuntu/rb3302_final_proj_code/robot_ws/install/yesense_interface/include/yesense_interface/yesense_interface/msg/detail/pressure__struct.hpp\n'}
[46.755492] (yesense_interface) StdoutLine: {'line': b'-- Symlinking: /home/ubuntu/rb3302_final_proj_code/robot_ws/install/yesense_interface/include/yesense_interface/yesense_interface/msg/detail/pressure__traits.hpp\n'}
[46.776226] (yesense_interface) StdoutLine: {'line': b'-- Symlinking: /home/ubuntu/rb3302_final_proj_code/robot_ws/install/yesense_interface/include/yesense_interface/yesense_interface/msg/detail/pressure__type_support.hpp\n'}
[46.781201] (-) TimerEvent: {}
[46.798069] (yesense_interface) StdoutLine: {'line': b'-- Symlinking: /home/ubuntu/rb3302_final_proj_code/robot_ws/install/yesense_interface/include/yesense_interface/yesense_interface/msg/detail/quat__builder.hpp\n'}
[46.818910] (yesense_interface) StdoutLine: {'line': b'-- Symlinking: /home/ubuntu/rb3302_final_proj_code/robot_ws/install/yesense_interface/include/yesense_interface/yesense_interface/msg/detail/quat__struct.hpp\n'}
[46.860830] (yesense_interface) StdoutLine: {'line': b'-- Symlinking: /home/ubuntu/rb3302_final_proj_code/robot_ws/install/yesense_interface/include/yesense_interface/yesense_interface/msg/detail/quat__traits.hpp\n'}
[46.881614] (-) TimerEvent: {}
[46.883098] (yesense_interface) StdoutLine: {'line': b'-- Symlinking: /home/ubuntu/rb3302_final_proj_code/robot_ws/install/yesense_interface/include/yesense_interface/yesense_interface/msg/detail/quat__type_support.hpp\n'}
[46.923133] (yesense_interface) StdoutLine: {'line': b'-- Symlinking: /home/ubuntu/rb3302_final_proj_code/robot_ws/install/yesense_interface/include/yesense_interface/yesense_interface/msg/detail/robot_lord__builder.hpp\n'}
[46.944338] (yesense_interface) StdoutLine: {'line': b'-- Symlinking: /home/ubuntu/rb3302_final_proj_code/robot_ws/install/yesense_interface/include/yesense_interface/yesense_interface/msg/detail/robot_lord__struct.hpp\n'}
[46.966550] (yesense_interface) StdoutLine: {'line': b'-- Symlinking: /home/ubuntu/rb3302_final_proj_code/robot_ws/install/yesense_interface/include/yesense_interface/yesense_interface/msg/detail/robot_lord__traits.hpp\n'}
[46.981938] (-) TimerEvent: {}
[46.987186] (yesense_interface) StdoutLine: {'line': b'-- Symlinking: /home/ubuntu/rb3302_final_proj_code/robot_ws/install/yesense_interface/include/yesense_interface/yesense_interface/msg/detail/robot_lord__type_support.hpp\n'}
[47.028929] (yesense_interface) StdoutLine: {'line': b'-- Symlinking: /home/ubuntu/rb3302_final_proj_code/robot_ws/install/yesense_interface/include/yesense_interface/yesense_interface/msg/detail/sample_timestamp__builder.hpp\n'}
[47.050699] (yesense_interface) StdoutLine: {'line': b'-- Symlinking: /home/ubuntu/rb3302_final_proj_code/robot_ws/install/yesense_interface/include/yesense_interface/yesense_interface/msg/detail/sample_timestamp__struct.hpp\n'}
[47.072665] (yesense_interface) StdoutLine: {'line': b'-- Symlinking: /home/ubuntu/rb3302_final_proj_code/robot_ws/install/yesense_interface/include/yesense_interface/yesense_interface/msg/detail/sample_timestamp__traits.hpp\n'}
[47.082075] (-) TimerEvent: {}
[47.112969] (yesense_interface) StdoutLine: {'line': b'-- Symlinking: /home/ubuntu/rb3302_final_proj_code/robot_ws/install/yesense_interface/include/yesense_interface/yesense_interface/msg/detail/sample_timestamp__type_support.hpp\n'}
[47.154023] (yesense_interface) StdoutLine: {'line': b'-- Symlinking: /home/ubuntu/rb3302_final_proj_code/robot_ws/install/yesense_interface/include/yesense_interface/yesense_interface/msg/detail/sensor_temp__builder.hpp\n'}
[47.175445] (yesense_interface) StdoutLine: {'line': b'-- Symlinking: /home/ubuntu/rb3302_final_proj_code/robot_ws/install/yesense_interface/include/yesense_interface/yesense_interface/msg/detail/sensor_temp__struct.hpp\n'}
[47.182255] (-) TimerEvent: {}
[47.216174] (yesense_interface) StdoutLine: {'line': b'-- Symlinking: /home/ubuntu/rb3302_final_proj_code/robot_ws/install/yesense_interface/include/yesense_interface/yesense_interface/msg/detail/sensor_temp__traits.hpp\n'}
[47.255736] (yesense_interface) StdoutLine: {'line': b'-- Symlinking: /home/ubuntu/rb3302_final_proj_code/robot_ws/install/yesense_interface/include/yesense_interface/yesense_interface/msg/detail/sensor_temp__type_support.hpp\n'}
[47.277780] (yesense_interface) StdoutLine: {'line': b'-- Symlinking: /home/ubuntu/rb3302_final_proj_code/robot_ws/install/yesense_interface/include/yesense_interface/yesense_interface/msg/detail/three_axis__builder.hpp\n'}
[47.282459] (-) TimerEvent: {}
[47.324611] (yesense_interface) StdoutLine: {'line': b'-- Symlinking: /home/ubuntu/rb3302_final_proj_code/robot_ws/install/yesense_interface/include/yesense_interface/yesense_interface/msg/detail/three_axis__struct.hpp\n'}
[47.365720] (yesense_interface) StdoutLine: {'line': b'-- Symlinking: /home/ubuntu/rb3302_final_proj_code/robot_ws/install/yesense_interface/include/yesense_interface/yesense_interface/msg/detail/three_axis__traits.hpp\n'}
[47.382683] (-) TimerEvent: {}
[47.406080] (yesense_interface) StdoutLine: {'line': b'-- Symlinking: /home/ubuntu/rb3302_final_proj_code/robot_ws/install/yesense_interface/include/yesense_interface/yesense_interface/msg/detail/three_axis__type_support.hpp\n'}
[47.427885] (yesense_interface) StdoutLine: {'line': b'-- Symlinking: /home/ubuntu/rb3302_final_proj_code/robot_ws/install/yesense_interface/include/yesense_interface/yesense_interface/msg/detail/tid__builder.hpp\n'}
[47.467677] (yesense_interface) StdoutLine: {'line': b'-- Symlinking: /home/ubuntu/rb3302_final_proj_code/robot_ws/install/yesense_interface/include/yesense_interface/yesense_interface/msg/detail/tid__struct.hpp\n'}
[47.482883] (-) TimerEvent: {}
[47.510012] (yesense_interface) StdoutLine: {'line': b'-- Symlinking: /home/ubuntu/rb3302_final_proj_code/robot_ws/install/yesense_interface/include/yesense_interface/yesense_interface/msg/detail/tid__traits.hpp\n'}
[47.532296] (yesense_interface) StdoutLine: {'line': b'-- Symlinking: /home/ubuntu/rb3302_final_proj_code/robot_ws/install/yesense_interface/include/yesense_interface/yesense_interface/msg/detail/tid__type_support.hpp\n'}
[47.554600] (yesense_interface) StdoutLine: {'line': b'-- Symlinking: /home/ubuntu/rb3302_final_proj_code/robot_ws/install/yesense_interface/include/yesense_interface/yesense_interface/msg/detail/utc__builder.hpp\n'}
[47.573822] (yesense_interface) StdoutLine: {'line': b'-- Symlinking: /home/ubuntu/rb3302_final_proj_code/robot_ws/install/yesense_interface/include/yesense_interface/yesense_interface/msg/detail/utc__struct.hpp\n'}
[47.583184] (-) TimerEvent: {}
[47.612994] (yesense_interface) StdoutLine: {'line': b'-- Symlinking: /home/ubuntu/rb3302_final_proj_code/robot_ws/install/yesense_interface/include/yesense_interface/yesense_interface/msg/detail/utc__traits.hpp\n'}
[47.652527] (yesense_interface) StdoutLine: {'line': b'-- Symlinking: /home/ubuntu/rb3302_final_proj_code/robot_ws/install/yesense_interface/include/yesense_interface/yesense_interface/msg/detail/utc__type_support.hpp\n'}
[47.683626] (-) TimerEvent: {}
[47.694024] (yesense_interface) StdoutLine: {'line': b'-- Symlinking: /home/ubuntu/rb3302_final_proj_code/robot_ws/install/yesense_interface/include/yesense_interface/yesense_interface/msg/detail/vel__builder.hpp\n'}
[47.714511] (yesense_interface) StdoutLine: {'line': b'-- Symlinking: /home/ubuntu/rb3302_final_proj_code/robot_ws/install/yesense_interface/include/yesense_interface/yesense_interface/msg/detail/vel__struct.hpp\n'}
[47.736527] (yesense_interface) StdoutLine: {'line': b'-- Symlinking: /home/ubuntu/rb3302_final_proj_code/robot_ws/install/yesense_interface/include/yesense_interface/yesense_interface/msg/detail/vel__traits.hpp\n'}
[47.758859] (yesense_interface) StdoutLine: {'line': b'-- Symlinking: /home/ubuntu/rb3302_final_proj_code/robot_ws/install/yesense_interface/include/yesense_interface/yesense_interface/msg/detail/vel__type_support.hpp\n'}
[47.783852] (-) TimerEvent: {}
[47.798685] (yesense_interface) StdoutLine: {'line': b'-- Symlinking: /home/ubuntu/rb3302_final_proj_code/robot_ws/install/yesense_interface/include/yesense_interface/yesense_interface/msg/euler_angle.hpp\n'}
[47.837138] (yesense_interface) StdoutLine: {'line': b'-- Symlinking: /home/ubuntu/rb3302_final_proj_code/robot_ws/install/yesense_interface/include/yesense_interface/yesense_interface/msg/euler_only.hpp\n'}
[47.857894] (yesense_interface) StdoutLine: {'line': b'-- Symlinking: /home/ubuntu/rb3302_final_proj_code/robot_ws/install/yesense_interface/include/yesense_interface/yesense_interface/msg/gnss_pos.hpp\n'}
[47.884275] (-) TimerEvent: {}
[47.897825] (yesense_interface) StdoutLine: {'line': b'-- Symlinking: /home/ubuntu/rb3302_final_proj_code/robot_ws/install/yesense_interface/include/yesense_interface/yesense_interface/msg/imu_data.hpp\n'}
[47.919218] (yesense_interface) StdoutLine: {'line': b'-- Symlinking: /home/ubuntu/rb3302_final_proj_code/robot_ws/install/yesense_interface/include/yesense_interface/yesense_interface/msg/imu_data_ten_axis.hpp\n'}
[47.959951] (yesense_interface) StdoutLine: {'line': b'-- Symlinking: /home/ubuntu/rb3302_final_proj_code/robot_ws/install/yesense_interface/include/yesense_interface/yesense_interface/msg/nav_all.hpp\n'}
[47.981841] (yesense_interface) StdoutLine: {'line': b'-- Symlinking: /home/ubuntu/rb3302_final_proj_code/robot_ws/install/yesense_interface/include/yesense_interface/yesense_interface/msg/nav_min.hpp\n'}
[47.984380] (-) TimerEvent: {}
[48.019471] (yesense_interface) StdoutLine: {'line': b'-- Symlinking: /home/ubuntu/rb3302_final_proj_code/robot_ws/install/yesense_interface/include/yesense_interface/yesense_interface/msg/nav_min_utc.hpp\n'}
[48.042239] (yesense_interface) StdoutLine: {'line': b'-- Symlinking: /home/ubuntu/rb3302_final_proj_code/robot_ws/install/yesense_interface/include/yesense_interface/yesense_interface/msg/nav_status.hpp\n'}
[48.080235] (yesense_interface) StdoutLine: {'line': b'-- Symlinking: /home/ubuntu/rb3302_final_proj_code/robot_ws/install/yesense_interface/include/yesense_interface/yesense_interface/msg/pos_only.hpp\n'}
[48.084648] (-) TimerEvent: {}
[48.101939] (yesense_interface) StdoutLine: {'line': b'-- Symlinking: /home/ubuntu/rb3302_final_proj_code/robot_ws/install/yesense_interface/include/yesense_interface/yesense_interface/msg/pressure.hpp\n'}
[48.142939] (yesense_interface) StdoutLine: {'line': b'-- Symlinking: /home/ubuntu/rb3302_final_proj_code/robot_ws/install/yesense_interface/include/yesense_interface/yesense_interface/msg/quat.hpp\n'}
[48.163708] (yesense_interface) StdoutLine: {'line': b'-- Symlinking: /home/ubuntu/rb3302_final_proj_code/robot_ws/install/yesense_interface/include/yesense_interface/yesense_interface/msg/robot_lord.hpp\n'}
[48.185019] (-) TimerEvent: {}
[48.186434] (yesense_interface) StdoutLine: {'line': b'-- Symlinking: /home/ubuntu/rb3302_final_proj_code/robot_ws/install/yesense_interface/include/yesense_interface/yesense_interface/msg/rosidl_generator_cpp__visibility_control.hpp\n'}
[48.207593] (yesense_interface) StdoutLine: {'line': b'-- Symlinking: /home/ubuntu/rb3302_final_proj_code/robot_ws/install/yesense_interface/include/yesense_interface/yesense_interface/msg/sample_timestamp.hpp\n'}
[48.229625] (yesense_interface) StdoutLine: {'line': b'-- Symlinking: /home/ubuntu/rb3302_final_proj_code/robot_ws/install/yesense_interface/include/yesense_interface/yesense_interface/msg/sensor_temp.hpp\n'}
[48.250357] (yesense_interface) StdoutLine: {'line': b'-- Symlinking: /home/ubuntu/rb3302_final_proj_code/robot_ws/install/yesense_interface/include/yesense_interface/yesense_interface/msg/three_axis.hpp\n'}
[48.271252] (yesense_interface) StdoutLine: {'line': b'-- Symlinking: /home/ubuntu/rb3302_final_proj_code/robot_ws/install/yesense_interface/include/yesense_interface/yesense_interface/msg/tid.hpp\n'}
[48.285327] (-) TimerEvent: {}
[48.291657] (yesense_interface) StdoutLine: {'line': b'-- Symlinking: /home/ubuntu/rb3302_final_proj_code/robot_ws/install/yesense_interface/include/yesense_interface/yesense_interface/msg/utc.hpp\n'}
[48.331961] (yesense_interface) StdoutLine: {'line': b'-- Symlinking: /home/ubuntu/rb3302_final_proj_code/robot_ws/install/yesense_interface/include/yesense_interface/yesense_interface/msg/vel.hpp\n'}
[48.362152] (yesense_interface) StdoutLine: {'line': b'-- Symlinking: /home/ubuntu/rb3302_final_proj_code/robot_ws/install/yesense_interface/include/yesense_interface/yesense_interface/msg/detail/attitude_all_data__rosidl_typesupport_fastrtps_cpp.hpp\n'}
[48.385572] (-) TimerEvent: {}
[48.401065] (yesense_interface) StdoutLine: {'line': b'-- Symlinking: /home/ubuntu/rb3302_final_proj_code/robot_ws/install/yesense_interface/include/yesense_interface/yesense_interface/msg/detail/attitude_min_ahrs__rosidl_typesupport_fastrtps_cpp.hpp\n'}
[48.440729] (yesense_interface) StdoutLine: {'line': b'-- Symlinking: /home/ubuntu/rb3302_final_proj_code/robot_ws/install/yesense_interface/include/yesense_interface/yesense_interface/msg/detail/attitude_min_vru__rosidl_typesupport_fastrtps_cpp.hpp\n'}
[48.463024] (yesense_interface) StdoutLine: {'line': b'-- Symlinking: /home/ubuntu/rb3302_final_proj_code/robot_ws/install/yesense_interface/include/yesense_interface/yesense_interface/msg/detail/euler_angle__rosidl_typesupport_fastrtps_cpp.hpp\n'}
[48.485812] (-) TimerEvent: {}
[48.507835] (yesense_interface) StdoutLine: {'line': b'-- Symlinking: /home/ubuntu/rb3302_final_proj_code/robot_ws/install/yesense_interface/include/yesense_interface/yesense_interface/msg/detail/euler_only__rosidl_typesupport_fastrtps_cpp.hpp\n'}
[48.529607] (yesense_interface) StdoutLine: {'line': b'-- Symlinking: /home/ubuntu/rb3302_final_proj_code/robot_ws/install/yesense_interface/include/yesense_interface/yesense_interface/msg/detail/gnss_pos__rosidl_typesupport_fastrtps_cpp.hpp\n'}
[48.551298] (yesense_interface) StdoutLine: {'line': b'-- Symlinking: /home/ubuntu/rb3302_final_proj_code/robot_ws/install/yesense_interface/include/yesense_interface/yesense_interface/msg/detail/imu_data__rosidl_typesupport_fastrtps_cpp.hpp\n'}
[48.586157] (-) TimerEvent: {}
[48.589850] (yesense_interface) StdoutLine: {'line': b'-- Symlinking: /home/ubuntu/rb3302_final_proj_code/robot_ws/install/yesense_interface/include/yesense_interface/yesense_interface/msg/detail/imu_data_ten_axis__rosidl_typesupport_fastrtps_cpp.hpp\n'}
[48.611588] (yesense_interface) StdoutLine: {'line': b'-- Symlinking: /home/ubuntu/rb3302_final_proj_code/robot_ws/install/yesense_interface/include/yesense_interface/yesense_interface/msg/detail/nav_all__rosidl_typesupport_fastrtps_cpp.hpp\n'}
[48.649946] (yesense_interface) StdoutLine: {'line': b'-- Symlinking: /home/ubuntu/rb3302_final_proj_code/robot_ws/install/yesense_interface/include/yesense_interface/yesense_interface/msg/detail/nav_min__rosidl_typesupport_fastrtps_cpp.hpp\n'}
[48.671880] (yesense_interface) StdoutLine: {'line': b'-- Symlinking: /home/ubuntu/rb3302_final_proj_code/robot_ws/install/yesense_interface/include/yesense_interface/yesense_interface/msg/detail/nav_min_utc__rosidl_typesupport_fastrtps_cpp.hpp\n'}
[48.686315] (-) TimerEvent: {}
[48.712657] (yesense_interface) StdoutLine: {'line': b'-- Symlinking: /home/ubuntu/rb3302_final_proj_code/robot_ws/install/yesense_interface/include/yesense_interface/yesense_interface/msg/detail/nav_status__rosidl_typesupport_fastrtps_cpp.hpp\n'}
[48.732727] (yesense_interface) StdoutLine: {'line': b'-- Symlinking: /home/ubuntu/rb3302_final_proj_code/robot_ws/install/yesense_interface/include/yesense_interface/yesense_interface/msg/detail/pos_only__rosidl_typesupport_fastrtps_cpp.hpp\n'}
[48.771707] (yesense_interface) StdoutLine: {'line': b'-- Symlinking: /home/ubuntu/rb3302_final_proj_code/robot_ws/install/yesense_interface/include/yesense_interface/yesense_interface/msg/detail/pressure__rosidl_typesupport_fastrtps_cpp.hpp\n'}
[48.786508] (-) TimerEvent: {}
[48.812225] (yesense_interface) StdoutLine: {'line': b'-- Symlinking: /home/ubuntu/rb3302_final_proj_code/robot_ws/install/yesense_interface/include/yesense_interface/yesense_interface/msg/detail/quat__rosidl_typesupport_fastrtps_cpp.hpp\n'}
[48.833952] (yesense_interface) StdoutLine: {'line': b'-- Symlinking: /home/ubuntu/rb3302_final_proj_code/robot_ws/install/yesense_interface/include/yesense_interface/yesense_interface/msg/detail/robot_lord__rosidl_typesupport_fastrtps_cpp.hpp\n'}
[48.873835] (yesense_interface) StdoutLine: {'line': b'-- Symlinking: /home/ubuntu/rb3302_final_proj_code/robot_ws/install/yesense_interface/include/yesense_interface/yesense_interface/msg/detail/sample_timestamp__rosidl_typesupport_fastrtps_cpp.hpp\n'}
[48.886714] (-) TimerEvent: {}
[48.914476] (yesense_interface) StdoutLine: {'line': b'-- Symlinking: /home/ubuntu/rb3302_final_proj_code/robot_ws/install/yesense_interface/include/yesense_interface/yesense_interface/msg/detail/sensor_temp__rosidl_typesupport_fastrtps_cpp.hpp\n'}
[48.936784] (yesense_interface) StdoutLine: {'line': b'-- Symlinking: /home/ubuntu/rb3302_final_proj_code/robot_ws/install/yesense_interface/include/yesense_interface/yesense_interface/msg/detail/three_axis__rosidl_typesupport_fastrtps_cpp.hpp\n'}
[48.976929] (yesense_interface) StdoutLine: {'line': b'-- Symlinking: /home/ubuntu/rb3302_final_proj_code/robot_ws/install/yesense_interface/include/yesense_interface/yesense_interface/msg/detail/tid__rosidl_typesupport_fastrtps_cpp.hpp\n'}
[48.987107] (-) TimerEvent: {}
[48.997527] (yesense_interface) StdoutLine: {'line': b'-- Symlinking: /home/ubuntu/rb3302_final_proj_code/robot_ws/install/yesense_interface/include/yesense_interface/yesense_interface/msg/detail/utc__rosidl_typesupport_fastrtps_cpp.hpp\n'}
[49.017722] (yesense_interface) StdoutLine: {'line': b'-- Symlinking: /home/ubuntu/rb3302_final_proj_code/robot_ws/install/yesense_interface/include/yesense_interface/yesense_interface/msg/detail/vel__rosidl_typesupport_fastrtps_cpp.hpp\n'}
[49.038180] (yesense_interface) StdoutLine: {'line': b'-- Symlinking: /home/ubuntu/rb3302_final_proj_code/robot_ws/install/yesense_interface/include/yesense_interface/yesense_interface/msg/rosidl_typesupport_fastrtps_cpp__visibility_control.h\n'}
[49.087510] (-) TimerEvent: {}
[49.089058] (yesense_interface) StdoutLine: {'line': b'-- Symlinking: /home/ubuntu/rb3302_final_proj_code/robot_ws/install/yesense_interface/include/yesense_interface/yesense_interface/msg/detail/attitude_all_data__rosidl_typesupport_introspection_cpp.hpp\n'}
[49.110925] (yesense_interface) StdoutLine: {'line': b'-- Symlinking: /home/ubuntu/rb3302_final_proj_code/robot_ws/install/yesense_interface/include/yesense_interface/yesense_interface/msg/detail/attitude_min_ahrs__rosidl_typesupport_introspection_cpp.hpp\n'}
[49.132532] (yesense_interface) StdoutLine: {'line': b'-- Symlinking: /home/ubuntu/rb3302_final_proj_code/robot_ws/install/yesense_interface/include/yesense_interface/yesense_interface/msg/detail/attitude_min_vru__rosidl_typesupport_introspection_cpp.hpp\n'}
[49.171601] (yesense_interface) StdoutLine: {'line': b'-- Symlinking: /home/ubuntu/rb3302_final_proj_code/robot_ws/install/yesense_interface/include/yesense_interface/yesense_interface/msg/detail/euler_angle__rosidl_typesupport_introspection_cpp.hpp\n'}
[49.187622] (-) TimerEvent: {}
[49.211606] (yesense_interface) StdoutLine: {'line': b'-- Symlinking: /home/ubuntu/rb3302_final_proj_code/robot_ws/install/yesense_interface/include/yesense_interface/yesense_interface/msg/detail/euler_only__rosidl_typesupport_introspection_cpp.hpp\n'}
[49.247755] (yesense_interface) StdoutLine: {'line': b'-- Symlinking: /home/ubuntu/rb3302_final_proj_code/robot_ws/install/yesense_interface/include/yesense_interface/yesense_interface/msg/detail/gnss_pos__rosidl_typesupport_introspection_cpp.hpp\n'}
[49.287176] (yesense_interface) StdoutLine: {'line': b'-- Symlinking: /home/ubuntu/rb3302_final_proj_code/robot_ws/install/yesense_interface/include/yesense_interface/yesense_interface/msg/detail/imu_data__rosidl_typesupport_introspection_cpp.hpp\n'}
[49.288783] (-) TimerEvent: {}
[49.308773] (yesense_interface) StdoutLine: {'line': b'-- Symlinking: /home/ubuntu/rb3302_final_proj_code/robot_ws/install/yesense_interface/include/yesense_interface/yesense_interface/msg/detail/imu_data_ten_axis__rosidl_typesupport_introspection_cpp.hpp\n'}
[49.330206] (yesense_interface) StdoutLine: {'line': b'-- Symlinking: /home/ubuntu/rb3302_final_proj_code/robot_ws/install/yesense_interface/include/yesense_interface/yesense_interface/msg/detail/nav_all__rosidl_typesupport_introspection_cpp.hpp\n'}
[49.367992] (yesense_interface) StdoutLine: {'line': b'-- Symlinking: /home/ubuntu/rb3302_final_proj_code/robot_ws/install/yesense_interface/include/yesense_interface/yesense_interface/msg/detail/nav_min__rosidl_typesupport_introspection_cpp.hpp\n'}
[49.389130] (-) TimerEvent: {}
[49.408268] (yesense_interface) StdoutLine: {'line': b'-- Symlinking: /home/ubuntu/rb3302_final_proj_code/robot_ws/install/yesense_interface/include/yesense_interface/yesense_interface/msg/detail/nav_min_utc__rosidl_typesupport_introspection_cpp.hpp\n'}
[49.447886] (yesense_interface) StdoutLine: {'line': b'-- Symlinking: /home/ubuntu/rb3302_final_proj_code/robot_ws/install/yesense_interface/include/yesense_interface/yesense_interface/msg/detail/nav_status__rosidl_typesupport_introspection_cpp.hpp\n'}
[49.470469] (yesense_interface) StdoutLine: {'line': b'-- Symlinking: /home/ubuntu/rb3302_final_proj_code/robot_ws/install/yesense_interface/include/yesense_interface/yesense_interface/msg/detail/pos_only__rosidl_typesupport_introspection_cpp.hpp\n'}
[49.489347] (-) TimerEvent: {}
[49.511007] (yesense_interface) StdoutLine: {'line': b'-- Symlinking: /home/ubuntu/rb3302_final_proj_code/robot_ws/install/yesense_interface/include/yesense_interface/yesense_interface/msg/detail/pressure__rosidl_typesupport_introspection_cpp.hpp\n'}
[49.549296] (yesense_interface) StdoutLine: {'line': b'-- Symlinking: /home/ubuntu/rb3302_final_proj_code/robot_ws/install/yesense_interface/include/yesense_interface/yesense_interface/msg/detail/quat__rosidl_typesupport_introspection_cpp.hpp\n'}
[49.571261] (yesense_interface) StdoutLine: {'line': b'-- Symlinking: /home/ubuntu/rb3302_final_proj_code/robot_ws/install/yesense_interface/include/yesense_interface/yesense_interface/msg/detail/robot_lord__rosidl_typesupport_introspection_cpp.hpp\n'}
[49.589547] (-) TimerEvent: {}
[49.613115] (yesense_interface) StdoutLine: {'line': b'-- Symlinking: /home/ubuntu/rb3302_final_proj_code/robot_ws/install/yesense_interface/include/yesense_interface/yesense_interface/msg/detail/sample_timestamp__rosidl_typesupport_introspection_cpp.hpp\n'}
[49.635065] (yesense_interface) StdoutLine: {'line': b'-- Symlinking: /home/ubuntu/rb3302_final_proj_code/robot_ws/install/yesense_interface/include/yesense_interface/yesense_interface/msg/detail/sensor_temp__rosidl_typesupport_introspection_cpp.hpp\n'}
[49.656553] (yesense_interface) StdoutLine: {'line': b'-- Symlinking: /home/ubuntu/rb3302_final_proj_code/robot_ws/install/yesense_interface/include/yesense_interface/yesense_interface/msg/detail/three_axis__rosidl_typesupport_introspection_cpp.hpp\n'}
[49.677235] (yesense_interface) StdoutLine: {'line': b'-- Symlinking: /home/ubuntu/rb3302_final_proj_code/robot_ws/install/yesense_interface/include/yesense_interface/yesense_interface/msg/detail/tid__rosidl_typesupport_introspection_cpp.hpp\n'}
[49.689838] (-) TimerEvent: {}
[49.699069] (yesense_interface) StdoutLine: {'line': b'-- Symlinking: /home/ubuntu/rb3302_final_proj_code/robot_ws/install/yesense_interface/include/yesense_interface/yesense_interface/msg/detail/utc__rosidl_typesupport_introspection_cpp.hpp\n'}
[49.720984] (yesense_interface) StdoutLine: {'line': b'-- Symlinking: /home/ubuntu/rb3302_final_proj_code/robot_ws/install/yesense_interface/include/yesense_interface/yesense_interface/msg/detail/vel__rosidl_typesupport_introspection_cpp.hpp\n'}
[49.762460] (yesense_interface) StdoutLine: {'line': b'-- Symlinking: /home/ubuntu/rb3302_final_proj_code/robot_ws/install/yesense_interface/share/yesense_interface/environment/pythonpath.sh\n'}
[49.790176] (-) TimerEvent: {}
[49.799150] (yesense_interface) StdoutLine: {'line': b'-- Symlinking: /home/ubuntu/rb3302_final_proj_code/robot_ws/install/yesense_interface/share/yesense_interface/environment/pythonpath.dsv\n'}
[49.825485] (yesense_interface) StdoutLine: {'line': b'-- Symlinking: /home/ubuntu/rb3302_final_proj_code/robot_ws/install/yesense_interface/lib/python3.12/site-packages/yesense_interface-1.0.0-py3.12.egg-info/PKG-INFO\n'}
[49.846849] (yesense_interface) StdoutLine: {'line': b'-- Symlinking: /home/ubuntu/rb3302_final_proj_code/robot_ws/install/yesense_interface/lib/python3.12/site-packages/yesense_interface-1.0.0-py3.12.egg-info/SOURCES.txt\n'}
[49.868532] (yesense_interface) StdoutLine: {'line': b'-- Symlinking: /home/ubuntu/rb3302_final_proj_code/robot_ws/install/yesense_interface/lib/python3.12/site-packages/yesense_interface-1.0.0-py3.12.egg-info/dependency_links.txt\n'}
[49.890375] (-) TimerEvent: {}
[49.907638] (yesense_interface) StdoutLine: {'line': b'-- Symlinking: /home/ubuntu/rb3302_final_proj_code/robot_ws/install/yesense_interface/lib/python3.12/site-packages/yesense_interface-1.0.0-py3.12.egg-info/top_level.txt\n'}
[49.941572] (yesense_interface) StdoutLine: {'line': b'-- Symlinking: /home/ubuntu/rb3302_final_proj_code/robot_ws/install/yesense_interface/lib/python3.12/site-packages/yesense_interface/__init__.py\n'}
[49.985846] (yesense_interface) StdoutLine: {'line': b'-- Symlinking: /home/ubuntu/rb3302_final_proj_code/robot_ws/install/yesense_interface/lib/python3.12/site-packages/yesense_interface/_yesense_interface_s.ep.rosidl_typesupport_c.c\n'}
[49.990638] (-) TimerEvent: {}
[50.007603] (yesense_interface) StdoutLine: {'line': b'-- Symlinking: /home/ubuntu/rb3302_final_proj_code/robot_ws/install/yesense_interface/lib/python3.12/site-packages/yesense_interface/_yesense_interface_s.ep.rosidl_typesupport_fastrtps_c.c\n'}
[50.028674] (yesense_interface) StdoutLine: {'line': b'-- Symlinking: /home/ubuntu/rb3302_final_proj_code/robot_ws/install/yesense_interface/lib/python3.12/site-packages/yesense_interface/_yesense_interface_s.ep.rosidl_typesupport_introspection_c.c\n'}
[50.050677] (yesense_interface) StdoutLine: {'line': b'-- Symlinking: /home/ubuntu/rb3302_final_proj_code/robot_ws/install/yesense_interface/lib/python3.12/site-packages/yesense_interface/msg/__init__.py\n'}
[50.089608] (yesense_interface) StdoutLine: {'line': b'-- Symlinking: /home/ubuntu/rb3302_final_proj_code/robot_ws/install/yesense_interface/lib/python3.12/site-packages/yesense_interface/msg/_attitude_all_data.py\n'}
[50.091076] (-) TimerEvent: {}
[50.130618] (yesense_interface) StdoutLine: {'line': b'-- Symlinking: /home/ubuntu/rb3302_final_proj_code/robot_ws/install/yesense_interface/lib/python3.12/site-packages/yesense_interface/msg/_attitude_all_data_s.c\n'}
[50.152005] (yesense_interface) StdoutLine: {'line': b'-- Symlinking: /home/ubuntu/rb3302_final_proj_code/robot_ws/install/yesense_interface/lib/python3.12/site-packages/yesense_interface/msg/_attitude_min_ahrs.py\n'}
[50.191444] (yesense_interface) StdoutLine: {'line': b'-- Symlinking: /home/ubuntu/rb3302_final_proj_code/robot_ws/install/yesense_interface/lib/python3.12/site-packages/yesense_interface/msg/_attitude_min_ahrs_s.c\n'}
[50.192899] (-) TimerEvent: {}
[50.231519] (yesense_interface) StdoutLine: {'line': b'-- Symlinking: /home/ubuntu/rb3302_final_proj_code/robot_ws/install/yesense_interface/lib/python3.12/site-packages/yesense_interface/msg/_attitude_min_vru.py\n'}
[50.252788] (yesense_interface) StdoutLine: {'line': b'-- Symlinking: /home/ubuntu/rb3302_final_proj_code/robot_ws/install/yesense_interface/lib/python3.12/site-packages/yesense_interface/msg/_attitude_min_vru_s.c\n'}
[50.292531] (yesense_interface) StdoutLine: {'line': b'-- Symlinking: /home/ubuntu/rb3302_final_proj_code/robot_ws/install/yesense_interface/lib/python3.12/site-packages/yesense_interface/msg/_euler_angle.py\n'}
[50.293991] (-) TimerEvent: {}
[50.313546] (yesense_interface) StdoutLine: {'line': b'-- Symlinking: /home/ubuntu/rb3302_final_proj_code/robot_ws/install/yesense_interface/lib/python3.12/site-packages/yesense_interface/msg/_euler_angle_s.c\n'}
[50.334661] (yesense_interface) StdoutLine: {'line': b'-- Symlinking: /home/ubuntu/rb3302_final_proj_code/robot_ws/install/yesense_interface/lib/python3.12/site-packages/yesense_interface/msg/_euler_only.py\n'}
[50.372974] (yesense_interface) StdoutLine: {'line': b'-- Symlinking: /home/ubuntu/rb3302_final_proj_code/robot_ws/install/yesense_interface/lib/python3.12/site-packages/yesense_interface/msg/_euler_only_s.c\n'}
[50.394220] (-) TimerEvent: {}
[50.412866] (yesense_interface) StdoutLine: {'line': b'-- Symlinking: /home/ubuntu/rb3302_final_proj_code/robot_ws/install/yesense_interface/lib/python3.12/site-packages/yesense_interface/msg/_gnss_pos.py\n'}
[50.434907] (yesense_interface) StdoutLine: {'line': b'-- Symlinking: /home/ubuntu/rb3302_final_proj_code/robot_ws/install/yesense_interface/lib/python3.12/site-packages/yesense_interface/msg/_gnss_pos_s.c\n'}
[50.476539] (yesense_interface) StdoutLine: {'line': b'-- Symlinking: /home/ubuntu/rb3302_final_proj_code/robot_ws/install/yesense_interface/lib/python3.12/site-packages/yesense_interface/msg/_imu_data.py\n'}
[50.494464] (-) TimerEvent: {}
[50.516529] (yesense_interface) StdoutLine: {'line': b'-- Symlinking: /home/ubuntu/rb3302_final_proj_code/robot_ws/install/yesense_interface/lib/python3.12/site-packages/yesense_interface/msg/_imu_data_s.c\n'}
[50.538218] (yesense_interface) StdoutLine: {'line': b'-- Symlinking: /home/ubuntu/rb3302_final_proj_code/robot_ws/install/yesense_interface/lib/python3.12/site-packages/yesense_interface/msg/_imu_data_ten_axis.py\n'}
[50.577948] (yesense_interface) StdoutLine: {'line': b'-- Symlinking: /home/ubuntu/rb3302_final_proj_code/robot_ws/install/yesense_interface/lib/python3.12/site-packages/yesense_interface/msg/_imu_data_ten_axis_s.c\n'}
[50.594825] (-) TimerEvent: {}
[50.598891] (yesense_interface) StdoutLine: {'line': b'-- Symlinking: /home/ubuntu/rb3302_final_proj_code/robot_ws/install/yesense_interface/lib/python3.12/site-packages/yesense_interface/msg/_nav_all.py\n'}
[50.638285] (yesense_interface) StdoutLine: {'line': b'-- Symlinking: /home/ubuntu/rb3302_final_proj_code/robot_ws/install/yesense_interface/lib/python3.12/site-packages/yesense_interface/msg/_nav_all_s.c\n'}
[50.658182] (yesense_interface) StdoutLine: {'line': b'-- Symlinking: /home/ubuntu/rb3302_final_proj_code/robot_ws/install/yesense_interface/lib/python3.12/site-packages/yesense_interface/msg/_nav_min.py\n'}
[50.695200] (-) TimerEvent: {}
[50.697897] (yesense_interface) StdoutLine: {'line': b'-- Symlinking: /home/ubuntu/rb3302_final_proj_code/robot_ws/install/yesense_interface/lib/python3.12/site-packages/yesense_interface/msg/_nav_min_s.c\n'}
[50.718807] (yesense_interface) StdoutLine: {'line': b'-- Symlinking: /home/ubuntu/rb3302_final_proj_code/robot_ws/install/yesense_interface/lib/python3.12/site-packages/yesense_interface/msg/_nav_min_utc.py\n'}
[50.760942] (yesense_interface) StdoutLine: {'line': b'-- Symlinking: /home/ubuntu/rb3302_final_proj_code/robot_ws/install/yesense_interface/lib/python3.12/site-packages/yesense_interface/msg/_nav_min_utc_s.c\n'}
[50.781638] (yesense_interface) StdoutLine: {'line': b'-- Symlinking: /home/ubuntu/rb3302_final_proj_code/robot_ws/install/yesense_interface/lib/python3.12/site-packages/yesense_interface/msg/_nav_status.py\n'}
[50.795602] (-) TimerEvent: {}
[50.802200] (yesense_interface) StdoutLine: {'line': b'-- Symlinking: /home/ubuntu/rb3302_final_proj_code/robot_ws/install/yesense_interface/lib/python3.12/site-packages/yesense_interface/msg/_nav_status_s.c\n'}
[50.842678] (yesense_interface) StdoutLine: {'line': b'-- Symlinking: /home/ubuntu/rb3302_final_proj_code/robot_ws/install/yesense_interface/lib/python3.12/site-packages/yesense_interface/msg/_pos_only.py\n'}
[50.863763] (yesense_interface) StdoutLine: {'line': b'-- Symlinking: /home/ubuntu/rb3302_final_proj_code/robot_ws/install/yesense_interface/lib/python3.12/site-packages/yesense_interface/msg/_pos_only_s.c\n'}
[50.895935] (-) TimerEvent: {}
[50.903873] (yesense_interface) StdoutLine: {'line': b'-- Symlinking: /home/ubuntu/rb3302_final_proj_code/robot_ws/install/yesense_interface/lib/python3.12/site-packages/yesense_interface/msg/_pressure.py\n'}
[50.925812] (yesense_interface) StdoutLine: {'line': b'-- Symlinking: /home/ubuntu/rb3302_final_proj_code/robot_ws/install/yesense_interface/lib/python3.12/site-packages/yesense_interface/msg/_pressure_s.c\n'}
[50.965724] (yesense_interface) StdoutLine: {'line': b'-- Symlinking: /home/ubuntu/rb3302_final_proj_code/robot_ws/install/yesense_interface/lib/python3.12/site-packages/yesense_interface/msg/_quat.py\n'}
[50.987226] (yesense_interface) StdoutLine: {'line': b'-- Symlinking: /home/ubuntu/rb3302_final_proj_code/robot_ws/install/yesense_interface/lib/python3.12/site-packages/yesense_interface/msg/_quat_s.c\n'}
[50.996104] (-) TimerEvent: {}
[51.028221] (yesense_interface) StdoutLine: {'line': b'-- Symlinking: /home/ubuntu/rb3302_final_proj_code/robot_ws/install/yesense_interface/lib/python3.12/site-packages/yesense_interface/msg/_robot_lord.py\n'}
[51.048366] (yesense_interface) StdoutLine: {'line': b'-- Symlinking: /home/ubuntu/rb3302_final_proj_code/robot_ws/install/yesense_interface/lib/python3.12/site-packages/yesense_interface/msg/_robot_lord_s.c\n'}
[51.069486] (yesense_interface) StdoutLine: {'line': b'-- Symlinking: /home/ubuntu/rb3302_final_proj_code/robot_ws/install/yesense_interface/lib/python3.12/site-packages/yesense_interface/msg/_sample_timestamp.py\n'}
[51.096369] (-) TimerEvent: {}
[51.112015] (yesense_interface) StdoutLine: {'line': b'-- Symlinking: /home/ubuntu/rb3302_final_proj_code/robot_ws/install/yesense_interface/lib/python3.12/site-packages/yesense_interface/msg/_sample_timestamp_s.c\n'}
[51.151850] (yesense_interface) StdoutLine: {'line': b'-- Symlinking: /home/ubuntu/rb3302_final_proj_code/robot_ws/install/yesense_interface/lib/python3.12/site-packages/yesense_interface/msg/_sensor_temp.py\n'}
[51.173266] (yesense_interface) StdoutLine: {'line': b'-- Symlinking: /home/ubuntu/rb3302_final_proj_code/robot_ws/install/yesense_interface/lib/python3.12/site-packages/yesense_interface/msg/_sensor_temp_s.c\n'}
[51.195368] (yesense_interface) StdoutLine: {'line': b'-- Symlinking: /home/ubuntu/rb3302_final_proj_code/robot_ws/install/yesense_interface/lib/python3.12/site-packages/yesense_interface/msg/_three_axis.py\n'}
[51.196924] (-) TimerEvent: {}
[51.226144] (yesense_interface) StdoutLine: {'line': b'-- Symlinking: /home/ubuntu/rb3302_final_proj_code/robot_ws/install/yesense_interface/lib/python3.12/site-packages/yesense_interface/msg/_three_axis_s.c\n'}
[51.264839] (yesense_interface) StdoutLine: {'line': b'-- Symlinking: /home/ubuntu/rb3302_final_proj_code/robot_ws/install/yesense_interface/lib/python3.12/site-packages/yesense_interface/msg/_tid.py\n'}
[51.287173] (yesense_interface) StdoutLine: {'line': b'-- Symlinking: /home/ubuntu/rb3302_final_proj_code/robot_ws/install/yesense_interface/lib/python3.12/site-packages/yesense_interface/msg/_tid_s.c\n'}
[51.297166] (-) TimerEvent: {}
[51.308846] (yesense_interface) StdoutLine: {'line': b'-- Symlinking: /home/ubuntu/rb3302_final_proj_code/robot_ws/install/yesense_interface/lib/python3.12/site-packages/yesense_interface/msg/_utc.py\n'}
[51.328709] (yesense_interface) StdoutLine: {'line': b'-- Symlinking: /home/ubuntu/rb3302_final_proj_code/robot_ws/install/yesense_interface/lib/python3.12/site-packages/yesense_interface/msg/_utc_s.c\n'}
[51.368497] (yesense_interface) StdoutLine: {'line': b'-- Symlinking: /home/ubuntu/rb3302_final_proj_code/robot_ws/install/yesense_interface/lib/python3.12/site-packages/yesense_interface/msg/_vel.py\n'}
[51.390208] (yesense_interface) StdoutLine: {'line': b'-- Symlinking: /home/ubuntu/rb3302_final_proj_code/robot_ws/install/yesense_interface/lib/python3.12/site-packages/yesense_interface/msg/_vel_s.c\n'}
[51.397460] (-) TimerEvent: {}
[51.411847] (yesense_interface) StdoutLine: {'line': b'-- Symlinking: /home/ubuntu/rb3302_final_proj_code/robot_ws/install/yesense_interface/lib/python3.12/site-packages/yesense_interface/yesense_interface_s__rosidl_typesupport_c.so\n'}
[51.453548] (yesense_interface) StdoutLine: {'line': b'-- Symlinking: /home/ubuntu/rb3302_final_proj_code/robot_ws/install/yesense_interface/lib/python3.12/site-packages/yesense_interface/yesense_interface_s__rosidl_typesupport_fastrtps_c.so\n'}
[51.475382] (yesense_interface) StdoutLine: {'line': b'-- Symlinking: /home/ubuntu/rb3302_final_proj_code/robot_ws/install/yesense_interface/lib/python3.12/site-packages/yesense_interface/yesense_interface_s__rosidl_typesupport_introspection_c.so\n'}
[51.497831] (-) TimerEvent: {}
[51.499243] (yesense_interface) StdoutLine: {'line': b'-- Up-to-date symlink: /home/ubuntu/rb3302_final_proj_code/robot_ws/install/yesense_interface/lib/python3.12/site-packages/yesense_interface/yesense_interface_s__rosidl_typesupport_fastrtps_c.so\n'}
[51.502141] (yesense_interface) StdoutLine: {'line': b'-- Up-to-date symlink: /home/ubuntu/rb3302_final_proj_code/robot_ws/install/yesense_interface/lib/python3.12/site-packages/yesense_interface/yesense_interface_s__rosidl_typesupport_introspection_c.so\n'}
[51.504833] (yesense_interface) StdoutLine: {'line': b'-- Up-to-date symlink: /home/ubuntu/rb3302_final_proj_code/robot_ws/install/yesense_interface/lib/python3.12/site-packages/yesense_interface/yesense_interface_s__rosidl_typesupport_c.so\n'}
[51.506144] (yesense_interface) StdoutLine: {'line': b'-- Symlinking: /home/ubuntu/rb3302_final_proj_code/robot_ws/install/yesense_interface/share/ament_index/resource_index/rust_packages/yesense_interface\n'}
[51.531665] (yesense_interface) StdoutLine: {'line': b'-- Symlinking: /home/ubuntu/rb3302_final_proj_code/robot_ws/install/yesense_interface/share/yesense_interface/rust/Cargo.toml\n'}
[51.553127] (yesense_interface) StdoutLine: {'line': b'-- Symlinking: /home/ubuntu/rb3302_final_proj_code/robot_ws/install/yesense_interface/share/yesense_interface/rust/build.rs\n'}
[51.594176] (yesense_interface) StdoutLine: {'line': b'-- Symlinking: /home/ubuntu/rb3302_final_proj_code/robot_ws/install/yesense_interface/share/yesense_interface/rust/src/lib.rs\n'}
[51.598035] (-) TimerEvent: {}
[51.615912] (yesense_interface) StdoutLine: {'line': b'-- Symlinking: /home/ubuntu/rb3302_final_proj_code/robot_ws/install/yesense_interface/share/yesense_interface/rust/src/msg.rs\n'}
[51.638466] (yesense_interface) StdoutLine: {'line': b'-- Symlinking: /home/ubuntu/rb3302_final_proj_code/robot_ws/install/yesense_interface/share/yesense_interface/rust/src/msg/rmw.rs\n'}
[51.675510] (yesense_interface) StdoutLine: {'line': b'-- Symlinking: /home/ubuntu/rb3302_final_proj_code/robot_ws/install/yesense_interface/share/yesense_interface/msg/Tid.idl\n'}
[51.693901] (yesense_interface) StdoutLine: {'line': b'-- Symlinking: /home/ubuntu/rb3302_final_proj_code/robot_ws/install/yesense_interface/share/yesense_interface/msg/ThreeAxis.idl\n'}
[51.698336] (-) TimerEvent: {}
[51.714135] (yesense_interface) StdoutLine: {'line': b'-- Symlinking: /home/ubuntu/rb3302_final_proj_code/robot_ws/install/yesense_interface/share/yesense_interface/msg/SensorTemp.idl\n'}
[51.733373] (yesense_interface) StdoutLine: {'line': b'-- Symlinking: /home/ubuntu/rb3302_final_proj_code/robot_ws/install/yesense_interface/share/yesense_interface/msg/Pressure.idl\n'}
[51.754244] (yesense_interface) StdoutLine: {'line': b'-- Symlinking: /home/ubuntu/rb3302_final_proj_code/robot_ws/install/yesense_interface/share/yesense_interface/msg/EulerAngle.idl\n'}
[51.772991] (yesense_interface) StdoutLine: {'line': b'-- Symlinking: /home/ubuntu/rb3302_final_proj_code/robot_ws/install/yesense_interface/share/yesense_interface/msg/Quat.idl\n'}
[51.794885] (yesense_interface) StdoutLine: {'line': b'-- Symlinking: /home/ubuntu/rb3302_final_proj_code/robot_ws/install/yesense_interface/share/yesense_interface/msg/GnssPos.idl\n'}
[51.798553] (-) TimerEvent: {}
[51.815233] (yesense_interface) StdoutLine: {'line': b'-- Symlinking: /home/ubuntu/rb3302_final_proj_code/robot_ws/install/yesense_interface/share/yesense_interface/msg/NavStatus.idl\n'}
[51.837501] (yesense_interface) StdoutLine: {'line': b'-- Symlinking: /home/ubuntu/rb3302_final_proj_code/robot_ws/install/yesense_interface/share/yesense_interface/msg/Vel.idl\n'}
[51.859609] (yesense_interface) StdoutLine: {'line': b'-- Symlinking: /home/ubuntu/rb3302_final_proj_code/robot_ws/install/yesense_interface/share/yesense_interface/msg/Utc.idl\n'}
[51.881657] (yesense_interface) StdoutLine: {'line': b'-- Symlinking: /home/ubuntu/rb3302_final_proj_code/robot_ws/install/yesense_interface/share/yesense_interface/msg/SampleTimestamp.idl\n'}
[51.898915] (-) TimerEvent: {}
[51.902462] (yesense_interface) StdoutLine: {'line': b'-- Symlinking: /home/ubuntu/rb3302_final_proj_code/robot_ws/install/yesense_interface/share/yesense_interface/msg/ImuData.idl\n'}
[51.923357] (yesense_interface) StdoutLine: {'line': b'-- Symlinking: /home/ubuntu/rb3302_final_proj_code/robot_ws/install/yesense_interface/share/yesense_interface/msg/ImuDataTenAxis.idl\n'}
[51.945664] (yesense_interface) StdoutLine: {'line': b'-- Symlinking: /home/ubuntu/rb3302_final_proj_code/robot_ws/install/yesense_interface/share/yesense_interface/msg/EulerOnly.idl\n'}
[51.967700] (yesense_interface) StdoutLine: {'line': b'-- Symlinking: /home/ubuntu/rb3302_final_proj_code/robot_ws/install/yesense_interface/share/yesense_interface/msg/RobotLord.idl\n'}
[51.989876] (yesense_interface) StdoutLine: {'line': b'-- Symlinking: /home/ubuntu/rb3302_final_proj_code/robot_ws/install/yesense_interface/share/yesense_interface/msg/AttitudeMinVru.idl\n'}
[51.999233] (-) TimerEvent: {}
[52.011998] (yesense_interface) StdoutLine: {'line': b'-- Symlinking: /home/ubuntu/rb3302_final_proj_code/robot_ws/install/yesense_interface/share/yesense_interface/msg/AttitudeMinAhrs.idl\n'}
[52.034151] (yesense_interface) StdoutLine: {'line': b'-- Symlinking: /home/ubuntu/rb3302_final_proj_code/robot_ws/install/yesense_interface/share/yesense_interface/msg/AttitudeAllData.idl\n'}
[52.055447] (yesense_interface) StdoutLine: {'line': b'-- Symlinking: /home/ubuntu/rb3302_final_proj_code/robot_ws/install/yesense_interface/share/yesense_interface/msg/PosOnly.idl\n'}
[52.075859] (yesense_interface) StdoutLine: {'line': b'-- Symlinking: /home/ubuntu/rb3302_final_proj_code/robot_ws/install/yesense_interface/share/yesense_interface/msg/NavMin.idl\n'}
[52.096871] (yesense_interface) StdoutLine: {'line': b'-- Symlinking: /home/ubuntu/rb3302_final_proj_code/robot_ws/install/yesense_interface/share/yesense_interface/msg/NavMinUtc.idl\n'}
[52.099469] (-) TimerEvent: {}
[52.130649] (yesense_interface) StdoutLine: {'line': b'-- Symlinking: /home/ubuntu/rb3302_final_proj_code/robot_ws/install/yesense_interface/share/yesense_interface/msg/NavAll.idl\n'}
[52.153613] (yesense_interface) StdoutLine: {'line': b'-- Symlinking: /home/ubuntu/rb3302_final_proj_code/robot_ws/install/yesense_interface/share/yesense_interface/msg/Tid.msg\n'}
[52.194214] (yesense_interface) StdoutLine: {'line': b'-- Symlinking: /home/ubuntu/rb3302_final_proj_code/robot_ws/install/yesense_interface/share/yesense_interface/msg/ThreeAxis.msg\n'}
[52.199744] (-) TimerEvent: {}
[52.216449] (yesense_interface) StdoutLine: {'line': b'-- Symlinking: /home/ubuntu/rb3302_final_proj_code/robot_ws/install/yesense_interface/share/yesense_interface/msg/SensorTemp.msg\n'}
[52.238653] (yesense_interface) StdoutLine: {'line': b'-- Symlinking: /home/ubuntu/rb3302_final_proj_code/robot_ws/install/yesense_interface/share/yesense_interface/msg/Pressure.msg\n'}
[52.261176] (yesense_interface) StdoutLine: {'line': b'-- Symlinking: /home/ubuntu/rb3302_final_proj_code/robot_ws/install/yesense_interface/share/yesense_interface/msg/EulerAngle.msg\n'}
[52.283349] (yesense_interface) StdoutLine: {'line': b'-- Symlinking: /home/ubuntu/rb3302_final_proj_code/robot_ws/install/yesense_interface/share/yesense_interface/msg/Quat.msg\n'}
[52.300089] (-) TimerEvent: {}
[52.303895] (yesense_interface) StdoutLine: {'line': b'-- Symlinking: /home/ubuntu/rb3302_final_proj_code/robot_ws/install/yesense_interface/share/yesense_interface/msg/GnssPos.msg\n'}
[52.332650] (yesense_interface) StdoutLine: {'line': b'-- Symlinking: /home/ubuntu/rb3302_final_proj_code/robot_ws/install/yesense_interface/share/yesense_interface/msg/NavStatus.msg\n'}
[52.353987] (yesense_interface) StdoutLine: {'line': b'-- Symlinking: /home/ubuntu/rb3302_final_proj_code/robot_ws/install/yesense_interface/share/yesense_interface/msg/Vel.msg\n'}
[52.392659] (yesense_interface) StdoutLine: {'line': b'-- Symlinking: /home/ubuntu/rb3302_final_proj_code/robot_ws/install/yesense_interface/share/yesense_interface/msg/Utc.msg\n'}
[52.400585] (-) TimerEvent: {}
[52.415550] (yesense_interface) StdoutLine: {'line': b'-- Symlinking: /home/ubuntu/rb3302_final_proj_code/robot_ws/install/yesense_interface/share/yesense_interface/msg/SampleTimestamp.msg\n'}
[52.437903] (yesense_interface) StdoutLine: {'line': b'-- Symlinking: /home/ubuntu/rb3302_final_proj_code/robot_ws/install/yesense_interface/share/yesense_interface/msg/ImuData.msg\n'}
[52.460795] (yesense_interface) StdoutLine: {'line': b'-- Symlinking: /home/ubuntu/rb3302_final_proj_code/robot_ws/install/yesense_interface/share/yesense_interface/msg/ImuDataTenAxis.msg\n'}
[52.482467] (yesense_interface) StdoutLine: {'line': b'-- Symlinking: /home/ubuntu/rb3302_final_proj_code/robot_ws/install/yesense_interface/share/yesense_interface/msg/EulerOnly.msg\n'}
[52.501021] (-) TimerEvent: {}
[52.504919] (yesense_interface) StdoutLine: {'line': b'-- Symlinking: /home/ubuntu/rb3302_final_proj_code/robot_ws/install/yesense_interface/share/yesense_interface/msg/RobotLord.msg\n'}
[52.525478] (yesense_interface) StdoutLine: {'line': b'-- Symlinking: /home/ubuntu/rb3302_final_proj_code/robot_ws/install/yesense_interface/share/yesense_interface/msg/AttitudeMinVru.msg\n'}
[52.545564] (yesense_interface) StdoutLine: {'line': b'-- Symlinking: /home/ubuntu/rb3302_final_proj_code/robot_ws/install/yesense_interface/share/yesense_interface/msg/AttitudeMinAhrs.msg\n'}
[52.567059] (yesense_interface) StdoutLine: {'line': b'-- Symlinking: /home/ubuntu/rb3302_final_proj_code/robot_ws/install/yesense_interface/share/yesense_interface/msg/AttitudeAllData.msg\n'}
[52.601354] (-) TimerEvent: {}
[52.606454] (yesense_interface) StdoutLine: {'line': b'-- Symlinking: /home/ubuntu/rb3302_final_proj_code/robot_ws/install/yesense_interface/share/yesense_interface/msg/PosOnly.msg\n'}
[52.628967] (yesense_interface) StdoutLine: {'line': b'-- Symlinking: /home/ubuntu/rb3302_final_proj_code/robot_ws/install/yesense_interface/share/yesense_interface/msg/NavMin.msg\n'}
[52.651593] (yesense_interface) StdoutLine: {'line': b'-- Symlinking: /home/ubuntu/rb3302_final_proj_code/robot_ws/install/yesense_interface/share/yesense_interface/msg/NavMinUtc.msg\n'}
[52.673734] (yesense_interface) StdoutLine: {'line': b'-- Symlinking: /home/ubuntu/rb3302_final_proj_code/robot_ws/install/yesense_interface/share/yesense_interface/msg/NavAll.msg\n'}
[52.696803] (yesense_interface) StdoutLine: {'line': b'-- Symlinking: /home/ubuntu/rb3302_final_proj_code/robot_ws/install/yesense_interface/share/ament_index/resource_index/package_run_dependencies/yesense_interface\n'}
[52.701492] (-) TimerEvent: {}
[52.743641] (yesense_interface) StdoutLine: {'line': b'-- Symlinking: /home/ubuntu/rb3302_final_proj_code/robot_ws/install/yesense_interface/share/ament_index/resource_index/parent_prefix_path/yesense_interface\n'}
[52.765942] (yesense_interface) StdoutLine: {'line': b'-- Symlinking: /home/ubuntu/rb3302_final_proj_code/robot_ws/install/yesense_interface/share/yesense_interface/environment/ament_prefix_path.sh\n'}
[52.786241] (yesense_interface) StdoutLine: {'line': b'-- Symlinking: /home/ubuntu/rb3302_final_proj_code/robot_ws/install/yesense_interface/share/yesense_interface/environment/ament_prefix_path.dsv\n'}
[52.801773] (-) TimerEvent: {}
[52.807606] (yesense_interface) StdoutLine: {'line': b'-- Symlinking: /home/ubuntu/rb3302_final_proj_code/robot_ws/install/yesense_interface/share/yesense_interface/environment/path.sh\n'}
[52.830103] (yesense_interface) StdoutLine: {'line': b'-- Symlinking: /home/ubuntu/rb3302_final_proj_code/robot_ws/install/yesense_interface/share/yesense_interface/environment/path.dsv\n'}
[52.850806] (yesense_interface) StdoutLine: {'line': b'-- Symlinking: /home/ubuntu/rb3302_final_proj_code/robot_ws/install/yesense_interface/share/yesense_interface/local_setup.bash\n'}
[52.874153] (yesense_interface) StdoutLine: {'line': b'-- Symlinking: /home/ubuntu/rb3302_final_proj_code/robot_ws/install/yesense_interface/share/yesense_interface/local_setup.sh\n'}
[52.894957] (yesense_interface) StdoutLine: {'line': b'-- Symlinking: /home/ubuntu/rb3302_final_proj_code/robot_ws/install/yesense_interface/share/yesense_interface/local_setup.zsh\n'}
[52.902007] (-) TimerEvent: {}
[52.932628] (yesense_interface) StdoutLine: {'line': b'-- Symlinking: /home/ubuntu/rb3302_final_proj_code/robot_ws/install/yesense_interface/share/yesense_interface/local_setup.dsv\n'}
[52.954729] (yesense_interface) StdoutLine: {'line': b'-- Symlinking: /home/ubuntu/rb3302_final_proj_code/robot_ws/install/yesense_interface/share/yesense_interface/package.dsv\n'}
[52.978095] (yesense_interface) StdoutLine: {'line': b'-- Symlinking: /home/ubuntu/rb3302_final_proj_code/robot_ws/install/yesense_interface/share/ament_index/resource_index/packages/yesense_interface\n'}
[53.002454] (-) TimerEvent: {}
[53.019257] (yesense_interface) StdoutLine: {'line': b'-- Symlinking: /home/ubuntu/rb3302_final_proj_code/robot_ws/install/yesense_interface/share/yesense_interface/cmake/rosidl_cmake-extras.cmake\n'}
[53.041477] (yesense_interface) StdoutLine: {'line': b'-- Symlinking: /home/ubuntu/rb3302_final_proj_code/robot_ws/install/yesense_interface/share/yesense_interface/cmake/ament_cmake_export_include_directories-extras.cmake\n'}
[53.063476] (yesense_interface) StdoutLine: {'line': b'-- Symlinking: /home/ubuntu/rb3302_final_proj_code/robot_ws/install/yesense_interface/share/yesense_interface/cmake/ament_cmake_export_libraries-extras.cmake\n'}
[53.102823] (-) TimerEvent: {}
[53.104574] (yesense_interface) StdoutLine: {'line': b'-- Symlinking: /home/ubuntu/rb3302_final_proj_code/robot_ws/install/yesense_interface/share/yesense_interface/cmake/ament_cmake_export_targets-extras.cmake\n'}
[53.145948] (yesense_interface) StdoutLine: {'line': b'-- Symlinking: /home/ubuntu/rb3302_final_proj_code/robot_ws/install/yesense_interface/share/yesense_interface/cmake/rosidl_cmake_export_typesupport_targets-extras.cmake\n'}
[53.168306] (yesense_interface) StdoutLine: {'line': b'-- Symlinking: /home/ubuntu/rb3302_final_proj_code/robot_ws/install/yesense_interface/share/yesense_interface/cmake/ament_cmake_export_dependencies-extras.cmake\n'}
[53.190569] (yesense_interface) StdoutLine: {'line': b'-- Symlinking: /home/ubuntu/rb3302_final_proj_code/robot_ws/install/yesense_interface/share/yesense_interface/cmake/rosidl_cmake_export_typesupport_libraries-extras.cmake\n'}
[53.202981] (-) TimerEvent: {}
[53.232558] (yesense_interface) StdoutLine: {'line': b'-- Symlinking: /home/ubuntu/rb3302_final_proj_code/robot_ws/install/yesense_interface/share/yesense_interface/cmake/rosidl_cmake_aggregate_target-extras.cmake\n'}
[53.256459] (yesense_interface) StdoutLine: {'line': b'-- Symlinking: /home/ubuntu/rb3302_final_proj_code/robot_ws/install/yesense_interface/share/yesense_interface/cmake/yesense_interfaceConfig.cmake\n'}
[53.276456] (yesense_interface) StdoutLine: {'line': b'-- Symlinking: /home/ubuntu/rb3302_final_proj_code/robot_ws/install/yesense_interface/share/yesense_interface/cmake/yesense_interfaceConfig-version.cmake\n'}
[53.296960] (yesense_interface) StdoutLine: {'line': b'-- Symlinking: /home/ubuntu/rb3302_final_proj_code/robot_ws/install/yesense_interface/share/yesense_interface/package.xml\n'}
[53.303315] (-) TimerEvent: {}
[53.318524] (yesense_interface) StdoutLine: {'line': b'-- Installing: /home/ubuntu/rb3302_final_proj_code/robot_ws/install/yesense_interface/lib/libyesense_interface__rosidl_generator_c.so\n'}
[53.325543] (yesense_interface) StdoutLine: {'line': b'-- Set non-toolchain portion of runtime path of "/home/ubuntu/rb3302_final_proj_code/robot_ws/install/yesense_interface/lib/libyesense_interface__rosidl_generator_c.so" to ""\n'}
[53.327110] (yesense_interface) StdoutLine: {'line': b'-- Installing: /home/ubuntu/rb3302_final_proj_code/robot_ws/install/yesense_interface/lib/libyesense_interface__rosidl_typesupport_fastrtps_c.so\n'}
[53.330899] (yesense_interface) StdoutLine: {'line': b'-- Set non-toolchain portion of runtime path of "/home/ubuntu/rb3302_final_proj_code/robot_ws/install/yesense_interface/lib/libyesense_interface__rosidl_typesupport_fastrtps_c.so" to ""\n'}
[53.333099] (yesense_interface) StdoutLine: {'line': b'-- Installing: /home/ubuntu/rb3302_final_proj_code/robot_ws/install/yesense_interface/lib/libyesense_interface__rosidl_typesupport_introspection_c.so\n'}
[53.336884] (yesense_interface) StdoutLine: {'line': b'-- Set non-toolchain portion of runtime path of "/home/ubuntu/rb3302_final_proj_code/robot_ws/install/yesense_interface/lib/libyesense_interface__rosidl_typesupport_introspection_c.so" to ""\n'}
[53.338847] (yesense_interface) StdoutLine: {'line': b'-- Installing: /home/ubuntu/rb3302_final_proj_code/robot_ws/install/yesense_interface/lib/libyesense_interface__rosidl_typesupport_c.so\n'}
[53.342593] (yesense_interface) StdoutLine: {'line': b'-- Set non-toolchain portion of runtime path of "/home/ubuntu/rb3302_final_proj_code/robot_ws/install/yesense_interface/lib/libyesense_interface__rosidl_typesupport_c.so" to ""\n'}
[53.344343] (yesense_interface) StdoutLine: {'line': b'-- Installing: /home/ubuntu/rb3302_final_proj_code/robot_ws/install/yesense_interface/lib/libyesense_interface__rosidl_typesupport_fastrtps_cpp.so\n'}
[53.349961] (yesense_interface) StdoutLine: {'line': b'-- Set non-toolchain portion of runtime path of "/home/ubuntu/rb3302_final_proj_code/robot_ws/install/yesense_interface/lib/libyesense_interface__rosidl_typesupport_fastrtps_cpp.so" to ""\n'}
[53.351649] (yesense_interface) StdoutLine: {'line': b'-- Installing: /home/ubuntu/rb3302_final_proj_code/robot_ws/install/yesense_interface/lib/libyesense_interface__rosidl_typesupport_introspection_cpp.so\n'}
[53.354600] (yesense_interface) StdoutLine: {'line': b'-- Set non-toolchain portion of runtime path of "/home/ubuntu/rb3302_final_proj_code/robot_ws/install/yesense_interface/lib/libyesense_interface__rosidl_typesupport_introspection_cpp.so" to ""\n'}
[53.355827] (yesense_interface) StdoutLine: {'line': b'-- Installing: /home/ubuntu/rb3302_final_proj_code/robot_ws/install/yesense_interface/lib/libyesense_interface__rosidl_typesupport_cpp.so\n'}
[53.358714] (yesense_interface) StdoutLine: {'line': b'-- Set non-toolchain portion of runtime path of "/home/ubuntu/rb3302_final_proj_code/robot_ws/install/yesense_interface/lib/libyesense_interface__rosidl_typesupport_cpp.so" to ""\n'}
[53.403633] (-) TimerEvent: {}
[53.460632] (yesense_interface) StdoutLine: {'line': b"Listing '/home/ubuntu/rb3302_final_proj_code/robot_ws/install/yesense_interface/lib/python3.12/site-packages/yesense_interface'...\n"}
[53.462153] (yesense_interface) StdoutLine: {'line': b"Compiling '/home/ubuntu/rb3302_final_proj_code/robot_ws/install/yesense_interface/lib/python3.12/site-packages/yesense_interface/__init__.py'...\n"}
[53.463301] (yesense_interface) StdoutLine: {'line': b"Listing '/home/ubuntu/rb3302_final_proj_code/robot_ws/install/yesense_interface/lib/python3.12/site-packages/yesense_interface/msg'...\n"}
[53.463803] (yesense_interface) StdoutLine: {'line': b"Compiling '/home/ubuntu/rb3302_final_proj_code/robot_ws/install/yesense_interface/lib/python3.12/site-packages/yesense_interface/msg/__init__.py'...\n"}
[53.464214] (yesense_interface) StdoutLine: {'line': b"Compiling '/home/ubuntu/rb3302_final_proj_code/robot_ws/install/yesense_interface/lib/python3.12/site-packages/yesense_interface/msg/_attitude_all_data.py'...\n"}
[53.464682] (yesense_interface) StdoutLine: {'line': b"Compiling '/home/ubuntu/rb3302_final_proj_code/robot_ws/install/yesense_interface/lib/python3.12/site-packages/yesense_interface/msg/_attitude_min_ahrs.py'...\n"}
[53.465682] (yesense_interface) StdoutLine: {'line': b"Compiling '/home/ubuntu/rb3302_final_proj_code/robot_ws/install/yesense_interface/lib/python3.12/site-packages/yesense_interface/msg/_attitude_min_vru.py'...\n"}
[53.466850] (yesense_interface) StdoutLine: {'line': b"Compiling '/home/ubuntu/rb3302_final_proj_code/robot_ws/install/yesense_interface/lib/python3.12/site-packages/yesense_interface/msg/_euler_angle.py'...\n"}
[53.467903] (yesense_interface) StdoutLine: {'line': b"Compiling '/home/ubuntu/rb3302_final_proj_code/robot_ws/install/yesense_interface/lib/python3.12/site-packages/yesense_interface/msg/_euler_only.py'...\n"}
[53.469173] (yesense_interface) StdoutLine: {'line': b"Compiling '/home/ubuntu/rb3302_final_proj_code/robot_ws/install/yesense_interface/lib/python3.12/site-packages/yesense_interface/msg/_gnss_pos.py'...\n"}
[53.470906] (yesense_interface) StdoutLine: {'line': b"Compiling '/home/ubuntu/rb3302_final_proj_code/robot_ws/install/yesense_interface/lib/python3.12/site-packages/yesense_interface/msg/_imu_data.py'...\n"}
[53.472069] (yesense_interface) StdoutLine: {'line': b"Compiling '/home/ubuntu/rb3302_final_proj_code/robot_ws/install/yesense_interface/lib/python3.12/site-packages/yesense_interface/msg/_imu_data_ten_axis.py'...\n"}
[53.473230] (yesense_interface) StdoutLine: {'line': b"Compiling '/home/ubuntu/rb3302_final_proj_code/robot_ws/install/yesense_interface/lib/python3.12/site-packages/yesense_interface/msg/_nav_all.py'...\n"}
[53.474464] (yesense_interface) StdoutLine: {'line': b"Compiling '/home/ubuntu/rb3302_final_proj_code/robot_ws/install/yesense_interface/lib/python3.12/site-packages/yesense_interface/msg/_nav_min.py'...\n"}
[53.475614] (yesense_interface) StdoutLine: {'line': b"Compiling '/home/ubuntu/rb3302_final_proj_code/robot_ws/install/yesense_interface/lib/python3.12/site-packages/yesense_interface/msg/_nav_min_utc.py'...\n"}
[53.477008] (yesense_interface) StdoutLine: {'line': b"Compiling '/home/ubuntu/rb3302_final_proj_code/robot_ws/install/yesense_interface/lib/python3.12/site-packages/yesense_interface/msg/_nav_status.py'...\n"}
[53.478041] (yesense_interface) StdoutLine: {'line': b"Compiling '/home/ubuntu/rb3302_final_proj_code/robot_ws/install/yesense_interface/lib/python3.12/site-packages/yesense_interface/msg/_pos_only.py'...\n"}
[53.479274] (yesense_interface) StdoutLine: {'line': b"Compiling '/home/ubuntu/rb3302_final_proj_code/robot_ws/install/yesense_interface/lib/python3.12/site-packages/yesense_interface/msg/_pressure.py'...\n"}
[53.479985] (yesense_interface) StdoutLine: {'line': b"Compiling '/home/ubuntu/rb3302_final_proj_code/robot_ws/install/yesense_interface/lib/python3.12/site-packages/yesense_interface/msg/_quat.py'...\n"}
[53.481481] (yesense_interface) StdoutLine: {'line': b"Compiling '/home/ubuntu/rb3302_final_proj_code/robot_ws/install/yesense_interface/lib/python3.12/site-packages/yesense_interface/msg/_robot_lord.py'...\n"}
[53.482817] (yesense_interface) StdoutLine: {'line': b"Compiling '/home/ubuntu/rb3302_final_proj_code/robot_ws/install/yesense_interface/lib/python3.12/site-packages/yesense_interface/msg/_sample_timestamp.py'...\n"}
[53.484002] (yesense_interface) StdoutLine: {'line': b"Compiling '/home/ubuntu/rb3302_final_proj_code/robot_ws/install/yesense_interface/lib/python3.12/site-packages/yesense_interface/msg/_sensor_temp.py'...\n"}
[53.485546] (yesense_interface) StdoutLine: {'line': b"Compiling '/home/ubuntu/rb3302_final_proj_code/robot_ws/install/yesense_interface/lib/python3.12/site-packages/yesense_interface/msg/_three_axis.py'...\n"}
[53.486974] (yesense_interface) StdoutLine: {'line': b"Compiling '/home/ubuntu/rb3302_final_proj_code/robot_ws/install/yesense_interface/lib/python3.12/site-packages/yesense_interface/msg/_tid.py'...\n"}
[53.488672] (yesense_interface) StdoutLine: {'line': b"Compiling '/home/ubuntu/rb3302_final_proj_code/robot_ws/install/yesense_interface/lib/python3.12/site-packages/yesense_interface/msg/_utc.py'...\n"}
[53.489192] (yesense_interface) StdoutLine: {'line': b"Compiling '/home/ubuntu/rb3302_final_proj_code/robot_ws/install/yesense_interface/lib/python3.12/site-packages/yesense_interface/msg/_vel.py'...\n"}
[53.490081] (yesense_interface) StdoutLine: {'line': b'-- Installing: /home/ubuntu/rb3302_final_proj_code/robot_ws/install/yesense_interface/lib/libyesense_interface__rosidl_generator_py.so\n'}
[53.491545] (yesense_interface) StdoutLine: {'line': b'-- Set non-toolchain portion of runtime path of "/home/ubuntu/rb3302_final_proj_code/robot_ws/install/yesense_interface/lib/libyesense_interface__rosidl_generator_py.so" to ""\n'}
[53.492592] (yesense_interface) StdoutLine: {'line': b'-- Installing: /home/ubuntu/rb3302_final_proj_code/robot_ws/install/yesense_interface/share/yesense_interface/cmake/export_yesense_interface__rosidl_generator_cExport.cmake\n'}
[53.493971] (yesense_interface) StdoutLine: {'line': b'-- Installing: /home/ubuntu/rb3302_final_proj_code/robot_ws/install/yesense_interface/share/yesense_interface/cmake/export_yesense_interface__rosidl_generator_cExport-noconfig.cmake\n'}
[53.495273] (yesense_interface) StdoutLine: {'line': b'-- Installing: /home/ubuntu/rb3302_final_proj_code/robot_ws/install/yesense_interface/share/yesense_interface/cmake/export_yesense_interface__rosidl_typesupport_fastrtps_cExport.cmake\n'}
[53.496956] (yesense_interface) StdoutLine: {'line': b'-- Installing: /home/ubuntu/rb3302_final_proj_code/robot_ws/install/yesense_interface/share/yesense_interface/cmake/export_yesense_interface__rosidl_typesupport_fastrtps_cExport-noconfig.cmake\n'}
[53.498444] (yesense_interface) StdoutLine: {'line': b'-- Installing: /home/ubuntu/rb3302_final_proj_code/robot_ws/install/yesense_interface/share/yesense_interface/cmake/yesense_interface__rosidl_typesupport_introspection_cExport.cmake\n'}
[53.499592] (yesense_interface) StdoutLine: {'line': b'-- Installing: /home/ubuntu/rb3302_final_proj_code/robot_ws/install/yesense_interface/share/yesense_interface/cmake/yesense_interface__rosidl_typesupport_introspection_cExport-noconfig.cmake\n'}
[53.500743] (yesense_interface) StdoutLine: {'line': b'-- Installing: /home/ubuntu/rb3302_final_proj_code/robot_ws/install/yesense_interface/share/yesense_interface/cmake/yesense_interface__rosidl_typesupport_cExport.cmake\n'}
[53.501883] (yesense_interface) StdoutLine: {'line': b'-- Installing: /home/ubuntu/rb3302_final_proj_code/robot_ws/install/yesense_interface/share/yesense_interface/cmake/yesense_interface__rosidl_typesupport_cExport-noconfig.cmake\n'}
[53.503146] (yesense_interface) StdoutLine: {'line': b'-- Installing: /home/ubuntu/rb3302_final_proj_code/robot_ws/install/yesense_interface/share/yesense_interface/cmake/export_yesense_interface__rosidl_generator_cppExport.cmake\n'}
[53.504374] (-) TimerEvent: {}
[53.505192] (yesense_interface) StdoutLine: {'line': b'-- Installing: /home/ubuntu/rb3302_final_proj_code/robot_ws/install/yesense_interface/share/yesense_interface/cmake/export_yesense_interface__rosidl_typesupport_fastrtps_cppExport.cmake\n'}
[53.506540] (yesense_interface) StdoutLine: {'line': b'-- Installing: /home/ubuntu/rb3302_final_proj_code/robot_ws/install/yesense_interface/share/yesense_interface/cmake/export_yesense_interface__rosidl_typesupport_fastrtps_cppExport-noconfig.cmake\n'}
[53.507541] (yesense_interface) StdoutLine: {'line': b'-- Installing: /home/ubuntu/rb3302_final_proj_code/robot_ws/install/yesense_interface/share/yesense_interface/cmake/yesense_interface__rosidl_typesupport_introspection_cppExport.cmake\n'}
[53.508706] (yesense_interface) StdoutLine: {'line': b'-- Installing: /home/ubuntu/rb3302_final_proj_code/robot_ws/install/yesense_interface/share/yesense_interface/cmake/yesense_interface__rosidl_typesupport_introspection_cppExport-noconfig.cmake\n'}
[53.509689] (yesense_interface) StdoutLine: {'line': b'-- Installing: /home/ubuntu/rb3302_final_proj_code/robot_ws/install/yesense_interface/share/yesense_interface/cmake/yesense_interface__rosidl_typesupport_cppExport.cmake\n'}
[53.510668] (yesense_interface) StdoutLine: {'line': b'-- Installing: /home/ubuntu/rb3302_final_proj_code/robot_ws/install/yesense_interface/share/yesense_interface/cmake/yesense_interface__rosidl_typesupport_cppExport-noconfig.cmake\n'}
[53.511639] (yesense_interface) StdoutLine: {'line': b'-- Installing: /home/ubuntu/rb3302_final_proj_code/robot_ws/install/yesense_interface/share/yesense_interface/cmake/export_yesense_interface__rosidl_generator_pyExport.cmake\n'}
[53.512630] (yesense_interface) StdoutLine: {'line': b'-- Installing: /home/ubuntu/rb3302_final_proj_code/robot_ws/install/yesense_interface/share/yesense_interface/cmake/export_yesense_interface__rosidl_generator_pyExport-noconfig.cmake\n'}
[53.517239] (yesense_interface) CommandEnded: {'returncode': 0}
[53.604823] (-) TimerEvent: {}
[53.673013] (yesense_interface) JobEnded: {'identifier': 'yesense_interface', 'rc': 0}
[53.678545] (yesense_std_ros2) JobStarted: {'identifier': 'yesense_std_ros2'}
[53.705112] (-) TimerEvent: {}
[53.714154] (yesense_std_ros2) JobProgress: {'identifier': 'yesense_std_ros2', 'progress': 'cmake'}
[53.717928] (yesense_std_ros2) Command: {'cmd': ['/usr/bin/cmake', '/home/ubuntu/rb3302_final_proj_code/robot_ws/src/yesense_std_ros2', '-DAMENT_CMAKE_SYMLINK_INSTALL=1', '-DCMAKE_INSTALL_PREFIX=/home/ubuntu/rb3302_final_proj_code/robot_ws/install/yesense_std_ros2'], 'cwd': '/home/ubuntu/rb3302_final_proj_code/robot_ws/build/yesense_std_ros2', 'env': OrderedDict({'USER': 'ubuntu', 'SSH_CLIENT': '10.42.0.1 50976 22', 'GZ_CONFIG_PATH': '/opt/ros/jazzy/opt/gz_sim_vendor/share/gz:/opt/ros/jazzy/opt/sdformat_vendor/share/gz:/opt/ros/jazzy/opt/gz_gui_vendor/share/gz:/opt/ros/jazzy/opt/gz_transport_vendor/share/gz:/opt/ros/jazzy/opt/gz_rendering_vendor/share/gz:/opt/ros/jazzy/opt/gz_plugin_vendor/share/gz:/opt/ros/jazzy/opt/gz_fuel_tools_vendor/share/gz:/opt/ros/jazzy/opt/gz_msgs_vendor/share/gz:/opt/ros/jazzy/opt/gz_common_vendor/share/gz', 'XDG_SESSION_TYPE': 'tty', 'SHLVL': '2', 'LD_LIBRARY_PATH': '/home/ubuntu/rb3302_final_proj_code/robot_ws/install/yesense_interface/lib:/home/ubuntu/rb3302_final_proj_code/robot_ws/install/serial/lib:/opt/ros/jazzy/opt/gz_sim_vendor/lib:/opt/ros/jazzy/opt/gz_sensors_vendor/lib:/opt/ros/jazzy/opt/gz_physics_vendor/lib:/opt/ros/jazzy/opt/sdformat_vendor/lib:/opt/ros/jazzy/opt/rviz_ogre_vendor/lib:/opt/ros/jazzy/lib/aarch64-linux-gnu:/opt/ros/jazzy/opt/gz_gui_vendor/lib:/opt/ros/jazzy/opt/gz_transport_vendor/lib:/opt/ros/jazzy/opt/gz_rendering_vendor/lib:/opt/ros/jazzy/opt/gz_plugin_vendor/lib:/opt/ros/jazzy/opt/gz_fuel_tools_vendor/lib:/opt/ros/jazzy/opt/gz_msgs_vendor/lib:/opt/ros/jazzy/opt/gz_common_vendor/lib:/opt/ros/jazzy/opt/gz_math_vendor/lib:/opt/ros/jazzy/opt/gz_utils_vendor/lib:/opt/ros/jazzy/opt/gz_tools_vendor/lib:/opt/ros/jazzy/opt/gz_ogre_next_vendor/lib:/opt/ros/jazzy/opt/gz_dartsim_vendor/lib:/opt/ros/jazzy/opt/gz_cmake_vendor/lib:/opt/ros/jazzy/lib', 'HOME': '/home/ubuntu', 'OLDPWD': '/home/ubuntu', 'SSH_TTY': '/dev/pts/0', 'ROS_PYTHON_VERSION': '3', 'DBUS_SESSION_BUS_ADDRESS': 'unix:path=/run/user/1000/bus', 'ROS_DISTRO': 'jazzy', 'LOGNAME': 'ubuntu', '_': '/usr/bin/colcon', 'ROS_VERSION': '2', 'XDG_SESSION_CLASS': 'user', 'TERM': 'xterm-256color', 'XDG_SESSION_ID': '1', 'PATH': '/opt/ros/jazzy/opt/gz_msgs_vendor/bin:/opt/ros/jazzy/opt/gz_tools_vendor/bin:/opt/ros/jazzy/opt/gz_ogre_next_vendor/bin:/opt/ros/jazzy/bin:/usr/local/sbin:/usr/local/bin:/usr/sbin:/usr/bin:/sbin:/bin:/usr/games:/usr/local/games:/snap/bin', 'VK_ICD_FILENAMES': '/usr/share/vulkan/icd.d/adrenovk.json', 'XDG_RUNTIME_DIR': '/run/user/1000', 'LANG': 'en_US.UTF-8', 'AMENT_PREFIX_PATH': '/home/ubuntu/rb3302_final_proj_code/robot_ws/install/yesense_interface:/home/ubuntu/rb3302_final_proj_code/robot_ws/install/serial:/opt/ros/jazzy', 'SHELL': '/bin/bash', 'ROS_AUTOMATIC_DISCOVERY_RANGE': 'SUBNET', 'PWD': '/home/ubuntu/rb3302_final_proj_code/robot_ws/build/yesense_std_ros2', 'QT_QPA_PLATFORM': 'wayland', 'LC_ALL': 'en_US.UTF-8', 'SSH_CONNECTION': '10.42.0.1 50976 10.42.0.126 22', 'XDG_DATA_DIRS': '/usr/local/share:/usr/share:/var/lib/snapd/desktop', 'PYTHONPATH': '/home/ubuntu/rb3302_final_proj_code/robot_ws/install/yesense_interface/lib/python3.12/site-packages:/opt/ros/jazzy/lib/python3.12/site-packages', 'COLCON': '1', 'CMAKE_PREFIX_PATH': '/home/ubuntu/rb3302_final_proj_code/robot_ws/install/yesense_interface:/home/ubuntu/rb3302_final_proj_code/robot_ws/install/serial:/opt/ros/jazzy/opt/gz_sim_vendor:/opt/ros/jazzy/opt/gz_sensors_vendor:/opt/ros/jazzy/opt/gz_physics_vendor:/opt/ros/jazzy/opt/sdformat_vendor:/opt/ros/jazzy/opt/gz_gui_vendor:/opt/ros/jazzy/opt/gz_transport_vendor:/opt/ros/jazzy/opt/gz_rendering_vendor:/opt/ros/jazzy/opt/gz_plugin_vendor:/opt/ros/jazzy/opt/gz_fuel_tools_vendor:/opt/ros/jazzy/opt/gz_msgs_vendor:/opt/ros/jazzy/opt/gz_common_vendor:/opt/ros/jazzy/opt/gz_math_vendor:/opt/ros/jazzy/opt/gz_utils_vendor:/opt/ros/jazzy/opt/gz_tools_vendor:/opt/ros/jazzy/opt/gz_ogre_next_vendor:/opt/ros/jazzy/opt/gz_dartsim_vendor:/opt/ros/jazzy/opt/gz_cmake_vendor:/opt/ros/jazzy'}), 'shell': False}
[53.805742] (-) TimerEvent: {}
[53.825295] (yesense_std_ros2) StdoutLine: {'line': b'-- The C compiler identification is GNU 13.3.0\n'}
[53.906270] (-) TimerEvent: {}
[53.940727] (yesense_std_ros2) StdoutLine: {'line': b'-- The CXX compiler identification is GNU 13.3.0\n'}
[53.999516] (yesense_std_ros2) StdoutLine: {'line': b'-- Detecting C compiler ABI info\n'}
[54.006439] (-) TimerEvent: {}
[54.107496] (-) TimerEvent: {}
[54.208259] (-) TimerEvent: {}
[54.274779] (yesense_std_ros2) StdoutLine: {'line': b'-- Detecting C compiler ABI info - done\n'}
[54.308554] (-) TimerEvent: {}
[54.328366] (yesense_std_ros2) StdoutLine: {'line': b'-- Check for working C compiler: /usr/bin/cc - skipped\n'}
[54.330191] (yesense_std_ros2) StdoutLine: {'line': b'-- Detecting C compile features\n'}
[54.331348] (yesense_std_ros2) StdoutLine: {'line': b'-- Detecting C compile features - done\n'}
[54.348239] (yesense_std_ros2) StdoutLine: {'line': b'-- Detecting CXX compiler ABI info\n'}
[54.408845] (-) TimerEvent: {}
[54.509911] (-) TimerEvent: {}
[54.611217] (-) TimerEvent: {}
[54.638986] (yesense_std_ros2) StdoutLine: {'line': b'-- Detecting CXX compiler ABI info - done\n'}
[54.710309] (yesense_std_ros2) StdoutLine: {'line': b'-- Check for working CXX compiler: /usr/bin/c++ - skipped\n'}
[54.711685] (-) TimerEvent: {}
[54.712376] (yesense_std_ros2) StdoutLine: {'line': b'-- Detecting CXX compile features\n'}
[54.714318] (yesense_std_ros2) StdoutLine: {'line': b'-- Detecting CXX compile features - done\n'}
[54.721827] (yesense_std_ros2) StdoutLine: {'line': b'-- Found ament_cmake: 2.5.6 (/opt/ros/jazzy/share/ament_cmake/cmake)\n'}
[54.812053] (-) TimerEvent: {}
[54.912844] (-) TimerEvent: {}
[55.014029] (-) TimerEvent: {}
[55.105705] (yesense_std_ros2) StdoutLine: {'line': b'-- Found Python3: /usr/bin/python3 (found version "3.12.3") found components: Interpreter \n'}
[55.115594] (-) TimerEvent: {}
[55.217162] (-) TimerEvent: {}
[55.272625] (yesense_std_ros2) StdoutLine: {'line': b'-- Override CMake install command with custom implementation using symlinks instead of copying resources\n'}
[55.317536] (-) TimerEvent: {}
[55.416199] (yesense_std_ros2) StdoutLine: {'line': b'-- Found rclcpp: 28.1.21 (/opt/ros/jazzy/share/rclcpp/cmake)\n'}
[55.417584] (-) TimerEvent: {}
[55.481506] (yesense_std_ros2) StdoutLine: {'line': b'-- Found rosidl_generator_c: 4.6.9 (/opt/ros/jazzy/share/rosidl_generator_c/cmake)\n'}
[55.503813] (yesense_std_ros2) StdoutLine: {'line': b'-- Found rosidl_generator_cpp: 4.6.9 (/opt/ros/jazzy/share/rosidl_generator_cpp/cmake)\n'}
[55.518026] (-) TimerEvent: {}
[55.528830] (yesense_std_ros2) StdoutLine: {'line': b'-- Using all available rosidl_typesupport_c: rosidl_typesupport_fastrtps_c;rosidl_typesupport_introspection_c\n'}
[55.556936] (yesense_std_ros2) StdoutLine: {'line': b'-- Using all available rosidl_typesupport_cpp: rosidl_typesupport_fastrtps_cpp;rosidl_typesupport_introspection_cpp\n'}
[55.618623] (-) TimerEvent: {}
[55.662958] (yesense_std_ros2) StdoutLine: {'line': b'-- Found rmw_implementation_cmake: 7.3.3 (/opt/ros/jazzy/share/rmw_implementation_cmake/cmake)\n'}
[55.668129] (yesense_std_ros2) StdoutLine: {'line': b'-- Found rmw_fastrtps_cpp: 8.4.4 (/opt/ros/jazzy/share/rmw_fastrtps_cpp/cmake)\n'}
[55.718911] (-) TimerEvent: {}
[55.820018] (-) TimerEvent: {}
[55.893867] (yesense_std_ros2) StdoutLine: {'line': b'-- Found OpenSSL: /usr/lib/aarch64-linux-gnu/libcrypto.so (found version "3.0.13")  \n'}
[55.920328] (-) TimerEvent: {}
[55.934301] (yesense_std_ros2) StdoutLine: {'line': b'-- Found FastRTPS: /opt/ros/jazzy/include (Required is at least version "2.13") \n'}
[55.988833] (yesense_std_ros2) StdoutLine: {'line': b"-- Using RMW implementation 'rmw_fastrtps_cpp' as default\n"}
[56.020864] (-) TimerEvent: {}
[56.098024] (yesense_std_ros2) StdoutLine: {'line': b'-- Found std_msgs: 5.3.8 (/opt/ros/jazzy/share/std_msgs/cmake)\n'}
[56.116253] (yesense_std_ros2) StdoutLine: {'line': b'-- Found sensor_msgs: 5.3.8 (/opt/ros/jazzy/share/sensor_msgs/cmake)\n'}
[56.121099] (-) TimerEvent: {}
[56.160029] (yesense_std_ros2) StdoutLine: {'line': b'-- Found serial: 1.2.1 (/home/ubuntu/rb3302_final_proj_code/robot_ws/install/serial/share/serial/cmake)\n'}
[56.171915] (yesense_std_ros2) StdoutLine: {'line': b'-- Found nav_msgs: 5.3.8 (/opt/ros/jazzy/share/nav_msgs/cmake)\n'}
[56.214808] (yesense_std_ros2) StdoutLine: {'line': b'-- Found visualization_msgs: 5.3.8 (/opt/ros/jazzy/share/visualization_msgs/cmake)\n'}
[56.221725] (-) TimerEvent: {}
[56.265078] (yesense_std_ros2) StdoutLine: {'line': b'-- Found rosidl_default_generators: 1.6.1 (/opt/ros/jazzy/share/rosidl_default_generators/cmake)\n'}
[56.299020] (yesense_std_ros2) StdoutLine: {'line': b'-- Found rosidl_adapter: 4.6.9 (/opt/ros/jazzy/share/rosidl_adapter/cmake)\n'}
[56.301525] (yesense_std_ros2) StdoutLine: {'line': b'-- Found yesense_interface: 1.0.0 (/home/ubuntu/rb3302_final_proj_code/robot_ws/install/yesense_interface/share/yesense_interface/cmake)\n'}
[56.322092] (-) TimerEvent: {}
[56.328046] (yesense_std_ros2) StdoutLine: {'line': b'-- Found ament_lint_auto: 0.17.5 (/opt/ros/jazzy/share/ament_lint_auto/cmake)\n'}
[56.422684] (-) TimerEvent: {}
[56.524326] (-) TimerEvent: {}
[56.569086] (yesense_std_ros2) StdoutLine: {'line': b"-- Added test 'copyright' to check source files copyright and LICENSE\n"}
[56.571282] (yesense_std_ros2) StdoutLine: {'line': b"-- Added test 'cppcheck' to perform static code analysis on C / C++ code\n"}
[56.573257] (yesense_std_ros2) StdoutLine: {'line': b'-- Configured cppcheck include dirs: \n'}
[56.574429] (yesense_std_ros2) StdoutLine: {'line': b'-- Configured cppcheck exclude dirs and/or files: \n'}
[56.576159] (yesense_std_ros2) StdoutLine: {'line': b"-- Added test 'cpplint' to check C / C++ code against the Google style\n"}
[56.577926] (yesense_std_ros2) StdoutLine: {'line': b'-- Configured cpplint exclude dirs and/or files: \n'}
[56.579120] (yesense_std_ros2) StdoutLine: {'line': b"-- Added test 'flake8' to check Python code syntax and style conventions\n"}
[56.580282] (yesense_std_ros2) StdoutLine: {'line': b"-- Configured 'flake8' exclude dirs and/or files: \n"}
[56.581807] (yesense_std_ros2) StdoutLine: {'line': b"-- Added test 'lint_cmake' to check CMake code style\n"}
[56.583063] (yesense_std_ros2) StdoutLine: {'line': b"-- Added test 'pep257' to check Python code against some of the docstring style conventions in PEP 257\n"}
[56.584443] (yesense_std_ros2) StdoutLine: {'line': b"-- Added test 'uncrustify' to check C / C++ code style\n"}
[56.585516] (yesense_std_ros2) StdoutLine: {'line': b'-- Configured uncrustify additional arguments: \n'}
[56.586603] (yesense_std_ros2) StdoutLine: {'line': b"-- Added test 'xmllint' to check XML markup files\n"}
[56.587530] (yesense_std_ros2) StdoutLine: {'line': b'-- Configuring done (2.9s)\n'}
[56.620213] (yesense_std_ros2) StdoutLine: {'line': b'-- Generating done (0.0s)\n'}
[56.624553] (-) TimerEvent: {}
[56.627174] (yesense_std_ros2) StdoutLine: {'line': b'-- Build files have been written to: /home/ubuntu/rb3302_final_proj_code/robot_ws/build/yesense_std_ros2\n'}
[56.651683] (yesense_std_ros2) CommandEnded: {'returncode': 0}
[56.662208] (yesense_std_ros2) JobProgress: {'identifier': 'yesense_std_ros2', 'progress': 'build'}
[56.662319] (yesense_std_ros2) Command: {'cmd': ['/usr/bin/cmake', '--build', '/home/ubuntu/rb3302_final_proj_code/robot_ws/build/yesense_std_ros2', '--', '-j8', '-l8'], 'cwd': '/home/ubuntu/rb3302_final_proj_code/robot_ws/build/yesense_std_ros2', 'env': OrderedDict({'USER': 'ubuntu', 'SSH_CLIENT': '10.42.0.1 50976 22', 'GZ_CONFIG_PATH': '/opt/ros/jazzy/opt/gz_sim_vendor/share/gz:/opt/ros/jazzy/opt/sdformat_vendor/share/gz:/opt/ros/jazzy/opt/gz_gui_vendor/share/gz:/opt/ros/jazzy/opt/gz_transport_vendor/share/gz:/opt/ros/jazzy/opt/gz_rendering_vendor/share/gz:/opt/ros/jazzy/opt/gz_plugin_vendor/share/gz:/opt/ros/jazzy/opt/gz_fuel_tools_vendor/share/gz:/opt/ros/jazzy/opt/gz_msgs_vendor/share/gz:/opt/ros/jazzy/opt/gz_common_vendor/share/gz', 'XDG_SESSION_TYPE': 'tty', 'SHLVL': '2', 'LD_LIBRARY_PATH': '/home/ubuntu/rb3302_final_proj_code/robot_ws/install/yesense_interface/lib:/home/ubuntu/rb3302_final_proj_code/robot_ws/install/serial/lib:/opt/ros/jazzy/opt/gz_sim_vendor/lib:/opt/ros/jazzy/opt/gz_sensors_vendor/lib:/opt/ros/jazzy/opt/gz_physics_vendor/lib:/opt/ros/jazzy/opt/sdformat_vendor/lib:/opt/ros/jazzy/opt/rviz_ogre_vendor/lib:/opt/ros/jazzy/lib/aarch64-linux-gnu:/opt/ros/jazzy/opt/gz_gui_vendor/lib:/opt/ros/jazzy/opt/gz_transport_vendor/lib:/opt/ros/jazzy/opt/gz_rendering_vendor/lib:/opt/ros/jazzy/opt/gz_plugin_vendor/lib:/opt/ros/jazzy/opt/gz_fuel_tools_vendor/lib:/opt/ros/jazzy/opt/gz_msgs_vendor/lib:/opt/ros/jazzy/opt/gz_common_vendor/lib:/opt/ros/jazzy/opt/gz_math_vendor/lib:/opt/ros/jazzy/opt/gz_utils_vendor/lib:/opt/ros/jazzy/opt/gz_tools_vendor/lib:/opt/ros/jazzy/opt/gz_ogre_next_vendor/lib:/opt/ros/jazzy/opt/gz_dartsim_vendor/lib:/opt/ros/jazzy/opt/gz_cmake_vendor/lib:/opt/ros/jazzy/lib', 'HOME': '/home/ubuntu', 'OLDPWD': '/home/ubuntu', 'SSH_TTY': '/dev/pts/0', 'ROS_PYTHON_VERSION': '3', 'DBUS_SESSION_BUS_ADDRESS': 'unix:path=/run/user/1000/bus', 'ROS_DISTRO': 'jazzy', 'LOGNAME': 'ubuntu', '_': '/usr/bin/colcon', 'ROS_VERSION': '2', 'XDG_SESSION_CLASS': 'user', 'TERM': 'xterm-256color', 'XDG_SESSION_ID': '1', 'PATH': '/opt/ros/jazzy/opt/gz_msgs_vendor/bin:/opt/ros/jazzy/opt/gz_tools_vendor/bin:/opt/ros/jazzy/opt/gz_ogre_next_vendor/bin:/opt/ros/jazzy/bin:/usr/local/sbin:/usr/local/bin:/usr/sbin:/usr/bin:/sbin:/bin:/usr/games:/usr/local/games:/snap/bin', 'VK_ICD_FILENAMES': '/usr/share/vulkan/icd.d/adrenovk.json', 'XDG_RUNTIME_DIR': '/run/user/1000', 'LANG': 'en_US.UTF-8', 'AMENT_PREFIX_PATH': '/home/ubuntu/rb3302_final_proj_code/robot_ws/install/yesense_interface:/home/ubuntu/rb3302_final_proj_code/robot_ws/install/serial:/opt/ros/jazzy', 'SHELL': '/bin/bash', 'ROS_AUTOMATIC_DISCOVERY_RANGE': 'SUBNET', 'PWD': '/home/ubuntu/rb3302_final_proj_code/robot_ws/build/yesense_std_ros2', 'QT_QPA_PLATFORM': 'wayland', 'LC_ALL': 'en_US.UTF-8', 'SSH_CONNECTION': '10.42.0.1 50976 10.42.0.126 22', 'XDG_DATA_DIRS': '/usr/local/share:/usr/share:/var/lib/snapd/desktop', 'PYTHONPATH': '/home/ubuntu/rb3302_final_proj_code/robot_ws/install/yesense_interface/lib/python3.12/site-packages:/opt/ros/jazzy/lib/python3.12/site-packages', 'COLCON': '1', 'CMAKE_PREFIX_PATH': '/home/ubuntu/rb3302_final_proj_code/robot_ws/install/yesense_interface:/home/ubuntu/rb3302_final_proj_code/robot_ws/install/serial:/opt/ros/jazzy/opt/gz_sim_vendor:/opt/ros/jazzy/opt/gz_sensors_vendor:/opt/ros/jazzy/opt/gz_physics_vendor:/opt/ros/jazzy/opt/sdformat_vendor:/opt/ros/jazzy/opt/gz_gui_vendor:/opt/ros/jazzy/opt/gz_transport_vendor:/opt/ros/jazzy/opt/gz_rendering_vendor:/opt/ros/jazzy/opt/gz_plugin_vendor:/opt/ros/jazzy/opt/gz_fuel_tools_vendor:/opt/ros/jazzy/opt/gz_msgs_vendor:/opt/ros/jazzy/opt/gz_common_vendor:/opt/ros/jazzy/opt/gz_math_vendor:/opt/ros/jazzy/opt/gz_utils_vendor:/opt/ros/jazzy/opt/gz_tools_vendor:/opt/ros/jazzy/opt/gz_ogre_next_vendor:/opt/ros/jazzy/opt/gz_dartsim_vendor:/opt/ros/jazzy/opt/gz_cmake_vendor:/opt/ros/jazzy'}), 'shell': False}
[56.724954] (-) TimerEvent: {}
[56.802498] (yesense_std_ros2) StdoutLine: {'line': b'[ 16%] \x1b[32mBuilding CXX object CMakeFiles/yesense_node_publisher.dir/src/yesense_node.cpp.o\x1b[0m\n'}
[56.803596] (yesense_std_ros2) StdoutLine: {'line': b'[ 50%] \x1b[32mBuilding CXX object CMakeFiles/yesense_node_publisher.dir/src/yesense_decoder.cpp.o\x1b[0m\n'}
[56.803838] (yesense_std_ros2) StdoutLine: {'line': b'[ 50%] \x1b[32mBuilding CXX object CMakeFiles/yesense_node_publisher.dir/src/yesense_std_out_decoder.cpp.o\x1b[0m\n'}
[56.821253] (yesense_std_ros2) StdoutLine: {'line': b'[ 66%] \x1b[32mBuilding CXX object CMakeFiles/yesense_node_subscriber.dir/src/yesense_node_subscriber_example.cpp.o\x1b[0m\n'}
[56.825071] (-) TimerEvent: {}
[56.925449] (-) TimerEvent: {}
[57.026143] (-) TimerEvent: {}
[57.126521] (-) TimerEvent: {}
[57.227139] (-) TimerEvent: {}
[57.327814] (-) TimerEvent: {}
[57.428496] (-) TimerEvent: {}
[57.529227] (-) TimerEvent: {}
[57.629875] (-) TimerEvent: {}
[57.730519] (-) TimerEvent: {}
[57.831155] (-) TimerEvent: {}
[57.931885] (-) TimerEvent: {}
[58.032573] (-) TimerEvent: {}
[58.133142] (-) TimerEvent: {}
[58.233830] (-) TimerEvent: {}
[58.334463] (-) TimerEvent: {}
[58.435031] (-) TimerEvent: {}
[58.535615] (-) TimerEvent: {}
[58.636203] (-) TimerEvent: {}
[58.736932] (-) TimerEvent: {}
[58.837611] (-) TimerEvent: {}
[58.938205] (-) TimerEvent: {}
[59.038821] (-) TimerEvent: {}
[59.139490] (-) TimerEvent: {}
[59.240186] (-) TimerEvent: {}
[59.340835] (-) TimerEvent: {}
[59.441501] (-) TimerEvent: {}
[59.542108] (-) TimerEvent: {}
[59.642805] (-) TimerEvent: {}
[59.743518] (-) TimerEvent: {}
[59.844228] (-) TimerEvent: {}
[59.944897] (-) TimerEvent: {}
[60.045534] (-) TimerEvent: {}
[60.146136] (-) TimerEvent: {}
[60.246795] (-) TimerEvent: {}
[60.347498] (-) TimerEvent: {}
[60.448083] (-) TimerEvent: {}
[60.548711] (-) TimerEvent: {}
[60.649382] (-) TimerEvent: {}
[60.750101] (-) TimerEvent: {}
[60.850760] (-) TimerEvent: {}
[60.951458] (-) TimerEvent: {}
[61.052150] (-) TimerEvent: {}
[61.152872] (-) TimerEvent: {}
[61.253565] (-) TimerEvent: {}
[61.354249] (-) TimerEvent: {}
[61.454980] (-) TimerEvent: {}
[61.555672] (-) TimerEvent: {}
[61.656368] (-) TimerEvent: {}
[61.757053] (-) TimerEvent: {}
[61.857747] (-) TimerEvent: {}
[61.958131] (-) TimerEvent: {}
[62.058826] (-) TimerEvent: {}
[62.159518] (-) TimerEvent: {}
[62.260105] (-) TimerEvent: {}
[62.360764] (-) TimerEvent: {}
[62.461373] (-) TimerEvent: {}
[62.561988] (-) TimerEvent: {}
[62.662685] (-) TimerEvent: {}
[62.763411] (-) TimerEvent: {}
[62.864106] (-) TimerEvent: {}
[62.964743] (-) TimerEvent: {}
[63.065485] (-) TimerEvent: {}
[63.166178] (-) TimerEvent: {}
[63.266896] (-) TimerEvent: {}
[63.367522] (-) TimerEvent: {}
[63.468215] (-) TimerEvent: {}
[63.568641] (-) TimerEvent: {}
[63.669296] (-) TimerEvent: {}
[63.769907] (-) TimerEvent: {}
[63.870595] (-) TimerEvent: {}
[63.971219] (-) TimerEvent: {}
[64.071958] (-) TimerEvent: {}
[64.172690] (-) TimerEvent: {}
[64.273410] (-) TimerEvent: {}
[64.374005] (-) TimerEvent: {}
[64.474585] (-) TimerEvent: {}
[64.574989] (-) TimerEvent: {}
[64.675682] (-) TimerEvent: {}
[64.776405] (-) TimerEvent: {}
[64.877098] (-) TimerEvent: {}
[64.977799] (-) TimerEvent: {}
[65.078440] (-) TimerEvent: {}
[65.179021] (-) TimerEvent: {}
[65.279711] (-) TimerEvent: {}
[65.380434] (-) TimerEvent: {}
[65.481019] (-) TimerEvent: {}
[65.581651] (-) TimerEvent: {}
[65.682348] (-) TimerEvent: {}
[65.783028] (-) TimerEvent: {}
[65.883648] (-) TimerEvent: {}
[65.984349] (-) TimerEvent: {}
[66.085037] (-) TimerEvent: {}
[66.185648] (-) TimerEvent: {}
[66.286216] (-) TimerEvent: {}
[66.386817] (-) TimerEvent: {}
[66.487502] (-) TimerEvent: {}
[66.588068] (-) TimerEvent: {}
[66.688689] (-) TimerEvent: {}
[66.789286] (-) TimerEvent: {}
[66.890004] (-) TimerEvent: {}
[66.990433] (-) TimerEvent: {}
[67.091143] (-) TimerEvent: {}
[67.191560] (-) TimerEvent: {}
[67.292157] (-) TimerEvent: {}
[67.392909] (-) TimerEvent: {}
[67.493631] (-) TimerEvent: {}
[67.594335] (-) TimerEvent: {}
[67.694997] (-) TimerEvent: {}
[67.795743] (-) TimerEvent: {}
[67.896494] (-) TimerEvent: {}
[67.997069] (-) TimerEvent: {}
[68.097677] (-) TimerEvent: {}
[68.198373] (-) TimerEvent: {}
[68.298950] (-) TimerEvent: {}
[68.399562] (-) TimerEvent: {}
[68.500201] (-) TimerEvent: {}
[68.600625] (-) TimerEvent: {}
[68.701212] (-) TimerEvent: {}
[68.801916] (-) TimerEvent: {}
[68.902559] (-) TimerEvent: {}
[69.003252] (-) TimerEvent: {}
[69.103943] (-) TimerEvent: {}
[69.204594] (-) TimerEvent: {}
[69.305430] (-) TimerEvent: {}
[69.406206] (-) TimerEvent: {}
[69.506883] (-) TimerEvent: {}
[69.607580] (-) TimerEvent: {}
[69.708290] (-) TimerEvent: {}
[69.809011] (-) TimerEvent: {}
[69.909575] (-) TimerEvent: {}
[70.010270] (-) TimerEvent: {}
[70.110878] (-) TimerEvent: {}
[70.211654] (-) TimerEvent: {}
[70.312345] (-) TimerEvent: {}
[70.412938] (-) TimerEvent: {}
[70.513597] (-) TimerEvent: {}
[70.614282] (-) TimerEvent: {}
[70.715014] (-) TimerEvent: {}
[70.815735] (-) TimerEvent: {}
[70.916448] (-) TimerEvent: {}
[71.017132] (-) TimerEvent: {}
[71.117793] (-) TimerEvent: {}
[71.218508] (-) TimerEvent: {}
[71.319098] (-) TimerEvent: {}
[71.419801] (-) TimerEvent: {}
[71.520471] (-) TimerEvent: {}
[71.621155] (-) TimerEvent: {}
[71.721824] (-) TimerEvent: {}
[71.822512] (-) TimerEvent: {}
[71.923198] (-) TimerEvent: {}
[72.023800] (-) TimerEvent: {}
[72.124453] (-) TimerEvent: {}
[72.225153] (-) TimerEvent: {}
[72.325833] (-) TimerEvent: {}
[72.426213] (-) TimerEvent: {}
[72.526639] (-) TimerEvent: {}
[72.627330] (-) TimerEvent: {}
[72.727953] (-) TimerEvent: {}
[72.828632] (-) TimerEvent: {}
[72.929316] (-) TimerEvent: {}
[73.030024] (-) TimerEvent: {}
[73.130716] (-) TimerEvent: {}
[73.231418] (-) TimerEvent: {}
[73.332092] (-) TimerEvent: {}
[73.432681] (-) TimerEvent: {}
[73.533354] (-) TimerEvent: {}
[73.633748] (-) TimerEvent: {}
[73.734423] (-) TimerEvent: {}
[73.835086] (-) TimerEvent: {}
[73.935476] (-) TimerEvent: {}
[74.036147] (-) TimerEvent: {}
[74.136827] (-) TimerEvent: {}
[74.237512] (-) TimerEvent: {}
[74.337900] (-) TimerEvent: {}
[74.438560] (-) TimerEvent: {}
[74.539128] (-) TimerEvent: {}
[74.639811] (-) TimerEvent: {}
[74.740496] (-) TimerEvent: {}
[74.841184] (-) TimerEvent: {}
[74.941891] (-) TimerEvent: {}
[75.042573] (-) TimerEvent: {}
[75.143247] (-) TimerEvent: {}
[75.243826] (-) TimerEvent: {}
[75.344512] (-) TimerEvent: {}
[75.445116] (-) TimerEvent: {}
[75.545800] (-) TimerEvent: {}
[75.646435] (-) TimerEvent: {}
[75.747116] (-) TimerEvent: {}
[75.847760] (-) TimerEvent: {}
[75.948382] (-) TimerEvent: {}
[76.048960] (-) TimerEvent: {}
[76.149343] (-) TimerEvent: {}
[76.250059] (-) TimerEvent: {}
[76.350753] (-) TimerEvent: {}
[76.451464] (-) TimerEvent: {}
[76.552146] (-) TimerEvent: {}
[76.652816] (-) TimerEvent: {}
[76.753498] (-) TimerEvent: {}
[76.854175] (-) TimerEvent: {}
[76.954887] (-) TimerEvent: {}
[77.055569] (-) TimerEvent: {}
[77.156262] (-) TimerEvent: {}
[77.256973] (-) TimerEvent: {}
[77.357610] (-) TimerEvent: {}
[77.458351] (-) TimerEvent: {}
[77.558792] (-) TimerEvent: {}
[77.659534] (-) TimerEvent: {}
[77.760221] (-) TimerEvent: {}
[77.860613] (-) TimerEvent: {}
[77.960997] (-) TimerEvent: {}
[78.061682] (-) TimerEvent: {}
[78.162380] (-) TimerEvent: {}
[78.262820] (-) TimerEvent: {}
[78.363227] (-) TimerEvent: {}
[78.463788] (-) TimerEvent: {}
[78.564493] (-) TimerEvent: {}
[78.665118] (-) TimerEvent: {}
[78.765806] (-) TimerEvent: {}
[78.866529] (-) TimerEvent: {}
[78.967299] (-) TimerEvent: {}
[79.068067] (-) TimerEvent: {}
[79.168722] (-) TimerEvent: {}
[79.269325] (-) TimerEvent: {}
[79.307774] (yesense_std_ros2) StdoutLine: {'line': b'[ 83%] \x1b[32m\x1b[1mLinking CXX executable yesense_node_subscriber\x1b[0m\n'}
[79.369495] (-) TimerEvent: {}
[79.470142] (-) TimerEvent: {}
[79.570980] (-) TimerEvent: {}
[79.671929] (-) TimerEvent: {}
[79.772839] (-) TimerEvent: {}
[79.873697] (-) TimerEvent: {}
[79.974502] (-) TimerEvent: {}
[80.010041] (yesense_std_ros2) StdoutLine: {'line': b'[100%] \x1b[32m\x1b[1mLinking CXX executable yesense_node_publisher\x1b[0m\n'}
[80.074829] (-) TimerEvent: {}
[80.175691] (-) TimerEvent: {}
[80.276669] (-) TimerEvent: {}
[80.377690] (-) TimerEvent: {}
[80.478626] (-) TimerEvent: {}
[80.579365] (-) TimerEvent: {}
[80.668899] (yesense_std_ros2) StdoutLine: {'line': b'[100%] Built target yesense_node_subscriber\n'}
[80.679762] (-) TimerEvent: {}
[80.781199] (-) TimerEvent: {}
[80.882437] (-) TimerEvent: {}
[80.983816] (-) TimerEvent: {}
[81.086612] (-) TimerEvent: {}
[81.114985] (yesense_std_ros2) StdoutLine: {'line': b'[100%] Built target yesense_node_publisher\n'}
[81.143837] (yesense_std_ros2) CommandEnded: {'returncode': 0}
[81.146787] (yesense_std_ros2) JobProgress: {'identifier': 'yesense_std_ros2', 'progress': 'install'}
[81.149577] (yesense_std_ros2) Command: {'cmd': ['/usr/bin/cmake', '--install', '/home/ubuntu/rb3302_final_proj_code/robot_ws/build/yesense_std_ros2'], 'cwd': '/home/ubuntu/rb3302_final_proj_code/robot_ws/build/yesense_std_ros2', 'env': OrderedDict({'USER': 'ubuntu', 'SSH_CLIENT': '10.42.0.1 50976 22', 'GZ_CONFIG_PATH': '/opt/ros/jazzy/opt/gz_sim_vendor/share/gz:/opt/ros/jazzy/opt/sdformat_vendor/share/gz:/opt/ros/jazzy/opt/gz_gui_vendor/share/gz:/opt/ros/jazzy/opt/gz_transport_vendor/share/gz:/opt/ros/jazzy/opt/gz_rendering_vendor/share/gz:/opt/ros/jazzy/opt/gz_plugin_vendor/share/gz:/opt/ros/jazzy/opt/gz_fuel_tools_vendor/share/gz:/opt/ros/jazzy/opt/gz_msgs_vendor/share/gz:/opt/ros/jazzy/opt/gz_common_vendor/share/gz', 'XDG_SESSION_TYPE': 'tty', 'SHLVL': '2', 'LD_LIBRARY_PATH': '/home/ubuntu/rb3302_final_proj_code/robot_ws/install/yesense_interface/lib:/home/ubuntu/rb3302_final_proj_code/robot_ws/install/serial/lib:/opt/ros/jazzy/opt/gz_sim_vendor/lib:/opt/ros/jazzy/opt/gz_sensors_vendor/lib:/opt/ros/jazzy/opt/gz_physics_vendor/lib:/opt/ros/jazzy/opt/sdformat_vendor/lib:/opt/ros/jazzy/opt/rviz_ogre_vendor/lib:/opt/ros/jazzy/lib/aarch64-linux-gnu:/opt/ros/jazzy/opt/gz_gui_vendor/lib:/opt/ros/jazzy/opt/gz_transport_vendor/lib:/opt/ros/jazzy/opt/gz_rendering_vendor/lib:/opt/ros/jazzy/opt/gz_plugin_vendor/lib:/opt/ros/jazzy/opt/gz_fuel_tools_vendor/lib:/opt/ros/jazzy/opt/gz_msgs_vendor/lib:/opt/ros/jazzy/opt/gz_common_vendor/lib:/opt/ros/jazzy/opt/gz_math_vendor/lib:/opt/ros/jazzy/opt/gz_utils_vendor/lib:/opt/ros/jazzy/opt/gz_tools_vendor/lib:/opt/ros/jazzy/opt/gz_ogre_next_vendor/lib:/opt/ros/jazzy/opt/gz_dartsim_vendor/lib:/opt/ros/jazzy/opt/gz_cmake_vendor/lib:/opt/ros/jazzy/lib', 'HOME': '/home/ubuntu', 'OLDPWD': '/home/ubuntu', 'SSH_TTY': '/dev/pts/0', 'ROS_PYTHON_VERSION': '3', 'DBUS_SESSION_BUS_ADDRESS': 'unix:path=/run/user/1000/bus', 'ROS_DISTRO': 'jazzy', 'LOGNAME': 'ubuntu', '_': '/usr/bin/colcon', 'ROS_VERSION': '2', 'XDG_SESSION_CLASS': 'user', 'TERM': 'xterm-256color', 'XDG_SESSION_ID': '1', 'PATH': '/opt/ros/jazzy/opt/gz_msgs_vendor/bin:/opt/ros/jazzy/opt/gz_tools_vendor/bin:/opt/ros/jazzy/opt/gz_ogre_next_vendor/bin:/opt/ros/jazzy/bin:/usr/local/sbin:/usr/local/bin:/usr/sbin:/usr/bin:/sbin:/bin:/usr/games:/usr/local/games:/snap/bin', 'VK_ICD_FILENAMES': '/usr/share/vulkan/icd.d/adrenovk.json', 'XDG_RUNTIME_DIR': '/run/user/1000', 'LANG': 'en_US.UTF-8', 'AMENT_PREFIX_PATH': '/home/ubuntu/rb3302_final_proj_code/robot_ws/install/yesense_interface:/home/ubuntu/rb3302_final_proj_code/robot_ws/install/serial:/opt/ros/jazzy', 'SHELL': '/bin/bash', 'ROS_AUTOMATIC_DISCOVERY_RANGE': 'SUBNET', 'PWD': '/home/ubuntu/rb3302_final_proj_code/robot_ws/build/yesense_std_ros2', 'QT_QPA_PLATFORM': 'wayland', 'LC_ALL': 'en_US.UTF-8', 'SSH_CONNECTION': '10.42.0.1 50976 10.42.0.126 22', 'XDG_DATA_DIRS': '/usr/local/share:/usr/share:/var/lib/snapd/desktop', 'PYTHONPATH': '/home/ubuntu/rb3302_final_proj_code/robot_ws/install/yesense_interface/lib/python3.12/site-packages:/opt/ros/jazzy/lib/python3.12/site-packages', 'COLCON': '1', 'CMAKE_PREFIX_PATH': '/home/ubuntu/rb3302_final_proj_code/robot_ws/install/yesense_interface:/home/ubuntu/rb3302_final_proj_code/robot_ws/install/serial:/opt/ros/jazzy/opt/gz_sim_vendor:/opt/ros/jazzy/opt/gz_sensors_vendor:/opt/ros/jazzy/opt/gz_physics_vendor:/opt/ros/jazzy/opt/sdformat_vendor:/opt/ros/jazzy/opt/gz_gui_vendor:/opt/ros/jazzy/opt/gz_transport_vendor:/opt/ros/jazzy/opt/gz_rendering_vendor:/opt/ros/jazzy/opt/gz_plugin_vendor:/opt/ros/jazzy/opt/gz_fuel_tools_vendor:/opt/ros/jazzy/opt/gz_msgs_vendor:/opt/ros/jazzy/opt/gz_common_vendor:/opt/ros/jazzy/opt/gz_math_vendor:/opt/ros/jazzy/opt/gz_utils_vendor:/opt/ros/jazzy/opt/gz_tools_vendor:/opt/ros/jazzy/opt/gz_ogre_next_vendor:/opt/ros/jazzy/opt/gz_dartsim_vendor:/opt/ros/jazzy/opt/gz_cmake_vendor:/opt/ros/jazzy'}), 'shell': False}
[81.187140] (yesense_std_ros2) StdoutLine: {'line': b'-- Install configuration: ""\n'}
[81.188830] (-) TimerEvent: {}
[81.189604] (yesense_std_ros2) StdoutLine: {'line': b'-- Execute custom install script\n'}
[81.191188] (yesense_std_ros2) StdoutLine: {'line': b'-- Symlinking: /home/ubuntu/rb3302_final_proj_code/robot_ws/install/yesense_std_ros2/share/yesense_std_ros2/launch/yesense_node.launch.py\n'}
[81.209205] (yesense_std_ros2) StdoutLine: {'line': b'-- Symlinking: /home/ubuntu/rb3302_final_proj_code/robot_ws/install/yesense_std_ros2/share/yesense_std_ros2/config/yesense_config.yaml\n'}
[81.247910] (yesense_std_ros2) StdoutLine: {'line': b'-- Symlinking: /home/ubuntu/rb3302_final_proj_code/robot_ws/install/yesense_std_ros2/lib/yesense_std_ros2/yesense_node_publisher\n'}
[81.267728] (yesense_std_ros2) StdoutLine: {'line': b'-- Symlinking: /home/ubuntu/rb3302_final_proj_code/robot_ws/install/yesense_std_ros2/lib/yesense_std_ros2/yesense_node_subscriber\n'}
[81.289203] (-) TimerEvent: {}
[81.304804] (yesense_std_ros2) StdoutLine: {'line': b'-- Symlinking: /home/ubuntu/rb3302_final_proj_code/robot_ws/install/yesense_std_ros2/share/ament_index/resource_index/package_run_dependencies/yesense_std_ros2\n'}
[81.326256] (yesense_std_ros2) StdoutLine: {'line': b'-- Symlinking: /home/ubuntu/rb3302_final_proj_code/robot_ws/install/yesense_std_ros2/share/ament_index/resource_index/parent_prefix_path/yesense_std_ros2\n'}
[81.349282] (yesense_std_ros2) StdoutLine: {'line': b'-- Symlinking: /home/ubuntu/rb3302_final_proj_code/robot_ws/install/yesense_std_ros2/share/yesense_std_ros2/environment/ament_prefix_path.sh\n'}
[81.371999] (yesense_std_ros2) StdoutLine: {'line': b'-- Symlinking: /home/ubuntu/rb3302_final_proj_code/robot_ws/install/yesense_std_ros2/share/yesense_std_ros2/environment/ament_prefix_path.dsv\n'}
[81.389844] (-) TimerEvent: {}
[81.392285] (yesense_std_ros2) StdoutLine: {'line': b'-- Symlinking: /home/ubuntu/rb3302_final_proj_code/robot_ws/install/yesense_std_ros2/share/yesense_std_ros2/environment/path.sh\n'}
[81.413010] (yesense_std_ros2) StdoutLine: {'line': b'-- Symlinking: /home/ubuntu/rb3302_final_proj_code/robot_ws/install/yesense_std_ros2/share/yesense_std_ros2/environment/path.dsv\n'}
[81.435577] (yesense_std_ros2) StdoutLine: {'line': b'-- Symlinking: /home/ubuntu/rb3302_final_proj_code/robot_ws/install/yesense_std_ros2/share/yesense_std_ros2/local_setup.bash\n'}
[81.456558] (yesense_std_ros2) StdoutLine: {'line': b'-- Symlinking: /home/ubuntu/rb3302_final_proj_code/robot_ws/install/yesense_std_ros2/share/yesense_std_ros2/local_setup.sh\n'}
[81.478969] (yesense_std_ros2) StdoutLine: {'line': b'-- Symlinking: /home/ubuntu/rb3302_final_proj_code/robot_ws/install/yesense_std_ros2/share/yesense_std_ros2/local_setup.zsh\n'}
[81.490284] (-) TimerEvent: {}
[81.502020] (yesense_std_ros2) StdoutLine: {'line': b'-- Symlinking: /home/ubuntu/rb3302_final_proj_code/robot_ws/install/yesense_std_ros2/share/yesense_std_ros2/local_setup.dsv\n'}
[81.523841] (yesense_std_ros2) StdoutLine: {'line': b'-- Symlinking: /home/ubuntu/rb3302_final_proj_code/robot_ws/install/yesense_std_ros2/share/yesense_std_ros2/package.dsv\n'}
[81.545885] (yesense_std_ros2) StdoutLine: {'line': b'-- Symlinking: /home/ubuntu/rb3302_final_proj_code/robot_ws/install/yesense_std_ros2/share/ament_index/resource_index/packages/yesense_std_ros2\n'}
[81.569149] (yesense_std_ros2) StdoutLine: {'line': b'-- Symlinking: /home/ubuntu/rb3302_final_proj_code/robot_ws/install/yesense_std_ros2/share/yesense_std_ros2/cmake/yesense_std_ros2Config.cmake\n'}
[81.588865] (yesense_std_ros2) StdoutLine: {'line': b'-- Symlinking: /home/ubuntu/rb3302_final_proj_code/robot_ws/install/yesense_std_ros2/share/yesense_std_ros2/cmake/yesense_std_ros2Config-version.cmake\n'}
[81.590329] (-) TimerEvent: {}
[81.611584] (yesense_std_ros2) StdoutLine: {'line': b'-- Symlinking: /home/ubuntu/rb3302_final_proj_code/robot_ws/install/yesense_std_ros2/share/yesense_std_ros2/package.xml\n'}
[81.645103] (yesense_std_ros2) CommandEnded: {'returncode': 0}
[81.691266] (-) TimerEvent: {}
[81.753267] (yesense_std_ros2) JobEnded: {'identifier': 'yesense_std_ros2', 'rc': 0}
[81.759832] (robot_init) JobStarted: {'identifier': 'robot_init'}
[81.791706] (-) TimerEvent: {}
[81.824633] (robot_init) JobProgress: {'identifier': 'robot_init', 'progress': 'cmake'}
[81.828359] (robot_init) Command: {'cmd': ['/usr/bin/cmake', '/home/ubuntu/rb3302_final_proj_code/robot_ws/src/robot_init', '-DAMENT_CMAKE_SYMLINK_INSTALL=1', '-DCMAKE_INSTALL_PREFIX=/home/ubuntu/rb3302_final_proj_code/robot_ws/install/robot_init'], 'cwd': '/home/ubuntu/rb3302_final_proj_code/robot_ws/build/robot_init', 'env': OrderedDict({'USER': 'ubuntu', 'SSH_CLIENT': '10.42.0.1 50976 22', 'GZ_CONFIG_PATH': '/opt/ros/jazzy/opt/gz_sim_vendor/share/gz:/opt/ros/jazzy/opt/sdformat_vendor/share/gz:/opt/ros/jazzy/opt/gz_gui_vendor/share/gz:/opt/ros/jazzy/opt/gz_transport_vendor/share/gz:/opt/ros/jazzy/opt/gz_rendering_vendor/share/gz:/opt/ros/jazzy/opt/gz_plugin_vendor/share/gz:/opt/ros/jazzy/opt/gz_fuel_tools_vendor/share/gz:/opt/ros/jazzy/opt/gz_msgs_vendor/share/gz:/opt/ros/jazzy/opt/gz_common_vendor/share/gz', 'XDG_SESSION_TYPE': 'tty', 'SHLVL': '2', 'LD_LIBRARY_PATH': '/home/ubuntu/rb3302_final_proj_code/robot_ws/install/yesense_interface/lib:/home/ubuntu/rb3302_final_proj_code/robot_ws/install/serial/lib:/opt/ros/jazzy/opt/gz_sim_vendor/lib:/opt/ros/jazzy/opt/gz_sensors_vendor/lib:/opt/ros/jazzy/opt/gz_physics_vendor/lib:/opt/ros/jazzy/opt/sdformat_vendor/lib:/opt/ros/jazzy/opt/rviz_ogre_vendor/lib:/opt/ros/jazzy/lib/aarch64-linux-gnu:/opt/ros/jazzy/opt/gz_gui_vendor/lib:/opt/ros/jazzy/opt/gz_transport_vendor/lib:/opt/ros/jazzy/opt/gz_rendering_vendor/lib:/opt/ros/jazzy/opt/gz_plugin_vendor/lib:/opt/ros/jazzy/opt/gz_fuel_tools_vendor/lib:/opt/ros/jazzy/opt/gz_msgs_vendor/lib:/opt/ros/jazzy/opt/gz_common_vendor/lib:/opt/ros/jazzy/opt/gz_math_vendor/lib:/opt/ros/jazzy/opt/gz_utils_vendor/lib:/opt/ros/jazzy/opt/gz_tools_vendor/lib:/opt/ros/jazzy/opt/gz_ogre_next_vendor/lib:/opt/ros/jazzy/opt/gz_dartsim_vendor/lib:/opt/ros/jazzy/opt/gz_cmake_vendor/lib:/opt/ros/jazzy/lib', 'HOME': '/home/ubuntu', 'OLDPWD': '/home/ubuntu', 'SSH_TTY': '/dev/pts/0', 'ROS_PYTHON_VERSION': '3', 'DBUS_SESSION_BUS_ADDRESS': 'unix:path=/run/user/1000/bus', 'ROS_DISTRO': 'jazzy', 'LOGNAME': 'ubuntu', '_': '/usr/bin/colcon', 'ROS_VERSION': '2', 'XDG_SESSION_CLASS': 'user', 'TERM': 'xterm-256color', 'XDG_SESSION_ID': '1', 'PATH': '/opt/ros/jazzy/opt/gz_msgs_vendor/bin:/opt/ros/jazzy/opt/gz_tools_vendor/bin:/opt/ros/jazzy/opt/gz_ogre_next_vendor/bin:/opt/ros/jazzy/bin:/usr/local/sbin:/usr/local/bin:/usr/sbin:/usr/bin:/sbin:/bin:/usr/games:/usr/local/games:/snap/bin', 'VK_ICD_FILENAMES': '/usr/share/vulkan/icd.d/adrenovk.json', 'XDG_RUNTIME_DIR': '/run/user/1000', 'LANG': 'en_US.UTF-8', 'AMENT_PREFIX_PATH': '/home/ubuntu/rb3302_final_proj_code/robot_ws/install/yesense_std_ros2:/home/ubuntu/rb3302_final_proj_code/robot_ws/install/yesense_interface:/home/ubuntu/rb3302_final_proj_code/robot_ws/install/waverover_base:/home/ubuntu/rb3302_final_proj_code/robot_ws/install/serial:/home/ubuntu/rb3302_final_proj_code/robot_ws/install/rplidar_ros:/home/ubuntu/rb3302_final_proj_code/robot_ws/install/robot_model:/opt/ros/jazzy', 'SHELL': '/bin/bash', 'ROS_AUTOMATIC_DISCOVERY_RANGE': 'SUBNET', 'PWD': '/home/ubuntu/rb3302_final_proj_code/robot_ws/build/robot_init', 'QT_QPA_PLATFORM': 'wayland', 'LC_ALL': 'en_US.UTF-8', 'SSH_CONNECTION': '10.42.0.1 50976 10.42.0.126 22', 'XDG_DATA_DIRS': '/usr/local/share:/usr/share:/var/lib/snapd/desktop', 'PYTHONPATH': '/home/ubuntu/rb3302_final_proj_code/robot_ws/install/yesense_interface/lib/python3.12/site-packages:/home/ubuntu/rb3302_final_proj_code/robot_ws/build/waverover_base:/home/ubuntu/rb3302_final_proj_code/robot_ws/install/waverover_base/lib/python3.12/site-packages:/opt/ros/jazzy/lib/python3.12/site-packages', 'COLCON': '1', 'CMAKE_PREFIX_PATH': '/home/ubuntu/rb3302_final_proj_code/robot_ws/install/yesense_std_ros2:/home/ubuntu/rb3302_final_proj_code/robot_ws/install/yesense_interface:/home/ubuntu/rb3302_final_proj_code/robot_ws/install/serial:/home/ubuntu/rb3302_final_proj_code/robot_ws/install/rplidar_ros:/home/ubuntu/rb3302_final_proj_code/robot_ws/install/robot_model:/opt/ros/jazzy/opt/gz_sim_vendor:/opt/ros/jazzy/opt/gz_sensors_vendor:/opt/ros/jazzy/opt/gz_physics_vendor:/opt/ros/jazzy/opt/sdformat_vendor:/opt/ros/jazzy/opt/gz_gui_vendor:/opt/ros/jazzy/opt/gz_transport_vendor:/opt/ros/jazzy/opt/gz_rendering_vendor:/opt/ros/jazzy/opt/gz_plugin_vendor:/opt/ros/jazzy/opt/gz_fuel_tools_vendor:/opt/ros/jazzy/opt/gz_msgs_vendor:/opt/ros/jazzy/opt/gz_common_vendor:/opt/ros/jazzy/opt/gz_math_vendor:/opt/ros/jazzy/opt/gz_utils_vendor:/opt/ros/jazzy/opt/gz_tools_vendor:/opt/ros/jazzy/opt/gz_ogre_next_vendor:/opt/ros/jazzy/opt/gz_dartsim_vendor:/opt/ros/jazzy/opt/gz_cmake_vendor:/opt/ros/jazzy'}), 'shell': False}
[81.892046] (-) TimerEvent: {}
[81.972633] (robot_init) StdoutLine: {'line': b'-- The C compiler identification is GNU 13.3.0\n'}
[81.992233] (-) TimerEvent: {}
[82.093042] (-) TimerEvent: {}
[82.131759] (robot_init) StdoutLine: {'line': b'-- The CXX compiler identification is GNU 13.3.0\n'}
[82.193318] (-) TimerEvent: {}
[82.198109] (robot_init) StdoutLine: {'line': b'-- Detecting C compiler ABI info\n'}
[82.293798] (-) TimerEvent: {}
[82.394935] (-) TimerEvent: {}
[82.497805] (-) TimerEvent: {}
[82.499545] (robot_init) StdoutLine: {'line': b'-- Detecting C compiler ABI info - done\n'}
[82.565362] (robot_init) StdoutLine: {'line': b'-- Check for working C compiler: /usr/bin/cc - skipped\n'}
[82.566310] (robot_init) StdoutLine: {'line': b'-- Detecting C compile features\n'}
[82.566810] (robot_init) StdoutLine: {'line': b'-- Detecting C compile features - done\n'}
[82.598310] (-) TimerEvent: {}
[82.600604] (robot_init) StdoutLine: {'line': b'-- Detecting CXX compiler ABI info\n'}
[82.698784] (-) TimerEvent: {}
[82.800061] (-) TimerEvent: {}
[82.855595] (robot_init) StdoutLine: {'line': b'-- Detecting CXX compiler ABI info - done\n'}
[82.900341] (-) TimerEvent: {}
[82.925117] (robot_init) StdoutLine: {'line': b'-- Check for working CXX compiler: /usr/bin/c++ - skipped\n'}
[82.926827] (robot_init) StdoutLine: {'line': b'-- Detecting CXX compile features\n'}
[82.928056] (robot_init) StdoutLine: {'line': b'-- Detecting CXX compile features - done\n'}
[82.936029] (robot_init) StdoutLine: {'line': b'-- Found ament_cmake: 2.5.6 (/opt/ros/jazzy/share/ament_cmake/cmake)\n'}
[83.000892] (-) TimerEvent: {}
[83.102355] (-) TimerEvent: {}
[83.203925] (-) TimerEvent: {}
[83.305168] (-) TimerEvent: {}
[83.309512] (robot_init) StdoutLine: {'line': b'-- Found Python3: /usr/bin/python3 (found version "3.12.3") found components: Interpreter \n'}
[83.405445] (-) TimerEvent: {}
[83.480265] (robot_init) StdoutLine: {'line': b'-- Override CMake install command with custom implementation using symlinks instead of copying resources\n'}
[83.505881] (-) TimerEvent: {}
[83.607285] (-) TimerEvent: {}
[83.708608] (-) TimerEvent: {}
[83.763917] (robot_init) StdoutLine: {'line': b'-- Configuring done (1.9s)\n'}
[83.768338] (robot_init) StdoutLine: {'line': b'-- Generating done (0.0s)\n'}
[83.772923] (robot_init) StdoutLine: {'line': b'-- Build files have been written to: /home/ubuntu/rb3302_final_proj_code/robot_ws/build/robot_init\n'}
[83.783248] (robot_init) CommandEnded: {'returncode': 0}
[83.788061] (robot_init) JobProgress: {'identifier': 'robot_init', 'progress': 'build'}
[83.790817] (robot_init) Command: {'cmd': ['/usr/bin/cmake', '--build', '/home/ubuntu/rb3302_final_proj_code/robot_ws/build/robot_init', '--', '-j8', '-l8'], 'cwd': '/home/ubuntu/rb3302_final_proj_code/robot_ws/build/robot_init', 'env': OrderedDict({'USER': 'ubuntu', 'SSH_CLIENT': '10.42.0.1 50976 22', 'GZ_CONFIG_PATH': '/opt/ros/jazzy/opt/gz_sim_vendor/share/gz:/opt/ros/jazzy/opt/sdformat_vendor/share/gz:/opt/ros/jazzy/opt/gz_gui_vendor/share/gz:/opt/ros/jazzy/opt/gz_transport_vendor/share/gz:/opt/ros/jazzy/opt/gz_rendering_vendor/share/gz:/opt/ros/jazzy/opt/gz_plugin_vendor/share/gz:/opt/ros/jazzy/opt/gz_fuel_tools_vendor/share/gz:/opt/ros/jazzy/opt/gz_msgs_vendor/share/gz:/opt/ros/jazzy/opt/gz_common_vendor/share/gz', 'XDG_SESSION_TYPE': 'tty', 'SHLVL': '2', 'LD_LIBRARY_PATH': '/home/ubuntu/rb3302_final_proj_code/robot_ws/install/yesense_interface/lib:/home/ubuntu/rb3302_final_proj_code/robot_ws/install/serial/lib:/opt/ros/jazzy/opt/gz_sim_vendor/lib:/opt/ros/jazzy/opt/gz_sensors_vendor/lib:/opt/ros/jazzy/opt/gz_physics_vendor/lib:/opt/ros/jazzy/opt/sdformat_vendor/lib:/opt/ros/jazzy/opt/rviz_ogre_vendor/lib:/opt/ros/jazzy/lib/aarch64-linux-gnu:/opt/ros/jazzy/opt/gz_gui_vendor/lib:/opt/ros/jazzy/opt/gz_transport_vendor/lib:/opt/ros/jazzy/opt/gz_rendering_vendor/lib:/opt/ros/jazzy/opt/gz_plugin_vendor/lib:/opt/ros/jazzy/opt/gz_fuel_tools_vendor/lib:/opt/ros/jazzy/opt/gz_msgs_vendor/lib:/opt/ros/jazzy/opt/gz_common_vendor/lib:/opt/ros/jazzy/opt/gz_math_vendor/lib:/opt/ros/jazzy/opt/gz_utils_vendor/lib:/opt/ros/jazzy/opt/gz_tools_vendor/lib:/opt/ros/jazzy/opt/gz_ogre_next_vendor/lib:/opt/ros/jazzy/opt/gz_dartsim_vendor/lib:/opt/ros/jazzy/opt/gz_cmake_vendor/lib:/opt/ros/jazzy/lib', 'HOME': '/home/ubuntu', 'OLDPWD': '/home/ubuntu', 'SSH_TTY': '/dev/pts/0', 'ROS_PYTHON_VERSION': '3', 'DBUS_SESSION_BUS_ADDRESS': 'unix:path=/run/user/1000/bus', 'ROS_DISTRO': 'jazzy', 'LOGNAME': 'ubuntu', '_': '/usr/bin/colcon', 'ROS_VERSION': '2', 'XDG_SESSION_CLASS': 'user', 'TERM': 'xterm-256color', 'XDG_SESSION_ID': '1', 'PATH': '/opt/ros/jazzy/opt/gz_msgs_vendor/bin:/opt/ros/jazzy/opt/gz_tools_vendor/bin:/opt/ros/jazzy/opt/gz_ogre_next_vendor/bin:/opt/ros/jazzy/bin:/usr/local/sbin:/usr/local/bin:/usr/sbin:/usr/bin:/sbin:/bin:/usr/games:/usr/local/games:/snap/bin', 'VK_ICD_FILENAMES': '/usr/share/vulkan/icd.d/adrenovk.json', 'XDG_RUNTIME_DIR': '/run/user/1000', 'LANG': 'en_US.UTF-8', 'AMENT_PREFIX_PATH': '/home/ubuntu/rb3302_final_proj_code/robot_ws/install/yesense_std_ros2:/home/ubuntu/rb3302_final_proj_code/robot_ws/install/yesense_interface:/home/ubuntu/rb3302_final_proj_code/robot_ws/install/waverover_base:/home/ubuntu/rb3302_final_proj_code/robot_ws/install/serial:/home/ubuntu/rb3302_final_proj_code/robot_ws/install/rplidar_ros:/home/ubuntu/rb3302_final_proj_code/robot_ws/install/robot_model:/opt/ros/jazzy', 'SHELL': '/bin/bash', 'ROS_AUTOMATIC_DISCOVERY_RANGE': 'SUBNET', 'PWD': '/home/ubuntu/rb3302_final_proj_code/robot_ws/build/robot_init', 'QT_QPA_PLATFORM': 'wayland', 'LC_ALL': 'en_US.UTF-8', 'SSH_CONNECTION': '10.42.0.1 50976 10.42.0.126 22', 'XDG_DATA_DIRS': '/usr/local/share:/usr/share:/var/lib/snapd/desktop', 'PYTHONPATH': '/home/ubuntu/rb3302_final_proj_code/robot_ws/install/yesense_interface/lib/python3.12/site-packages:/home/ubuntu/rb3302_final_proj_code/robot_ws/build/waverover_base:/home/ubuntu/rb3302_final_proj_code/robot_ws/install/waverover_base/lib/python3.12/site-packages:/opt/ros/jazzy/lib/python3.12/site-packages', 'COLCON': '1', 'CMAKE_PREFIX_PATH': '/home/ubuntu/rb3302_final_proj_code/robot_ws/install/yesense_std_ros2:/home/ubuntu/rb3302_final_proj_code/robot_ws/install/yesense_interface:/home/ubuntu/rb3302_final_proj_code/robot_ws/install/serial:/home/ubuntu/rb3302_final_proj_code/robot_ws/install/rplidar_ros:/home/ubuntu/rb3302_final_proj_code/robot_ws/install/robot_model:/opt/ros/jazzy/opt/gz_sim_vendor:/opt/ros/jazzy/opt/gz_sensors_vendor:/opt/ros/jazzy/opt/gz_physics_vendor:/opt/ros/jazzy/opt/sdformat_vendor:/opt/ros/jazzy/opt/gz_gui_vendor:/opt/ros/jazzy/opt/gz_transport_vendor:/opt/ros/jazzy/opt/gz_rendering_vendor:/opt/ros/jazzy/opt/gz_plugin_vendor:/opt/ros/jazzy/opt/gz_fuel_tools_vendor:/opt/ros/jazzy/opt/gz_msgs_vendor:/opt/ros/jazzy/opt/gz_common_vendor:/opt/ros/jazzy/opt/gz_math_vendor:/opt/ros/jazzy/opt/gz_utils_vendor:/opt/ros/jazzy/opt/gz_tools_vendor:/opt/ros/jazzy/opt/gz_ogre_next_vendor:/opt/ros/jazzy/opt/gz_dartsim_vendor:/opt/ros/jazzy/opt/gz_cmake_vendor:/opt/ros/jazzy'}), 'shell': False}
[83.809073] (-) TimerEvent: {}
[83.892375] (robot_init) CommandEnded: {'returncode': 0}
[83.897490] (robot_init) JobProgress: {'identifier': 'robot_init', 'progress': 'install'}
[83.899944] (robot_init) Command: {'cmd': ['/usr/bin/cmake', '--install', '/home/ubuntu/rb3302_final_proj_code/robot_ws/build/robot_init'], 'cwd': '/home/ubuntu/rb3302_final_proj_code/robot_ws/build/robot_init', 'env': OrderedDict({'USER': 'ubuntu', 'SSH_CLIENT': '10.42.0.1 50976 22', 'GZ_CONFIG_PATH': '/opt/ros/jazzy/opt/gz_sim_vendor/share/gz:/opt/ros/jazzy/opt/sdformat_vendor/share/gz:/opt/ros/jazzy/opt/gz_gui_vendor/share/gz:/opt/ros/jazzy/opt/gz_transport_vendor/share/gz:/opt/ros/jazzy/opt/gz_rendering_vendor/share/gz:/opt/ros/jazzy/opt/gz_plugin_vendor/share/gz:/opt/ros/jazzy/opt/gz_fuel_tools_vendor/share/gz:/opt/ros/jazzy/opt/gz_msgs_vendor/share/gz:/opt/ros/jazzy/opt/gz_common_vendor/share/gz', 'XDG_SESSION_TYPE': 'tty', 'SHLVL': '2', 'LD_LIBRARY_PATH': '/home/ubuntu/rb3302_final_proj_code/robot_ws/install/yesense_interface/lib:/home/ubuntu/rb3302_final_proj_code/robot_ws/install/serial/lib:/opt/ros/jazzy/opt/gz_sim_vendor/lib:/opt/ros/jazzy/opt/gz_sensors_vendor/lib:/opt/ros/jazzy/opt/gz_physics_vendor/lib:/opt/ros/jazzy/opt/sdformat_vendor/lib:/opt/ros/jazzy/opt/rviz_ogre_vendor/lib:/opt/ros/jazzy/lib/aarch64-linux-gnu:/opt/ros/jazzy/opt/gz_gui_vendor/lib:/opt/ros/jazzy/opt/gz_transport_vendor/lib:/opt/ros/jazzy/opt/gz_rendering_vendor/lib:/opt/ros/jazzy/opt/gz_plugin_vendor/lib:/opt/ros/jazzy/opt/gz_fuel_tools_vendor/lib:/opt/ros/jazzy/opt/gz_msgs_vendor/lib:/opt/ros/jazzy/opt/gz_common_vendor/lib:/opt/ros/jazzy/opt/gz_math_vendor/lib:/opt/ros/jazzy/opt/gz_utils_vendor/lib:/opt/ros/jazzy/opt/gz_tools_vendor/lib:/opt/ros/jazzy/opt/gz_ogre_next_vendor/lib:/opt/ros/jazzy/opt/gz_dartsim_vendor/lib:/opt/ros/jazzy/opt/gz_cmake_vendor/lib:/opt/ros/jazzy/lib', 'HOME': '/home/ubuntu', 'OLDPWD': '/home/ubuntu', 'SSH_TTY': '/dev/pts/0', 'ROS_PYTHON_VERSION': '3', 'DBUS_SESSION_BUS_ADDRESS': 'unix:path=/run/user/1000/bus', 'ROS_DISTRO': 'jazzy', 'LOGNAME': 'ubuntu', '_': '/usr/bin/colcon', 'ROS_VERSION': '2', 'XDG_SESSION_CLASS': 'user', 'TERM': 'xterm-256color', 'XDG_SESSION_ID': '1', 'PATH': '/opt/ros/jazzy/opt/gz_msgs_vendor/bin:/opt/ros/jazzy/opt/gz_tools_vendor/bin:/opt/ros/jazzy/opt/gz_ogre_next_vendor/bin:/opt/ros/jazzy/bin:/usr/local/sbin:/usr/local/bin:/usr/sbin:/usr/bin:/sbin:/bin:/usr/games:/usr/local/games:/snap/bin', 'VK_ICD_FILENAMES': '/usr/share/vulkan/icd.d/adrenovk.json', 'XDG_RUNTIME_DIR': '/run/user/1000', 'LANG': 'en_US.UTF-8', 'AMENT_PREFIX_PATH': '/home/ubuntu/rb3302_final_proj_code/robot_ws/install/yesense_std_ros2:/home/ubuntu/rb3302_final_proj_code/robot_ws/install/yesense_interface:/home/ubuntu/rb3302_final_proj_code/robot_ws/install/waverover_base:/home/ubuntu/rb3302_final_proj_code/robot_ws/install/serial:/home/ubuntu/rb3302_final_proj_code/robot_ws/install/rplidar_ros:/home/ubuntu/rb3302_final_proj_code/robot_ws/install/robot_model:/opt/ros/jazzy', 'SHELL': '/bin/bash', 'ROS_AUTOMATIC_DISCOVERY_RANGE': 'SUBNET', 'PWD': '/home/ubuntu/rb3302_final_proj_code/robot_ws/build/robot_init', 'QT_QPA_PLATFORM': 'wayland', 'LC_ALL': 'en_US.UTF-8', 'SSH_CONNECTION': '10.42.0.1 50976 10.42.0.126 22', 'XDG_DATA_DIRS': '/usr/local/share:/usr/share:/var/lib/snapd/desktop', 'PYTHONPATH': '/home/ubuntu/rb3302_final_proj_code/robot_ws/install/yesense_interface/lib/python3.12/site-packages:/home/ubuntu/rb3302_final_proj_code/robot_ws/build/waverover_base:/home/ubuntu/rb3302_final_proj_code/robot_ws/install/waverover_base/lib/python3.12/site-packages:/opt/ros/jazzy/lib/python3.12/site-packages', 'COLCON': '1', 'CMAKE_PREFIX_PATH': '/home/ubuntu/rb3302_final_proj_code/robot_ws/install/yesense_std_ros2:/home/ubuntu/rb3302_final_proj_code/robot_ws/install/yesense_interface:/home/ubuntu/rb3302_final_proj_code/robot_ws/install/serial:/home/ubuntu/rb3302_final_proj_code/robot_ws/install/rplidar_ros:/home/ubuntu/rb3302_final_proj_code/robot_ws/install/robot_model:/opt/ros/jazzy/opt/gz_sim_vendor:/opt/ros/jazzy/opt/gz_sensors_vendor:/opt/ros/jazzy/opt/gz_physics_vendor:/opt/ros/jazzy/opt/sdformat_vendor:/opt/ros/jazzy/opt/gz_gui_vendor:/opt/ros/jazzy/opt/gz_transport_vendor:/opt/ros/jazzy/opt/gz_rendering_vendor:/opt/ros/jazzy/opt/gz_plugin_vendor:/opt/ros/jazzy/opt/gz_fuel_tools_vendor:/opt/ros/jazzy/opt/gz_msgs_vendor:/opt/ros/jazzy/opt/gz_common_vendor:/opt/ros/jazzy/opt/gz_math_vendor:/opt/ros/jazzy/opt/gz_utils_vendor:/opt/ros/jazzy/opt/gz_tools_vendor:/opt/ros/jazzy/opt/gz_ogre_next_vendor:/opt/ros/jazzy/opt/gz_dartsim_vendor:/opt/ros/jazzy/opt/gz_cmake_vendor:/opt/ros/jazzy'}), 'shell': False}
[83.909675] (-) TimerEvent: {}
[83.916206] (robot_init) StdoutLine: {'line': b'-- Install configuration: ""\n'}
[83.917914] (robot_init) StdoutLine: {'line': b'-- Execute custom install script\n'}
[83.919119] (robot_init) StdoutLine: {'line': b'-- Symlinking: /home/ubuntu/rb3302_final_proj_code/robot_ws/install/robot_init/share/robot_init/launch/robot.launch.py\n'}
[83.935637] (robot_init) StdoutLine: {'line': b'-- Symlinking: /home/ubuntu/rb3302_final_proj_code/robot_ws/install/robot_init/share/ament_index/resource_index/package_run_dependencies/robot_init\n'}
[83.953767] (robot_init) StdoutLine: {'line': b'-- Symlinking: /home/ubuntu/rb3302_final_proj_code/robot_ws/install/robot_init/share/ament_index/resource_index/parent_prefix_path/robot_init\n'}
[83.991365] (robot_init) StdoutLine: {'line': b'-- Symlinking: /home/ubuntu/rb3302_final_proj_code/robot_ws/install/robot_init/share/robot_init/environment/ament_prefix_path.sh\n'}
[84.009875] (-) TimerEvent: {}
[84.010558] (robot_init) StdoutLine: {'line': b'-- Symlinking: /home/ubuntu/rb3302_final_proj_code/robot_ws/install/robot_init/share/robot_init/environment/ament_prefix_path.dsv\n'}
[84.029973] (robot_init) StdoutLine: {'line': b'-- Symlinking: /home/ubuntu/rb3302_final_proj_code/robot_ws/install/robot_init/share/robot_init/environment/path.sh\n'}
[84.050479] (robot_init) StdoutLine: {'line': b'-- Symlinking: /home/ubuntu/rb3302_final_proj_code/robot_ws/install/robot_init/share/robot_init/environment/path.dsv\n'}
[84.070590] (robot_init) StdoutLine: {'line': b'-- Symlinking: /home/ubuntu/rb3302_final_proj_code/robot_ws/install/robot_init/share/robot_init/local_setup.bash\n'}
[84.110204] (-) TimerEvent: {}
[84.111823] (robot_init) StdoutLine: {'line': b'-- Symlinking: /home/ubuntu/rb3302_final_proj_code/robot_ws/install/robot_init/share/robot_init/local_setup.sh\n'}
[84.133830] (robot_init) StdoutLine: {'line': b'-- Symlinking: /home/ubuntu/rb3302_final_proj_code/robot_ws/install/robot_init/share/robot_init/local_setup.zsh\n'}
[84.154440] (robot_init) StdoutLine: {'line': b'-- Symlinking: /home/ubuntu/rb3302_final_proj_code/robot_ws/install/robot_init/share/robot_init/local_setup.dsv\n'}
[84.176877] (robot_init) StdoutLine: {'line': b'-- Symlinking: /home/ubuntu/rb3302_final_proj_code/robot_ws/install/robot_init/share/robot_init/package.dsv\n'}
[84.199265] (robot_init) StdoutLine: {'line': b'-- Symlinking: /home/ubuntu/rb3302_final_proj_code/robot_ws/install/robot_init/share/ament_index/resource_index/packages/robot_init\n'}
[84.210594] (-) TimerEvent: {}
[84.222257] (robot_init) StdoutLine: {'line': b'-- Symlinking: /home/ubuntu/rb3302_final_proj_code/robot_ws/install/robot_init/share/robot_init/cmake/robot_initConfig.cmake\n'}
[84.244156] (robot_init) StdoutLine: {'line': b'-- Symlinking: /home/ubuntu/rb3302_final_proj_code/robot_ws/install/robot_init/share/robot_init/cmake/robot_initConfig-version.cmake\n'}
[84.284706] (robot_init) StdoutLine: {'line': b'-- Symlinking: /home/ubuntu/rb3302_final_proj_code/robot_ws/install/robot_init/share/robot_init/package.xml\n'}
[84.310991] (-) TimerEvent: {}
[84.320013] (robot_init) CommandEnded: {'returncode': 0}
[84.408717] (robot_init) JobEnded: {'identifier': 'robot_init', 'rc': 0}
[84.413056] (-) TimerEvent: {}
[84.413476] (-) EventReactorShutdown: {}
